experiment,method,combine,fold,train_size,test_size,queries,mean_average_precision,top_1_accuracy,top_k_hit_rate,precision_at_k,recall_at_k,mean_reciprocal_rank,base_model,epochs,max_triplets,seconds
"sbert_top1_mined_weighted:0.6,0.4",sbert,"weighted:0.6,0.4",fold_1,643,159,159,0.665000253828318,0.6163522012578616,0.8490566037735849,0.19119496855345913,0.785154572890422,0.7116848032208226,sentence-transformers/all-MiniLM-L6-v2,1,2000,155.08537379100017
"sbert_top1_mined_weighted:0.6,0.4_rerank_component0p02",sbert,"weighted:0.6,0.4+rerank_component0p02",fold_1,643,159,159,0.662124713614369,0.6163522012578616,0.8679245283018868,0.19559748427672957,0.8034177562479449,0.7097097681745899,sentence-transformers/all-MiniLM-L6-v2,1,2000,155.08537379100017
"sbert_top1_mined_weighted:0.6,0.4_rerank_component0p02_product0p01",sbert,"weighted:0.6,0.4+rerank_component0p02_product0p01",fold_1,643,159,159,0.6615685799619527,0.6226415094339622,0.8616352201257862,0.1949685534591195,0.7968260774864548,0.7135529546532983,sentence-transformers/all-MiniLM-L6-v2,1,2000,155.08537379100017
"sbert_top1_mined_weighted:0.6,0.4_rerank_component0p02_product0p01_severity0p005",sbert,"weighted:0.6,0.4+rerank_component0p02_product0p01_severity0p005",fold_1,643,159,159,0.6614318196987982,0.6226415094339622,0.8616352201257862,0.19433962264150945,0.7947296414277546,0.7139106848354565,sentence-transformers/all-MiniLM-L6-v2,1,2000,155.08537379100017
"sbert_top1_mined_weighted:0.6,0.4_rerank_component0p02_product0p01_severity0p005_priority0p005",sbert,"weighted:0.6,0.4+rerank_component0p02_product0p01_severity0p005_priority0p005",fold_1,643,159,159,0.6614318196987982,0.6226415094339622,0.8616352201257862,0.19433962264150945,0.7947296414277546,0.7139106848354565,sentence-transformers/all-MiniLM-L6-v2,1,2000,155.08537379100017
"sbert_top1_mined_weighted:0.6,0.4_rerank_component0p05_product0p02",sbert,"weighted:0.6,0.4+rerank_component0p05_product0p02",fold_1,643,159,159,0.6436535850204322,0.6037735849056604,0.8616352201257862,0.19559748427672957,0.7986201429597656,0.7006371035351212,sentence-transformers/all-MiniLM-L6-v2,1,2000,155.08537379100017
"sbert_top1_mined_weighted:0.6,0.4_rerank_component0p05_product0p02_severity0p01_priority0p01",sbert,"weighted:0.6,0.4+rerank_component0p05_product0p02_severity0p01_priority0p01",fold_1,643,159,159,0.6425894582079006,0.5974842767295597,0.8679245283018868,0.1962264150943396,0.8017647970478159,0.6981069607438466,sentence-transformers/all-MiniLM-L6-v2,1,2000,155.08537379100017
"sbert_top1_mined_weighted:0.6,0.4_stable_tfidf0p2_metadata0p05_agreement0p05",sbert,"weighted:0.6,0.4+stable_tfidf0p2_metadata0p05_agreement0p05",fold_1,643,159,159,0.6511876423714161,0.6415094339622641,0.8742138364779874,0.18867924528301888,0.7873613283990643,0.7254775438844397,sentence-transformers/all-MiniLM-L6-v2,1,2000,155.08537379100017
"sbert_top1_mined_weighted:0.6,0.4_stable_tfidf0p3_metadata0p08_agreement0p08",sbert,"weighted:0.6,0.4+stable_tfidf0p3_metadata0p08_agreement0p08",fold_1,643,159,159,0.6342973903177286,0.6289308176100629,0.8616352201257862,0.18364779874213835,0.7723690879351257,0.7163023106461401,sentence-transformers/all-MiniLM-L6-v2,1,2000,155.08537379100017
"sbert_top1_mined_weighted:0.6,0.4_stable_tfidf0p4_metadata0p06_agreement0p1",sbert,"weighted:0.6,0.4+stable_tfidf0p4_metadata0p06_agreement0p1",fold_1,643,159,159,0.6248231616939486,0.610062893081761,0.8616352201257862,0.17798742138364781,0.7553328223139544,0.7022499603810219,sentence-transformers/all-MiniLM-L6-v2,1,2000,155.08537379100017
"sbert_top1_mined_weighted:0.6,0.4_rerank_component0p02_stable_tfidf0p2_metadata0p05_agreement0p05",sbert,"weighted:0.6,0.4+rerank_component0p02+stable_tfidf0p2_metadata0p05_agreement0p05",fold_1,643,159,159,0.6539656730691251,0.6415094339622641,0.8742138364779874,0.18805031446540882,0.7857890013550392,0.7262320288217907,sentence-transformers/all-MiniLM-L6-v2,1,2000,155.08537379100017
"sbert_top1_mined_weighted:0.6,0.4_rerank_component0p02_stable_tfidf0p3_metadata0p08_agreement0p08",sbert,"weighted:0.6,0.4+rerank_component0p02+stable_tfidf0p3_metadata0p08_agreement0p08",fold_1,643,159,159,0.6405900694455444,0.6289308176100629,0.8616352201257862,0.18238993710691823,0.7671279977883751,0.7186487533984086,sentence-transformers/all-MiniLM-L6-v2,1,2000,155.08537379100017
"sbert_top1_mined_weighted:0.6,0.4_rerank_component0p02_stable_tfidf0p4_metadata0p06_agreement0p1",sbert,"weighted:0.6,0.4+rerank_component0p02+stable_tfidf0p4_metadata0p06_agreement0p1",fold_1,643,159,159,0.6269986614151206,0.610062893081761,0.8679245283018868,0.1792452830188679,0.7618915151934019,0.7039485171379631,sentence-transformers/all-MiniLM-L6-v2,1,2000,155.08537379100017
"sbert_top1_mined_weighted:0.6,0.4_rerank_component0p02_product0p01_stable_tfidf0p2_metadata0p05_agreement0p05",sbert,"weighted:0.6,0.4+rerank_component0p02_product0p01+stable_tfidf0p2_metadata0p05_agreement0p05",fold_1,643,159,159,0.6522072661476954,0.6415094339622641,0.8742138364779874,0.18867924528301888,0.7873613283990643,0.7257246358241234,sentence-transformers/all-MiniLM-L6-v2,1,2000,155.08537379100017
"sbert_top1_mined_weighted:0.6,0.4_rerank_component0p02_product0p01_stable_tfidf0p3_metadata0p08_agreement0p08",sbert,"weighted:0.6,0.4+rerank_component0p02_product0p01+stable_tfidf0p3_metadata0p08_agreement0p08",fold_1,643,159,159,0.6356503471232416,0.6163522012578616,0.8616352201257862,0.18238993710691823,0.7671279977883751,0.7121160225123508,sentence-transformers/all-MiniLM-L6-v2,1,2000,155.08537379100017
"sbert_top1_mined_weighted:0.6,0.4_rerank_component0p02_product0p01_stable_tfidf0p4_metadata0p06_agreement0p1",sbert,"weighted:0.6,0.4+rerank_component0p02_product0p01+stable_tfidf0p4_metadata0p06_agreement0p1",fold_1,643,159,159,0.6263096089989486,0.610062893081761,0.8616352201257862,0.17798742138364781,0.752457552929251,0.7041104023954906,sentence-transformers/all-MiniLM-L6-v2,1,2000,155.08537379100017
"sbert_top1_mined_weighted:0.6,0.4_rerank_component0p02_product0p01_severity0p005_stable_tfidf0p2_metadata0p05_agreement0p05",sbert,"weighted:0.6,0.4+rerank_component0p02_product0p01_severity0p005+stable_tfidf0p2_metadata0p05_agreement0p05",fold_1,643,159,159,0.6520937911464059,0.6415094339622641,0.8742138364779874,0.18867924528301888,0.7873613283990643,0.7258105614559057,sentence-transformers/all-MiniLM-L6-v2,1,2000,155.08537379100017
"sbert_top1_mined_weighted:0.6,0.4_rerank_component0p02_product0p01_severity0p005_stable_tfidf0p3_metadata0p08_agreement0p08",sbert,"weighted:0.6,0.4+rerank_component0p02_product0p01_severity0p005+stable_tfidf0p3_metadata0p08_agreement0p08",fold_1,643,159,159,0.6364987985468658,0.6226415094339622,0.8616352201257862,0.18238993710691823,0.7671279977883751,0.7149455100424126,sentence-transformers/all-MiniLM-L6-v2,1,2000,155.08537379100017
"sbert_top1_mined_weighted:0.6,0.4_rerank_component0p02_product0p01_severity0p005_stable_tfidf0p4_metadata0p06_agreement0p1",sbert,"weighted:0.6,0.4+rerank_component0p02_product0p01_severity0p005+stable_tfidf0p4_metadata0p06_agreement0p1",fold_1,643,159,159,0.6253448992022601,0.610062893081761,0.8616352201257862,0.17798742138364781,0.7528722325892138,0.703024890460528,sentence-transformers/all-MiniLM-L6-v2,1,2000,155.08537379100017
"sbert_top1_mined_weighted:0.6,0.4_rerank_component0p02_product0p01_severity0p005_priority0p005_stable_tfidf0p2_metadata0p05_agreement0p05",sbert,"weighted:0.6,0.4+rerank_component0p02_product0p01_severity0p005_priority0p005+stable_tfidf0p2_metadata0p05_agreement0p05",fold_1,643,159,159,0.652079079314415,0.6415094339622641,0.8742138364779874,0.18867924528301888,0.7873613283990643,0.7258105614559057,sentence-transformers/all-MiniLM-L6-v2,1,2000,155.08537379100017
"sbert_top1_mined_weighted:0.6,0.4_rerank_component0p02_product0p01_severity0p005_priority0p005_stable_tfidf0p3_metadata0p08_agreement0p08",sbert,"weighted:0.6,0.4+rerank_component0p02_product0p01_severity0p005_priority0p005+stable_tfidf0p3_metadata0p08_agreement0p08",fold_1,643,159,159,0.6364883163665722,0.6226415094339622,0.8616352201257862,0.18238993710691823,0.7671279977883751,0.7149455100424126,sentence-transformers/all-MiniLM-L6-v2,1,2000,155.08537379100017
"sbert_top1_mined_weighted:0.6,0.4_rerank_component0p02_product0p01_severity0p005_priority0p005_stable_tfidf0p4_metadata0p06_agreement0p1",sbert,"weighted:0.6,0.4+rerank_component0p02_product0p01_severity0p005_priority0p005+stable_tfidf0p4_metadata0p06_agreement0p1",fold_1,643,159,159,0.6253448992022601,0.610062893081761,0.8616352201257862,0.17798742138364781,0.7528722325892138,0.703024890460528,sentence-transformers/all-MiniLM-L6-v2,1,2000,155.08537379100017
"sbert_top1_mined_weighted:0.6,0.4_rerank_component0p05_product0p02_stable_tfidf0p2_metadata0p05_agreement0p05",sbert,"weighted:0.6,0.4+rerank_component0p05_product0p02+stable_tfidf0p2_metadata0p05_agreement0p05",fold_1,643,159,159,0.6462481775889795,0.6289308176100629,0.8805031446540881,0.18930817610062894,0.7920379934530878,0.7170976978926201,sentence-transformers/all-MiniLM-L6-v2,1,2000,155.08537379100017
"sbert_top1_mined_weighted:0.6,0.4_rerank_component0p05_product0p02_stable_tfidf0p3_metadata0p08_agreement0p08",sbert,"weighted:0.6,0.4+rerank_component0p05_product0p02+stable_tfidf0p3_metadata0p08_agreement0p08",fold_1,643,159,159,0.6322118822789692,0.6163522012578616,0.8553459119496856,0.18238993710691823,0.7620965512474946,0.7110554397186765,sentence-transformers/all-MiniLM-L6-v2,1,2000,155.08537379100017
"sbert_top1_mined_weighted:0.6,0.4_rerank_component0p05_product0p02_stable_tfidf0p4_metadata0p06_agreement0p1",sbert,"weighted:0.6,0.4+rerank_component0p05_product0p02+stable_tfidf0p4_metadata0p06_agreement0p1",fold_1,643,159,159,0.6246474315044571,0.610062893081761,0.8490566037735849,0.1761006289308176,0.7393071812883133,0.7029523248742796,sentence-transformers/all-MiniLM-L6-v2,1,2000,155.08537379100017
"sbert_top1_mined_weighted:0.6,0.4_rerank_component0p05_product0p02_severity0p01_priority0p01_stable_tfidf0p2_metadata0p05_agreement0p05",sbert,"weighted:0.6,0.4+rerank_component0p05_product0p02_severity0p01_priority0p01+stable_tfidf0p2_metadata0p05_agreement0p05",fold_1,643,159,159,0.6459183735507096,0.6289308176100629,0.8867924528301887,0.18993710691823898,0.7983273016291884,0.7164806837961394,sentence-transformers/all-MiniLM-L6-v2,1,2000,155.08537379100017
"sbert_top1_mined_weighted:0.6,0.4_rerank_component0p05_product0p02_severity0p01_priority0p01_stable_tfidf0p3_metadata0p08_agreement0p08",sbert,"weighted:0.6,0.4+rerank_component0p05_product0p02_severity0p01_priority0p01+stable_tfidf0p3_metadata0p08_agreement0p08",fold_1,643,159,159,0.6302070614977471,0.6163522012578616,0.8553459119496856,0.1817610062893082,0.7613103877254821,0.7096621568889779,sentence-transformers/all-MiniLM-L6-v2,1,2000,155.08537379100017
"sbert_top1_mined_weighted:0.6,0.4_rerank_component0p05_product0p02_severity0p01_priority0p01_stable_tfidf0p4_metadata0p06_agreement0p1",sbert,"weighted:0.6,0.4+rerank_component0p05_product0p02_severity0p01_priority0p01+stable_tfidf0p4_metadata0p06_agreement0p1",fold_1,643,159,159,0.6244312213460665,0.610062893081761,0.8490566037735849,0.1761006289308176,0.7393071812883133,0.7028989146818708,sentence-transformers/all-MiniLM-L6-v2,1,2000,155.08537379100017
sbert_top1_mined_mean,sbert,mean,fold_1,643,159,159,0.6584362464652976,0.6289308176100629,0.8616352201257862,0.1930817610062893,0.7969616861126295,0.7098540382132736,sentence-transformers/all-MiniLM-L6-v2,1,2000,155.08537379100017
sbert_top1_mined_mean_rerank_component0p02,sbert,mean+rerank_component0p02,fold_1,643,159,159,0.6614675352427641,0.6289308176100629,0.8742138364779874,0.1962264150943396,0.8062747001426247,0.7107710449846044,sentence-transformers/all-MiniLM-L6-v2,1,2000,155.08537379100017
sbert_top1_mined_mean_rerank_component0p02_product0p01,sbert,mean+rerank_component0p02_product0p01,fold_1,643,159,159,0.6598852108245948,0.6352201257861635,0.8679245283018868,0.19559748427672957,0.7999853919665241,0.7120485821389452,sentence-transformers/all-MiniLM-L6-v2,1,2000,155.08537379100017
sbert_top1_mined_mean_rerank_component0p02_product0p01_severity0p005,sbert,mean+rerank_component0p02_product0p01_severity0p005,fold_1,643,159,159,0.660059798493431,0.6352201257861635,0.8679245283018868,0.19559748427672957,0.7999853919665241,0.711960645786383,sentence-transformers/all-MiniLM-L6-v2,1,2000,155.08537379100017
sbert_top1_mined_mean_rerank_component0p02_product0p01_severity0p005_priority0p005,sbert,mean+rerank_component0p02_product0p01_severity0p005_priority0p005,fold_1,643,159,159,0.660059798493431,0.6352201257861635,0.8679245283018868,0.19559748427672957,0.7999853919665241,0.711960645786383,sentence-transformers/all-MiniLM-L6-v2,1,2000,155.08537379100017
sbert_top1_mined_mean_rerank_component0p05_product0p02,sbert,mean+rerank_component0p05_product0p02,fold_1,643,159,159,0.6517012529081295,0.6289308176100629,0.8616352201257862,0.19433962264150945,0.7962090844166315,0.710221149481024,sentence-transformers/all-MiniLM-L6-v2,1,2000,155.08537379100017
sbert_top1_mined_mean_rerank_component0p05_product0p02_severity0p01_priority0p01,sbert,mean+rerank_component0p05_product0p02_severity0p01_priority0p01,fold_1,643,159,159,0.6514581317889488,0.6289308176100629,0.8616352201257862,0.19433962264150945,0.7962090844166315,0.7105462076350629,sentence-transformers/all-MiniLM-L6-v2,1,2000,155.08537379100017
sbert_top1_mined_mean_stable_tfidf0p2_metadata0p05_agreement0p05,sbert,mean+stable_tfidf0p2_metadata0p05_agreement0p05,fold_1,643,159,159,0.6504329495902774,0.6352201257861635,0.8742138364779874,0.19056603773584907,0.797521556012122,0.7200987562462713,sentence-transformers/all-MiniLM-L6-v2,1,2000,155.08537379100017
sbert_top1_mined_mean_stable_tfidf0p3_metadata0p08_agreement0p08,sbert,mean+stable_tfidf0p3_metadata0p08_agreement0p08,fold_1,643,159,159,0.6390531228002306,0.6352201257861635,0.8679245283018868,0.1849056603773585,0.7769933420876817,0.7198333867313235,sentence-transformers/all-MiniLM-L6-v2,1,2000,155.08537379100017
sbert_top1_mined_mean_stable_tfidf0p4_metadata0p06_agreement0p1,sbert,mean+stable_tfidf0p4_metadata0p06_agreement0p1,fold_1,643,159,159,0.629826409592634,0.6226415094339622,0.8490566037735849,0.179874213836478,0.7537753127375769,0.7132250013790145,sentence-transformers/all-MiniLM-L6-v2,1,2000,155.08537379100017
sbert_top1_mined_mean_rerank_component0p02_stable_tfidf0p2_metadata0p05_agreement0p05,sbert,mean+rerank_component0p02+stable_tfidf0p2_metadata0p05_agreement0p05,fold_1,643,159,159,0.6484122554050471,0.6289308176100629,0.8742138364779874,0.18993710691823898,0.7934980114225397,0.7170185080202026,sentence-transformers/all-MiniLM-L6-v2,1,2000,155.08537379100017
sbert_top1_mined_mean_rerank_component0p02_stable_tfidf0p3_metadata0p08_agreement0p08,sbert,mean+rerank_component0p02+stable_tfidf0p3_metadata0p08_agreement0p08,fold_1,643,159,159,0.6358523470115784,0.6289308176100629,0.8679245283018868,0.1849056603773585,0.7756830695509941,0.7165292028294593,sentence-transformers/all-MiniLM-L6-v2,1,2000,155.08537379100017
sbert_top1_mined_mean_rerank_component0p02_stable_tfidf0p4_metadata0p06_agreement0p1,sbert,mean+rerank_component0p02+stable_tfidf0p4_metadata0p06_agreement0p1,fold_1,643,159,159,0.6310323808414772,0.6289308176100629,0.8490566037735849,0.18050314465408804,0.7550331743727969,0.7165390989650364,sentence-transformers/all-MiniLM-L6-v2,1,2000,155.08537379100017
sbert_top1_mined_mean_rerank_component0p02_product0p01_stable_tfidf0p2_metadata0p05_agreement0p05,sbert,mean+rerank_component0p02_product0p01+stable_tfidf0p2_metadata0p05_agreement0p05,fold_1,643,159,159,0.6437627383063075,0.6226415094339622,0.8742138364779874,0.18993710691823898,0.7934980114225397,0.714367589130741,sentence-transformers/all-MiniLM-L6-v2,1,2000,155.08537379100017
sbert_top1_mined_mean_rerank_component0p02_product0p01_stable_tfidf0p3_metadata0p08_agreement0p08,sbert,mean+rerank_component0p02_product0p01+stable_tfidf0p3_metadata0p08_agreement0p08,fold_1,643,159,159,0.6355485585977667,0.6289308176100629,0.8679245283018868,0.1849056603773585,0.7756830695509941,0.7161328145014931,sentence-transformers/all-MiniLM-L6-v2,1,2000,155.08537379100017
sbert_top1_mined_mean_rerank_component0p02_product0p01_stable_tfidf0p4_metadata0p06_agreement0p1,sbert,mean+rerank_component0p02_product0p01+stable_tfidf0p4_metadata0p06_agreement0p1,fold_1,643,159,159,0.6294046929417079,0.6226415094339622,0.8616352201257862,0.1817610062893082,0.7618062754855207,0.7131925924383898,sentence-transformers/all-MiniLM-L6-v2,1,2000,155.08537379100017
sbert_top1_mined_mean_rerank_component0p02_product0p01_severity0p005_stable_tfidf0p2_metadata0p05_agreement0p05,sbert,mean+rerank_component0p02_product0p01_severity0p005+stable_tfidf0p2_metadata0p05_agreement0p05,fold_1,643,159,159,0.6437891755546107,0.6226415094339622,0.8742138364779874,0.18930817610062894,0.7914015753638396,0.7131442841338512,sentence-transformers/all-MiniLM-L6-v2,1,2000,155.08537379100017
sbert_top1_mined_mean_rerank_component0p02_product0p01_severity0p005_stable_tfidf0p3_metadata0p08_agreement0p08,sbert,mean+rerank_component0p02_product0p01_severity0p005+stable_tfidf0p3_metadata0p08_agreement0p08,fold_1,643,159,159,0.6359400363972942,0.6289308176100629,0.8742138364779874,0.18553459119496854,0.7819723777270947,0.7165997946444445,sentence-transformers/all-MiniLM-L6-v2,1,2000,155.08537379100017
sbert_top1_mined_mean_rerank_component0p02_product0p01_severity0p005_stable_tfidf0p4_metadata0p06_agreement0p1,sbert,mean+rerank_component0p02_product0p01_severity0p005+stable_tfidf0p4_metadata0p06_agreement0p1,fold_1,643,159,159,0.6305573766844419,0.6289308176100629,0.8679245283018868,0.18238993710691823,0.7680955836616213,0.7164313074248367,sentence-transformers/all-MiniLM-L6-v2,1,2000,155.08537379100017
sbert_top1_mined_mean_rerank_component0p02_product0p01_severity0p005_priority0p005_stable_tfidf0p2_metadata0p05_agreement0p05,sbert,mean+rerank_component0p02_product0p01_severity0p005_priority0p005+stable_tfidf0p2_metadata0p05_agreement0p05,fold_1,643,159,159,0.6437891755546107,0.6226415094339622,0.8742138364779874,0.18930817610062894,0.7914015753638396,0.7131442841338512,sentence-transformers/all-MiniLM-L6-v2,1,2000,155.08537379100017
sbert_top1_mined_mean_rerank_component0p02_product0p01_severity0p005_priority0p005_stable_tfidf0p3_metadata0p08_agreement0p08,sbert,mean+rerank_component0p02_product0p01_severity0p005_priority0p005+stable_tfidf0p3_metadata0p08_agreement0p08,fold_1,643,159,159,0.6359400363972942,0.6289308176100629,0.8742138364779874,0.18553459119496854,0.7819723777270947,0.7165997946444445,sentence-transformers/all-MiniLM-L6-v2,1,2000,155.08537379100017
sbert_top1_mined_mean_rerank_component0p02_product0p01_severity0p005_priority0p005_stable_tfidf0p4_metadata0p06_agreement0p1,sbert,mean+rerank_component0p02_product0p01_severity0p005_priority0p005+stable_tfidf0p4_metadata0p06_agreement0p1,fold_1,643,159,159,0.6305451168244496,0.6289308176100629,0.8679245283018868,0.18238993710691823,0.7680955836616213,0.7164313074248367,sentence-transformers/all-MiniLM-L6-v2,1,2000,155.08537379100017
sbert_top1_mined_mean_rerank_component0p05_product0p02_stable_tfidf0p2_metadata0p05_agreement0p05,sbert,mean+rerank_component0p05_product0p02+stable_tfidf0p2_metadata0p05_agreement0p05,fold_1,643,159,159,0.6432524020967691,0.6226415094339622,0.8679245283018868,0.18867924528301888,0.7842736927642588,0.7130635146746355,sentence-transformers/all-MiniLM-L6-v2,1,2000,155.08537379100017
sbert_top1_mined_mean_rerank_component0p05_product0p02_stable_tfidf0p3_metadata0p08_agreement0p08,sbert,mean+rerank_component0p05_product0p02+stable_tfidf0p3_metadata0p08_agreement0p08,fold_1,643,159,159,0.6413016817962964,0.6352201257861635,0.8616352201257862,0.18301886792452832,0.7641526712281429,0.7213069388157328,sentence-transformers/all-MiniLM-L6-v2,1,2000,155.08537379100017
sbert_top1_mined_mean_rerank_component0p05_product0p02_stable_tfidf0p4_metadata0p06_agreement0p1,sbert,mean+rerank_component0p05_product0p02+stable_tfidf0p4_metadata0p06_agreement0p1,fold_1,643,159,159,0.625569022495262,0.6163522012578616,0.8490566037735849,0.18050314465408804,0.7550331743727969,0.7108281254681628,sentence-transformers/all-MiniLM-L6-v2,1,2000,155.08537379100017
sbert_top1_mined_mean_rerank_component0p05_product0p02_severity0p01_priority0p01_stable_tfidf0p2_metadata0p05_agreement0p05,sbert,mean+rerank_component0p05_product0p02_severity0p01_priority0p01+stable_tfidf0p2_metadata0p05_agreement0p05,fold_1,643,159,159,0.640693470234391,0.6163522012578616,0.8679245283018868,0.18867924528301888,0.7842736927642588,0.7102694010314653,sentence-transformers/all-MiniLM-L6-v2,1,2000,155.08537379100017
sbert_top1_mined_mean_rerank_component0p05_product0p02_severity0p01_priority0p01_stable_tfidf0p3_metadata0p08_agreement0p08,sbert,mean+rerank_component0p05_product0p02_severity0p01_priority0p01+stable_tfidf0p3_metadata0p08_agreement0p08,fold_1,643,159,159,0.6414260589430121,0.6352201257861635,0.8679245283018868,0.18364779874213835,0.7704419794042435,0.7215611121077379,sentence-transformers/all-MiniLM-L6-v2,1,2000,155.08537379100017
sbert_top1_mined_mean_rerank_component0p05_product0p02_severity0p01_priority0p01_stable_tfidf0p4_metadata0p06_agreement0p1,sbert,mean+rerank_component0p05_product0p02_severity0p01_priority0p01+stable_tfidf0p4_metadata0p06_agreement0p1,fold_1,643,159,159,0.6255480475382903,0.6163522012578616,0.8553459119496856,0.18113207547169813,0.7613224825488976,0.7111124047048711,sentence-transformers/all-MiniLM-L6-v2,1,2000,155.08537379100017
sbert_top1_mined_title75,sbert,title75,fold_1,643,159,159,0.649664874949225,0.6163522012578616,0.8616352201257862,0.1849056603773585,0.7768186739884853,0.697274722192587,sentence-transformers/all-MiniLM-L6-v2,1,2000,155.08537379100017
sbert_top1_mined_title75_rerank_component0p02,sbert,title75+rerank_component0p02,fold_1,643,159,159,0.6459684204595532,0.610062893081761,0.8742138364779874,0.18993710691823898,0.7928356758545437,0.6951065021021385,sentence-transformers/all-MiniLM-L6-v2,1,2000,155.08537379100017
sbert_top1_mined_title75_rerank_component0p02_product0p01,sbert,title75+rerank_component0p02_product0p01,fold_1,643,159,159,0.6430587715078657,0.610062893081761,0.8553459119496856,0.18805031446540882,0.7739677513262418,0.6945746883689655,sentence-transformers/all-MiniLM-L6-v2,1,2000,155.08537379100017
sbert_top1_mined_title75_rerank_component0p02_product0p01_severity0p005,sbert,title75+rerank_component0p02_product0p01_severity0p005,fold_1,643,159,159,0.642473277798414,0.610062893081761,0.8553459119496856,0.18742138364779876,0.7730692787296561,0.6944274444750074,sentence-transformers/all-MiniLM-L6-v2,1,2000,155.08537379100017
sbert_top1_mined_title75_rerank_component0p02_product0p01_severity0p005_priority0p005,sbert,title75+rerank_component0p02_product0p01_severity0p005_priority0p005,fold_1,643,159,159,0.642473277798414,0.610062893081761,0.8553459119496856,0.18742138364779876,0.7730692787296561,0.6944274444750074,sentence-transformers/all-MiniLM-L6-v2,1,2000,155.08537379100017
sbert_top1_mined_title75_rerank_component0p05_product0p02,sbert,title75+rerank_component0p05_product0p02,fold_1,643,159,159,0.6385350849376578,0.610062893081761,0.8553459119496856,0.19056603773584907,0.7771843984108135,0.6913904166229592,sentence-transformers/all-MiniLM-L6-v2,1,2000,155.08537379100017
sbert_top1_mined_title75_rerank_component0p05_product0p02_severity0p01_priority0p01,sbert,title75+rerank_component0p05_product0p02_severity0p01_priority0p01,fold_1,643,159,159,0.6335100798490617,0.6037735849056604,0.8553459119496856,0.18930817610062894,0.7754997622922151,0.6881616594509594,sentence-transformers/all-MiniLM-L6-v2,1,2000,155.08537379100017
sbert_top1_mined_title75_stable_tfidf0p2_metadata0p05_agreement0p05,sbert,title75+stable_tfidf0p2_metadata0p05_agreement0p05,fold_1,643,159,159,0.6398350877077073,0.6037735849056604,0.8867924528301887,0.18993710691823898,0.7964641228792172,0.7045002650707697,sentence-transformers/all-MiniLM-L6-v2,1,2000,155.08537379100017
sbert_top1_mined_title75_stable_tfidf0p3_metadata0p08_agreement0p08,sbert,title75+stable_tfidf0p3_metadata0p08_agreement0p08,fold_1,643,159,159,0.6137225129978562,0.5849056603773585,0.8742138364779874,0.18238993710691823,0.7748922984772042,0.6866971645219981,sentence-transformers/all-MiniLM-L6-v2,1,2000,155.08537379100017
sbert_top1_mined_title75_stable_tfidf0p4_metadata0p06_agreement0p1,sbert,title75+stable_tfidf0p4_metadata0p06_agreement0p1,fold_1,643,159,159,0.598510697622544,0.5849056603773585,0.8427672955974843,0.17547169811320756,0.7450080318004847,0.6798918689331599,sentence-transformers/all-MiniLM-L6-v2,1,2000,155.08537379100017
sbert_top1_mined_title75_rerank_component0p02_stable_tfidf0p2_metadata0p05_agreement0p05,sbert,title75+rerank_component0p02+stable_tfidf0p2_metadata0p05_agreement0p05,fold_1,643,159,159,0.6372916828212963,0.5974842767295597,0.8930817610062893,0.1918238993710692,0.8053336600506412,0.7009985786790277,sentence-transformers/all-MiniLM-L6-v2,1,2000,155.08537379100017
sbert_top1_mined_title75_rerank_component0p02_stable_tfidf0p3_metadata0p08_agreement0p08,sbert,title75+rerank_component0p02+stable_tfidf0p3_metadata0p08_agreement0p08,fold_1,643,159,159,0.6174163984715018,0.5911949685534591,0.8805031446540881,0.18301886792452832,0.7811816066533048,0.6917882126334037,sentence-transformers/all-MiniLM-L6-v2,1,2000,155.08537379100017
sbert_top1_mined_title75_rerank_component0p02_stable_tfidf0p4_metadata0p06_agreement0p1,sbert,title75+rerank_component0p02+stable_tfidf0p4_metadata0p06_agreement0p1,fold_1,643,159,159,0.6004367621395148,0.5849056603773585,0.8364779874213837,0.1761006289308176,0.7407748436050323,0.6813139429547816,sentence-transformers/all-MiniLM-L6-v2,1,2000,155.08537379100017
sbert_top1_mined_title75_rerank_component0p02_product0p01_stable_tfidf0p2_metadata0p05_agreement0p05,sbert,title75+rerank_component0p02_product0p01+stable_tfidf0p2_metadata0p05_agreement0p05,fold_1,643,159,159,0.6349084065628554,0.5974842767295597,0.8930817610062893,0.19119496855345913,0.803237223991941,0.6988014161248118,sentence-transformers/all-MiniLM-L6-v2,1,2000,155.08537379100017
sbert_top1_mined_title75_rerank_component0p02_product0p01_stable_tfidf0p3_metadata0p08_agreement0p08,sbert,title75+rerank_component0p02_product0p01+stable_tfidf0p3_metadata0p08_agreement0p08,fold_1,643,159,159,0.6160884586754805,0.5911949685534591,0.8805031446540881,0.18301886792452832,0.7811816066533048,0.6916868650254249,sentence-transformers/all-MiniLM-L6-v2,1,2000,155.08537379100017
sbert_top1_mined_title75_rerank_component0p02_product0p01_stable_tfidf0p4_metadata0p06_agreement0p1,sbert,title75+rerank_component0p02_product0p01+stable_tfidf0p4_metadata0p06_agreement0p1,fold_1,643,159,159,0.5989306830171263,0.5849056603773585,0.8364779874213837,0.1767295597484277,0.7420327052402523,0.6808512287798796,sentence-transformers/all-MiniLM-L6-v2,1,2000,155.08537379100017
sbert_top1_mined_title75_rerank_component0p02_product0p01_severity0p005_stable_tfidf0p2_metadata0p05_agreement0p05,sbert,title75+rerank_component0p02_product0p01_severity0p005+stable_tfidf0p2_metadata0p05_agreement0p05,fold_1,643,159,159,0.6351524368571704,0.5974842767295597,0.8930817610062893,0.19119496855345913,0.803237223991941,0.6990132270987877,sentence-transformers/all-MiniLM-L6-v2,1,2000,155.08537379100017
sbert_top1_mined_title75_rerank_component0p02_product0p01_severity0p005_stable_tfidf0p3_metadata0p08_agreement0p08,sbert,title75+rerank_component0p02_product0p01_severity0p005+stable_tfidf0p3_metadata0p08_agreement0p08,fold_1,643,159,159,0.6189228936330369,0.5974842767295597,0.8805031446540881,0.18301886792452832,0.7811816066533048,0.6946624169819416,sentence-transformers/all-MiniLM-L6-v2,1,2000,155.08537379100017
sbert_top1_mined_title75_rerank_component0p02_product0p01_severity0p005_stable_tfidf0p4_metadata0p06_agreement0p1,sbert,title75+rerank_component0p02_product0p01_severity0p005+stable_tfidf0p4_metadata0p06_agreement0p1,fold_1,643,159,159,0.5990888191627011,0.5849056603773585,0.8364779874213837,0.1767295597484277,0.7420327052402523,0.6808155855067537,sentence-transformers/all-MiniLM-L6-v2,1,2000,155.08537379100017
sbert_top1_mined_title75_rerank_component0p02_product0p01_severity0p005_priority0p005_stable_tfidf0p2_metadata0p05_agreement0p05,sbert,title75+rerank_component0p02_product0p01_severity0p005_priority0p005+stable_tfidf0p2_metadata0p05_agreement0p05,fold_1,643,159,159,0.6351524368571704,0.5974842767295597,0.8930817610062893,0.19119496855345913,0.803237223991941,0.6990132270987877,sentence-transformers/all-MiniLM-L6-v2,1,2000,155.08537379100017
sbert_top1_mined_title75_rerank_component0p02_product0p01_severity0p005_priority0p005_stable_tfidf0p3_metadata0p08_agreement0p08,sbert,title75+rerank_component0p02_product0p01_severity0p005_priority0p005+stable_tfidf0p3_metadata0p08_agreement0p08,fold_1,643,159,159,0.6189124114527433,0.5974842767295597,0.8805031446540881,0.18301886792452832,0.7811816066533048,0.6946624169819416,sentence-transformers/all-MiniLM-L6-v2,1,2000,155.08537379100017
sbert_top1_mined_title75_rerank_component0p02_product0p01_severity0p005_priority0p005_stable_tfidf0p4_metadata0p06_agreement0p1,sbert,title75+rerank_component0p02_product0p01_severity0p005_priority0p005+stable_tfidf0p4_metadata0p06_agreement0p1,fold_1,643,159,159,0.5990888191627011,0.5849056603773585,0.8364779874213837,0.1767295597484277,0.7420327052402523,0.6808155855067537,sentence-transformers/all-MiniLM-L6-v2,1,2000,155.08537379100017
sbert_top1_mined_title75_rerank_component0p05_product0p02_stable_tfidf0p2_metadata0p05_agreement0p05,sbert,title75+rerank_component0p05_product0p02+stable_tfidf0p2_metadata0p05_agreement0p05,fold_1,643,159,159,0.6287748047244667,0.5911949685534591,0.8867924528301887,0.19245283018867926,0.8053336600506412,0.6926362622725847,sentence-transformers/all-MiniLM-L6-v2,1,2000,155.08537379100017
sbert_top1_mined_title75_rerank_component0p05_product0p02_stable_tfidf0p3_metadata0p08_agreement0p08,sbert,title75+rerank_component0p05_product0p02+stable_tfidf0p3_metadata0p08_agreement0p08,fold_1,643,159,159,0.6133083512971006,0.5911949685534591,0.8742138364779874,0.18238993710691823,0.7748922984772042,0.6909026472414562,sentence-transformers/all-MiniLM-L6-v2,1,2000,155.08537379100017
sbert_top1_mined_title75_rerank_component0p05_product0p02_stable_tfidf0p4_metadata0p06_agreement0p1,sbert,title75+rerank_component0p05_product0p02+stable_tfidf0p4_metadata0p06_agreement0p1,fold_1,643,159,159,0.5975204389324958,0.5786163522012578,0.8427672955974843,0.1767295597484277,0.7467496863723279,0.6772506742224937,sentence-transformers/all-MiniLM-L6-v2,1,2000,155.08537379100017
sbert_top1_mined_title75_rerank_component0p05_product0p02_severity0p01_priority0p01_stable_tfidf0p2_metadata0p05_agreement0p05,sbert,title75+rerank_component0p05_product0p02_severity0p01_priority0p01+stable_tfidf0p2_metadata0p05_agreement0p05,fold_1,643,159,159,0.6286598220231664,0.5911949685534591,0.8867924528301887,0.19245283018867926,0.8053336600506412,0.6921534206638313,sentence-transformers/all-MiniLM-L6-v2,1,2000,155.08537379100017
sbert_top1_mined_title75_rerank_component0p05_product0p02_severity0p01_priority0p01_stable_tfidf0p3_metadata0p08_agreement0p08,sbert,title75+rerank_component0p05_product0p02_severity0p01_priority0p01+stable_tfidf0p3_metadata0p08_agreement0p08,fold_1,643,159,159,0.6148325191565935,0.5974842767295597,0.8679245283018868,0.1817610062893082,0.7686029903011036,0.6919492215043194,sentence-transformers/all-MiniLM-L6-v2,1,2000,155.08537379100017
sbert_top1_mined_title75_rerank_component0p05_product0p02_severity0p01_priority0p01_stable_tfidf0p4_metadata0p06_agreement0p1,sbert,title75+rerank_component0p05_product0p02_severity0p01_priority0p01+stable_tfidf0p4_metadata0p06_agreement0p1,fold_1,643,159,159,0.5965519378495072,0.5786163522012578,0.8364779874213837,0.1761006289308176,0.7404603781962272,0.6759525956642036,sentence-transformers/all-MiniLM-L6-v2,1,2000,155.08537379100017
sbert_top1_mined_content75,sbert,content75,fold_1,643,159,159,0.620654052292571,0.610062893081761,0.8238993710691824,0.1849056603773585,0.7486480500631445,0.6793730572184851,sentence-transformers/all-MiniLM-L6-v2,1,2000,155.08537379100017
sbert_top1_mined_content75_rerank_component0p02,sbert,content75+rerank_component0p02,fold_1,643,159,159,0.6223137031237126,0.5974842767295597,0.8113207547169812,0.18364779874213835,0.7400002513210061,0.6759044170581574,sentence-transformers/all-MiniLM-L6-v2,1,2000,155.08537379100017
sbert_top1_mined_content75_rerank_component0p02_product0p01,sbert,content75+rerank_component0p02_product0p01,fold_1,643,159,159,0.620706567201578,0.6037735849056604,0.8050314465408805,0.18301886792452832,0.7324006706082178,0.678424825248067,sentence-transformers/all-MiniLM-L6-v2,1,2000,155.08537379100017
sbert_top1_mined_content75_rerank_component0p02_product0p01_severity0p005,sbert,content75+rerank_component0p02_product0p01_severity0p005,fold_1,643,159,159,0.6208626232371266,0.6037735849056604,0.8113207547169812,0.1849056603773585,0.7416848874396045,0.6786421791378637,sentence-transformers/all-MiniLM-L6-v2,1,2000,155.08537379100017
sbert_top1_mined_content75_rerank_component0p02_product0p01_severity0p005_priority0p005,sbert,content75+rerank_component0p02_product0p01_severity0p005_priority0p005,fold_1,643,159,159,0.6218689125453026,0.6037735849056604,0.8113207547169812,0.1849056603773585,0.7416848874396045,0.6796903971672138,sentence-transformers/all-MiniLM-L6-v2,1,2000,155.08537379100017
sbert_top1_mined_content75_rerank_component0p05_product0p02,sbert,content75+rerank_component0p05_product0p02,fold_1,643,159,159,0.6158323948206056,0.5911949685534591,0.8113207547169812,0.18553459119496854,0.73657280874262,0.6745954164891511,sentence-transformers/all-MiniLM-L6-v2,1,2000,155.08537379100017
sbert_top1_mined_content75_rerank_component0p05_product0p02_severity0p01_priority0p01,sbert,content75+rerank_component0p05_product0p02_severity0p01_priority0p01,fold_1,643,159,159,0.6149971061720775,0.5911949685534591,0.8113207547169812,0.18616352201257863,0.7386692448013202,0.6737115596186896,sentence-transformers/all-MiniLM-L6-v2,1,2000,155.08537379100017
sbert_top1_mined_content75_stable_tfidf0p2_metadata0p05_agreement0p05,sbert,content75+stable_tfidf0p2_metadata0p05_agreement0p05,fold_1,643,159,159,0.6493370558104532,0.6352201257861635,0.8364779874213837,0.18930817610062894,0.762578145125315,0.7138614687226298,sentence-transformers/all-MiniLM-L6-v2,1,2000,155.08537379100017
sbert_top1_mined_content75_stable_tfidf0p3_metadata0p08_agreement0p08,sbert,content75+stable_tfidf0p3_metadata0p08_agreement0p08,fold_1,643,159,159,0.6288252602400439,0.610062893081761,0.8427672955974843,0.18427672955974844,0.7525368761217818,0.697077800662967,sentence-transformers/all-MiniLM-L6-v2,1,2000,155.08537379100017
sbert_top1_mined_content75_stable_tfidf0p4_metadata0p06_agreement0p1,sbert,content75+stable_tfidf0p4_metadata0p06_agreement0p1,fold_1,643,159,159,0.6177533030775122,0.6226415094339622,0.8364779874213837,0.18113207547169813,0.7428857829801225,0.7002363478911439,sentence-transformers/all-MiniLM-L6-v2,1,2000,155.08537379100017
sbert_top1_mined_content75_rerank_component0p02_stable_tfidf0p2_metadata0p05_agreement0p05,sbert,content75+rerank_component0p02+stable_tfidf0p2_metadata0p05_agreement0p05,fold_1,643,159,159,0.6492705208756402,0.6352201257861635,0.8364779874213837,0.18930817610062894,0.7609655020032379,0.7119891316506,sentence-transformers/all-MiniLM-L6-v2,1,2000,155.08537379100017
sbert_top1_mined_content75_rerank_component0p02_stable_tfidf0p3_metadata0p08_agreement0p08,sbert,content75+rerank_component0p02+stable_tfidf0p3_metadata0p08_agreement0p08,fold_1,643,159,159,0.625434600261922,0.610062893081761,0.8427672955974843,0.1849056603773585,0.754633312180482,0.695397042532293,sentence-transformers/all-MiniLM-L6-v2,1,2000,155.08537379100017
sbert_top1_mined_content75_rerank_component0p02_stable_tfidf0p4_metadata0p06_agreement0p1,sbert,content75+rerank_component0p02+stable_tfidf0p4_metadata0p06_agreement0p1,fold_1,643,159,159,0.6178285494843551,0.6226415094339622,0.8364779874213837,0.18113207547169813,0.7412731398580455,0.6995768378647355,sentence-transformers/all-MiniLM-L6-v2,1,2000,155.08537379100017
sbert_top1_mined_content75_rerank_component0p02_product0p01_stable_tfidf0p2_metadata0p05_agreement0p05,sbert,content75+rerank_component0p02_product0p01+stable_tfidf0p2_metadata0p05_agreement0p05,fold_1,643,159,159,0.6506982017615917,0.6477987421383647,0.8364779874213837,0.18679245283018867,0.7536803866992546,0.7165497593426764,sentence-transformers/all-MiniLM-L6-v2,1,2000,155.08537379100017
sbert_top1_mined_content75_rerank_component0p02_product0p01_stable_tfidf0p3_metadata0p08_agreement0p08,sbert,content75+rerank_component0p02_product0p01+stable_tfidf0p3_metadata0p08_agreement0p08,fold_1,643,159,159,0.6269287262888497,0.6163522012578616,0.8364779874213837,0.18364779874213835,0.7462475679456811,0.6982073376403088,sentence-transformers/all-MiniLM-L6-v2,1,2000,155.08537379100017
sbert_top1_mined_content75_rerank_component0p02_product0p01_stable_tfidf0p4_metadata0p06_agreement0p1,sbert,content75+rerank_component0p02_product0p01+stable_tfidf0p4_metadata0p06_agreement0p1,fold_1,643,159,159,0.6167816528614487,0.6163522012578616,0.8364779874213837,0.18113207547169813,0.7412731398580455,0.6961938643981226,sentence-transformers/all-MiniLM-L6-v2,1,2000,155.08537379100017
sbert_top1_mined_content75_rerank_component0p02_product0p01_severity0p005_stable_tfidf0p2_metadata0p05_agreement0p05,sbert,content75+rerank_component0p02_product0p01_severity0p005+stable_tfidf0p2_metadata0p05_agreement0p05,fold_1,643,159,159,0.6499799452717488,0.6477987421383647,0.8364779874213837,0.18616352201257863,0.7505357326112043,0.7164124308815557,sentence-transformers/all-MiniLM-L6-v2,1,2000,155.08537379100017
sbert_top1_mined_content75_rerank_component0p02_product0p01_severity0p005_stable_tfidf0p3_metadata0p08_agreement0p08,sbert,content75+rerank_component0p02_product0p01_severity0p005+stable_tfidf0p3_metadata0p08_agreement0p08,fold_1,643,159,159,0.6253703167113269,0.6163522012578616,0.8364779874213837,0.18301886792452832,0.7441511318869809,0.6960700815776569,sentence-transformers/all-MiniLM-L6-v2,1,2000,155.08537379100017
sbert_top1_mined_content75_rerank_component0p02_product0p01_severity0p005_stable_tfidf0p4_metadata0p06_agreement0p1,sbert,content75+rerank_component0p02_product0p01_severity0p005+stable_tfidf0p4_metadata0p06_agreement0p1,fold_1,643,159,159,0.6167351298117891,0.6163522012578616,0.8364779874213837,0.18113207547169813,0.7412731398580455,0.6953331050015551,sentence-transformers/all-MiniLM-L6-v2,1,2000,155.08537379100017
sbert_top1_mined_content75_rerank_component0p02_product0p01_severity0p005_priority0p005_stable_tfidf0p2_metadata0p05_agreement0p05,sbert,content75+rerank_component0p02_product0p01_severity0p005_priority0p005+stable_tfidf0p2_metadata0p05_agreement0p05,fold_1,643,159,159,0.6499799452717488,0.6477987421383647,0.8364779874213837,0.18616352201257863,0.7505357326112043,0.7164124308815557,sentence-transformers/all-MiniLM-L6-v2,1,2000,155.08537379100017
sbert_top1_mined_content75_rerank_component0p02_product0p01_severity0p005_priority0p005_stable_tfidf0p3_metadata0p08_agreement0p08,sbert,content75+rerank_component0p02_product0p01_severity0p005_priority0p005+stable_tfidf0p3_metadata0p08_agreement0p08,fold_1,643,159,159,0.6253703167113269,0.6163522012578616,0.8364779874213837,0.18301886792452832,0.7441511318869809,0.6960700815776569,sentence-transformers/all-MiniLM-L6-v2,1,2000,155.08537379100017
sbert_top1_mined_content75_rerank_component0p02_product0p01_severity0p005_priority0p005_stable_tfidf0p4_metadata0p06_agreement0p1,sbert,content75+rerank_component0p02_product0p01_severity0p005_priority0p005+stable_tfidf0p4_metadata0p06_agreement0p1,fold_1,643,159,159,0.6167351298117891,0.6163522012578616,0.8364779874213837,0.18113207547169813,0.7412731398580455,0.6953331050015551,sentence-transformers/all-MiniLM-L6-v2,1,2000,155.08537379100017
sbert_top1_mined_content75_rerank_component0p05_product0p02_stable_tfidf0p2_metadata0p05_agreement0p05,sbert,content75+rerank_component0p05_product0p02+stable_tfidf0p2_metadata0p05_agreement0p05,fold_1,643,159,159,0.6377174052547311,0.6226415094339622,0.8238993710691824,0.18427672955974844,0.7400535523177033,0.7030688801116702,sentence-transformers/all-MiniLM-L6-v2,1,2000,155.08537379100017
sbert_top1_mined_content75_rerank_component0p05_product0p02_stable_tfidf0p3_metadata0p08_agreement0p08,sbert,content75+rerank_component0p05_product0p02+stable_tfidf0p3_metadata0p08_agreement0p08,fold_1,643,159,159,0.6143093763642218,0.5974842767295597,0.8238993710691824,0.1817610062893082,0.7363015914902707,0.6824829631840684,sentence-transformers/all-MiniLM-L6-v2,1,2000,155.08537379100017
sbert_top1_mined_content75_rerank_component0p05_product0p02_stable_tfidf0p4_metadata0p06_agreement0p1,sbert,content75+rerank_component0p05_product0p02+stable_tfidf0p4_metadata0p06_agreement0p1,fold_1,643,159,159,0.6134729027660742,0.6163522012578616,0.8364779874213837,0.18113207547169813,0.7412731398580455,0.692727508743812,sentence-transformers/all-MiniLM-L6-v2,1,2000,155.08537379100017
sbert_top1_mined_content75_rerank_component0p05_product0p02_severity0p01_priority0p01_stable_tfidf0p2_metadata0p05_agreement0p05,sbert,content75+rerank_component0p05_product0p02_severity0p01_priority0p01+stable_tfidf0p2_metadata0p05_agreement0p05,fold_1,643,159,159,0.6365945293374604,0.6163522012578616,0.8238993710691824,0.18427672955974844,0.7400535523177033,0.7000537712664021,sentence-transformers/all-MiniLM-L6-v2,1,2000,155.08537379100017
sbert_top1_mined_content75_rerank_component0p05_product0p02_severity0p01_priority0p01_stable_tfidf0p3_metadata0p08_agreement0p08,sbert,content75+rerank_component0p05_product0p02_severity0p01_priority0p01+stable_tfidf0p3_metadata0p08_agreement0p08,fold_1,643,159,159,0.6138098049417512,0.5974842767295597,0.8238993710691824,0.1817610062893082,0.7363015914902707,0.6824768408076242,sentence-transformers/all-MiniLM-L6-v2,1,2000,155.08537379100017
sbert_top1_mined_content75_rerank_component0p05_product0p02_severity0p01_priority0p01_stable_tfidf0p4_metadata0p06_agreement0p1,sbert,content75+rerank_component0p05_product0p02_severity0p01_priority0p01+stable_tfidf0p4_metadata0p06_agreement0p1,fold_1,643,159,159,0.6135871506923859,0.6163522012578616,0.8301886792452831,0.18050314465408804,0.7391767037993453,0.6927290814415467,sentence-transformers/all-MiniLM-L6-v2,1,2000,155.08537379100017
"sbert_top1_mined_weighted:0.6,0.4",sbert,"weighted:0.6,0.4",fold_2,642,160,160,0.6392333986857934,0.575,0.8625,0.184375,0.7901603084415585,0.6781334240340321,sentence-transformers/all-MiniLM-L6-v2,1,2000,169.94398224999895
"sbert_top1_mined_weighted:0.6,0.4_rerank_component0p02",sbert,"weighted:0.6,0.4+rerank_component0p02",fold_2,642,160,160,0.6457284172704784,0.5875,0.875,0.186875,0.8046915584415585,0.6867501658701395,sentence-transformers/all-MiniLM-L6-v2,1,2000,169.94398224999895
"sbert_top1_mined_weighted:0.6,0.4_rerank_component0p02_product0p01",sbert,"weighted:0.6,0.4+rerank_component0p02_product0p01",fold_2,642,160,160,0.640269792730534,0.58125,0.875,0.186875,0.8046915584415585,0.6822723870765819,sentence-transformers/all-MiniLM-L6-v2,1,2000,169.94398224999895
"sbert_top1_mined_weighted:0.6,0.4_rerank_component0p02_product0p01_severity0p005",sbert,"weighted:0.6,0.4+rerank_component0p02_product0p01_severity0p005",fold_2,642,160,160,0.6447664020007877,0.5875,0.875,0.1875,0.8051379870129869,0.6883326995215586,sentence-transformers/all-MiniLM-L6-v2,1,2000,169.94398224999895
"sbert_top1_mined_weighted:0.6,0.4_rerank_component0p02_product0p01_severity0p005_priority0p005",sbert,"weighted:0.6,0.4+rerank_component0p02_product0p01_severity0p005_priority0p005",fold_2,642,160,160,0.6447664020007877,0.5875,0.875,0.1875,0.8051379870129869,0.6883326995215586,sentence-transformers/all-MiniLM-L6-v2,1,2000,169.94398224999895
"sbert_top1_mined_weighted:0.6,0.4_rerank_component0p05_product0p02",sbert,"weighted:0.6,0.4+rerank_component0p05_product0p02",fold_2,642,160,160,0.6511901839304015,0.6125,0.85,0.185,0.7887838203463203,0.6971222350919872,sentence-transformers/all-MiniLM-L6-v2,1,2000,169.94398224999895
"sbert_top1_mined_weighted:0.6,0.4_rerank_component0p05_product0p02_severity0p01_priority0p01",sbert,"weighted:0.6,0.4+rerank_component0p05_product0p02_severity0p01_priority0p01",fold_2,642,160,160,0.6441835591766356,0.6,0.8625,0.18625,0.796075487012987,0.6918464397667432,sentence-transformers/all-MiniLM-L6-v2,1,2000,169.94398224999895
"sbert_top1_mined_weighted:0.6,0.4_stable_tfidf0p2_metadata0p05_agreement0p05",sbert,"weighted:0.6,0.4+stable_tfidf0p2_metadata0p05_agreement0p05",fold_2,642,160,160,0.6813492256741982,0.6625,0.9,0.18875,0.8281662608225109,0.7366278907958257,sentence-transformers/all-MiniLM-L6-v2,1,2000,169.94398224999895
"sbert_top1_mined_weighted:0.6,0.4_stable_tfidf0p3_metadata0p08_agreement0p08",sbert,"weighted:0.6,0.4+stable_tfidf0p3_metadata0p08_agreement0p08",fold_2,642,160,160,0.6643245746667785,0.65625,0.9,0.18937500000000002,0.8296070075757577,0.7299647675097213,sentence-transformers/all-MiniLM-L6-v2,1,2000,169.94398224999895
"sbert_top1_mined_weighted:0.6,0.4_stable_tfidf0p4_metadata0p06_agreement0p1",sbert,"weighted:0.6,0.4+stable_tfidf0p4_metadata0p06_agreement0p1",fold_2,642,160,160,0.6582048947256993,0.65625,0.89375,0.1825,0.8098944805194804,0.7298648720945375,sentence-transformers/all-MiniLM-L6-v2,1,2000,169.94398224999895
"sbert_top1_mined_weighted:0.6,0.4_rerank_component0p02_stable_tfidf0p2_metadata0p05_agreement0p05",sbert,"weighted:0.6,0.4+rerank_component0p02+stable_tfidf0p2_metadata0p05_agreement0p05",fold_2,642,160,160,0.6791142780799106,0.66875,0.9,0.19,0.8281662608225109,0.7370785307330981,sentence-transformers/all-MiniLM-L6-v2,1,2000,169.94398224999895
"sbert_top1_mined_weighted:0.6,0.4_rerank_component0p02_stable_tfidf0p3_metadata0p08_agreement0p08",sbert,"weighted:0.6,0.4+rerank_component0p02+stable_tfidf0p3_metadata0p08_agreement0p08",fold_2,642,160,160,0.6639422216777101,0.65,0.9,0.18875,0.8257007575757577,0.7299243755363898,sentence-transformers/all-MiniLM-L6-v2,1,2000,169.94398224999895
"sbert_top1_mined_weighted:0.6,0.4_rerank_component0p02_stable_tfidf0p4_metadata0p06_agreement0p1",sbert,"weighted:0.6,0.4+rerank_component0p02+stable_tfidf0p4_metadata0p06_agreement0p1",fold_2,642,160,160,0.6609979776783332,0.65625,0.9,0.183125,0.8135403138528139,0.7318840169925592,sentence-transformers/all-MiniLM-L6-v2,1,2000,169.94398224999895
"sbert_top1_mined_weighted:0.6,0.4_rerank_component0p02_product0p01_stable_tfidf0p2_metadata0p05_agreement0p05",sbert,"weighted:0.6,0.4+rerank_component0p02_product0p01+stable_tfidf0p2_metadata0p05_agreement0p05",fold_2,642,160,160,0.6760584776905219,0.6625,0.9,0.190625,0.8297287608225108,0.7326639211343251,sentence-transformers/all-MiniLM-L6-v2,1,2000,169.94398224999895
"sbert_top1_mined_weighted:0.6,0.4_rerank_component0p02_product0p01_stable_tfidf0p3_metadata0p08_agreement0p08",sbert,"weighted:0.6,0.4+rerank_component0p02_product0p01+stable_tfidf0p3_metadata0p08_agreement0p08",fold_2,642,160,160,0.6642183270141444,0.65,0.9,0.18937500000000002,0.8261471861471861,0.7294808048525774,sentence-transformers/all-MiniLM-L6-v2,1,2000,169.94398224999895
"sbert_top1_mined_weighted:0.6,0.4_rerank_component0p02_product0p01_stable_tfidf0p4_metadata0p06_agreement0p1",sbert,"weighted:0.6,0.4+rerank_component0p02_product0p01+stable_tfidf0p4_metadata0p06_agreement0p1",fold_2,642,160,160,0.6604309938678337,0.65625,0.9,0.183125,0.8130938852813852,0.7314019492284157,sentence-transformers/all-MiniLM-L6-v2,1,2000,169.94398224999895
"sbert_top1_mined_weighted:0.6,0.4_rerank_component0p02_product0p01_severity0p005_stable_tfidf0p2_metadata0p05_agreement0p05",sbert,"weighted:0.6,0.4+rerank_component0p02_product0p01_severity0p005+stable_tfidf0p2_metadata0p05_agreement0p05",fold_2,642,160,160,0.6774632664565015,0.6625,0.9,0.19125,0.8301751893939393,0.7345006984874068,sentence-transformers/all-MiniLM-L6-v2,1,2000,169.94398224999895
"sbert_top1_mined_weighted:0.6,0.4_rerank_component0p02_product0p01_severity0p005_stable_tfidf0p3_metadata0p08_agreement0p08",sbert,"weighted:0.6,0.4+rerank_component0p02_product0p01_severity0p005+stable_tfidf0p3_metadata0p08_agreement0p08",fold_2,642,160,160,0.6614034607092815,0.64375,0.90625,0.19,0.8323971861471862,0.7262038129657457,sentence-transformers/all-MiniLM-L6-v2,1,2000,169.94398224999895
"sbert_top1_mined_weighted:0.6,0.4_rerank_component0p02_product0p01_severity0p005_stable_tfidf0p4_metadata0p06_agreement0p1",sbert,"weighted:0.6,0.4+rerank_component0p02_product0p01_severity0p005+stable_tfidf0p4_metadata0p06_agreement0p1",fold_2,642,160,160,0.6606428323228627,0.65625,0.9,0.1825,0.8126474567099568,0.731383495882598,sentence-transformers/all-MiniLM-L6-v2,1,2000,169.94398224999895
"sbert_top1_mined_weighted:0.6,0.4_rerank_component0p02_product0p01_severity0p005_priority0p005_stable_tfidf0p2_metadata0p05_agreement0p05",sbert,"weighted:0.6,0.4+rerank_component0p02_product0p01_severity0p005_priority0p005+stable_tfidf0p2_metadata0p05_agreement0p05",fold_2,642,160,160,0.6774632664565015,0.6625,0.9,0.19125,0.8301751893939393,0.7345006984874068,sentence-transformers/all-MiniLM-L6-v2,1,2000,169.94398224999895
"sbert_top1_mined_weighted:0.6,0.4_rerank_component0p02_product0p01_severity0p005_priority0p005_stable_tfidf0p3_metadata0p08_agreement0p08",sbert,"weighted:0.6,0.4+rerank_component0p02_product0p01_severity0p005_priority0p005+stable_tfidf0p3_metadata0p08_agreement0p08",fold_2,642,160,160,0.6608826273759482,0.64375,0.90625,0.19,0.8323971861471862,0.7262038129657457,sentence-transformers/all-MiniLM-L6-v2,1,2000,169.94398224999895
"sbert_top1_mined_weighted:0.6,0.4_rerank_component0p02_product0p01_severity0p005_priority0p005_stable_tfidf0p4_metadata0p06_agreement0p1",sbert,"weighted:0.6,0.4+rerank_component0p02_product0p01_severity0p005_priority0p005+stable_tfidf0p4_metadata0p06_agreement0p1",fold_2,642,160,160,0.6606428323228627,0.65625,0.9,0.1825,0.8126474567099568,0.731383495882598,sentence-transformers/all-MiniLM-L6-v2,1,2000,169.94398224999895
"sbert_top1_mined_weighted:0.6,0.4_rerank_component0p05_product0p02_stable_tfidf0p2_metadata0p05_agreement0p05",sbert,"weighted:0.6,0.4+rerank_component0p05_product0p02+stable_tfidf0p2_metadata0p05_agreement0p05",fold_2,642,160,160,0.6787810074301139,0.6625,0.9,0.191875,0.8329653679653679,0.7386200919317572,sentence-transformers/all-MiniLM-L6-v2,1,2000,169.94398224999895
"sbert_top1_mined_weighted:0.6,0.4_rerank_component0p05_product0p02_stable_tfidf0p3_metadata0p08_agreement0p08",sbert,"weighted:0.6,0.4+rerank_component0p05_product0p02+stable_tfidf0p3_metadata0p08_agreement0p08",fold_2,642,160,160,0.6672637354475927,0.6625,0.9125,0.19125,0.8390936147186148,0.7334527780205997,sentence-transformers/all-MiniLM-L6-v2,1,2000,169.94398224999895
"sbert_top1_mined_weighted:0.6,0.4_rerank_component0p05_product0p02_stable_tfidf0p4_metadata0p06_agreement0p1",sbert,"weighted:0.6,0.4+rerank_component0p05_product0p02+stable_tfidf0p4_metadata0p06_agreement0p1",fold_2,642,160,160,0.6597590886541883,0.65625,0.9,0.181875,0.8115313852813852,0.731321970222895,sentence-transformers/all-MiniLM-L6-v2,1,2000,169.94398224999895
"sbert_top1_mined_weighted:0.6,0.4_rerank_component0p05_product0p02_severity0p01_priority0p01_stable_tfidf0p2_metadata0p05_agreement0p05",sbert,"weighted:0.6,0.4+rerank_component0p05_product0p02_severity0p01_priority0p01+stable_tfidf0p2_metadata0p05_agreement0p05",fold_2,642,160,160,0.6767118841965953,0.65625,0.9,0.19125,0.8325189393939393,0.7357446624115908,sentence-transformers/all-MiniLM-L6-v2,1,2000,169.94398224999895
"sbert_top1_mined_weighted:0.6,0.4_rerank_component0p05_product0p02_severity0p01_priority0p01_stable_tfidf0p3_metadata0p08_agreement0p08",sbert,"weighted:0.6,0.4+rerank_component0p05_product0p02_severity0p01_priority0p01+stable_tfidf0p3_metadata0p08_agreement0p08",fold_2,642,160,160,0.6627104039409465,0.65625,0.9125,0.190625,0.8386471861471861,0.7296936153064028,sentence-transformers/all-MiniLM-L6-v2,1,2000,169.94398224999895
"sbert_top1_mined_weighted:0.6,0.4_rerank_component0p05_product0p02_severity0p01_priority0p01_stable_tfidf0p4_metadata0p06_agreement0p1",sbert,"weighted:0.6,0.4+rerank_component0p05_product0p02_severity0p01_priority0p01+stable_tfidf0p4_metadata0p06_agreement0p1",fold_2,642,160,160,0.6564632780905411,0.65,0.9,0.181875,0.8115313852813852,0.7283646939622506,sentence-transformers/all-MiniLM-L6-v2,1,2000,169.94398224999895
sbert_top1_mined_mean,sbert,mean,fold_2,642,160,160,0.6394257119021135,0.58125,0.8625,0.18375000000000002,0.7853909632034632,0.679742279022705,sentence-transformers/all-MiniLM-L6-v2,1,2000,169.94398224999895
sbert_top1_mined_mean_rerank_component0p02,sbert,mean+rerank_component0p02,fold_2,642,160,160,0.6390823561301321,0.58125,0.875,0.186875,0.8035457251082251,0.6805267983228493,sentence-transformers/all-MiniLM-L6-v2,1,2000,169.94398224999895
sbert_top1_mined_mean_rerank_component0p02_product0p01,sbert,mean+rerank_component0p02_product0p01,fold_2,642,160,160,0.6382974359068744,0.58125,0.86875,0.18562499999999998,0.7941707251082251,0.6790798177605195,sentence-transformers/all-MiniLM-L6-v2,1,2000,169.94398224999895
sbert_top1_mined_mean_rerank_component0p02_product0p01_severity0p005,sbert,mean+rerank_component0p02_product0p01_severity0p005,fold_2,642,160,160,0.6379657830509433,0.5875,0.86875,0.18562499999999998,0.7941707251082251,0.6812341619543374,sentence-transformers/all-MiniLM-L6-v2,1,2000,169.94398224999895
sbert_top1_mined_mean_rerank_component0p02_product0p01_severity0p005_priority0p005,sbert,mean+rerank_component0p02_product0p01_severity0p005_priority0p005,fold_2,642,160,160,0.6379657830509433,0.5875,0.86875,0.18562499999999998,0.7941707251082251,0.6812341619543374,sentence-transformers/all-MiniLM-L6-v2,1,2000,169.94398224999895
sbert_top1_mined_mean_rerank_component0p05_product0p02,sbert,mean+rerank_component0p05_product0p02,fold_2,642,160,160,0.6400707200473196,0.59375,0.85625,0.18562499999999998,0.785450487012987,0.6832197397114902,sentence-transformers/all-MiniLM-L6-v2,1,2000,169.94398224999895
sbert_top1_mined_mean_rerank_component0p05_product0p02_severity0p01_priority0p01,sbert,mean+rerank_component0p05_product0p02_severity0p01_priority0p01,fold_2,642,160,160,0.6425241540645132,0.6,0.85625,0.185,0.7833671536796537,0.6881850352809374,sentence-transformers/all-MiniLM-L6-v2,1,2000,169.94398224999895
sbert_top1_mined_mean_stable_tfidf0p2_metadata0p05_agreement0p05,sbert,mean+stable_tfidf0p2_metadata0p05_agreement0p05,fold_2,642,160,160,0.6664982138957342,0.63125,0.8875,0.18937500000000002,0.8176528679653681,0.7174004528692631,sentence-transformers/all-MiniLM-L6-v2,1,2000,169.94398224999895
sbert_top1_mined_mean_stable_tfidf0p3_metadata0p08_agreement0p08,sbert,mean+stable_tfidf0p3_metadata0p08_agreement0p08,fold_2,642,160,160,0.6534488134174585,0.6375,0.9,0.18562499999999998,0.8204329004329004,0.7213114920637675,sentence-transformers/all-MiniLM-L6-v2,1,2000,169.94398224999895
sbert_top1_mined_mean_stable_tfidf0p4_metadata0p06_agreement0p1,sbert,mean+stable_tfidf0p4_metadata0p06_agreement0p1,fold_2,642,160,160,0.6557536905538626,0.65,0.89375,0.181875,0.8016084956709957,0.7268849776763571,sentence-transformers/all-MiniLM-L6-v2,1,2000,169.94398224999895
sbert_top1_mined_mean_rerank_component0p02_stable_tfidf0p2_metadata0p05_agreement0p05,sbert,mean+rerank_component0p02+stable_tfidf0p2_metadata0p05_agreement0p05,fold_2,642,160,160,0.6690874295232845,0.64375,0.89375,0.18937500000000002,0.8205174512987012,0.7259990911031982,sentence-transformers/all-MiniLM-L6-v2,1,2000,169.94398224999895
sbert_top1_mined_mean_rerank_component0p02_stable_tfidf0p3_metadata0p08_agreement0p08,sbert,mean+rerank_component0p02+stable_tfidf0p3_metadata0p08_agreement0p08,fold_2,642,160,160,0.6561376002265369,0.64375,0.9,0.1875,0.822441829004329,0.7248503211693065,sentence-transformers/all-MiniLM-L6-v2,1,2000,169.94398224999895
sbert_top1_mined_mean_rerank_component0p02_stable_tfidf0p4_metadata0p06_agreement0p1,sbert,mean+rerank_component0p02+stable_tfidf0p4_metadata0p06_agreement0p1,fold_2,642,160,160,0.6562410140260505,0.65,0.89375,0.1825,0.8036918290043291,0.7269826782599529,sentence-transformers/all-MiniLM-L6-v2,1,2000,169.94398224999895
sbert_top1_mined_mean_rerank_component0p02_product0p01_stable_tfidf0p2_metadata0p05_agreement0p05,sbert,mean+rerank_component0p02_product0p01+stable_tfidf0p2_metadata0p05_agreement0p05,fold_2,642,160,160,0.6699246373916123,0.65,0.89375,0.18937500000000002,0.8205174512987012,0.7277492142113003,sentence-transformers/all-MiniLM-L6-v2,1,2000,169.94398224999895
sbert_top1_mined_mean_rerank_component0p02_product0p01_stable_tfidf0p3_metadata0p08_agreement0p08,sbert,mean+rerank_component0p02_product0p01+stable_tfidf0p3_metadata0p08_agreement0p08,fold_2,642,160,160,0.651976526107054,0.64375,0.9,0.1875,0.822441829004329,0.7204996765978826,sentence-transformers/all-MiniLM-L6-v2,1,2000,169.94398224999895
sbert_top1_mined_mean_rerank_component0p02_product0p01_stable_tfidf0p4_metadata0p06_agreement0p1,sbert,mean+rerank_component0p02_product0p01+stable_tfidf0p4_metadata0p06_agreement0p1,fold_2,642,160,160,0.6551226901469545,0.65,0.89375,0.181875,0.8016084956709957,0.7265298647308382,sentence-transformers/all-MiniLM-L6-v2,1,2000,169.94398224999895
sbert_top1_mined_mean_rerank_component0p02_product0p01_severity0p005_stable_tfidf0p2_metadata0p05_agreement0p05,sbert,mean+rerank_component0p02_product0p01_severity0p005+stable_tfidf0p2_metadata0p05_agreement0p05,fold_2,642,160,160,0.6696787602872909,0.65,0.89375,0.18937500000000002,0.8205174512987012,0.7278310183658743,sentence-transformers/all-MiniLM-L6-v2,1,2000,169.94398224999895
sbert_top1_mined_mean_rerank_component0p02_product0p01_severity0p005_stable_tfidf0p3_metadata0p08_agreement0p08,sbert,mean+rerank_component0p02_product0p01_severity0p005+stable_tfidf0p3_metadata0p08_agreement0p08,fold_2,642,160,160,0.6530257326013478,0.64375,0.9,0.1875,0.822441829004329,0.7215678725358063,sentence-transformers/all-MiniLM-L6-v2,1,2000,169.94398224999895
sbert_top1_mined_mean_rerank_component0p02_product0p01_severity0p005_stable_tfidf0p4_metadata0p06_agreement0p1,sbert,mean+rerank_component0p02_product0p01_severity0p005+stable_tfidf0p4_metadata0p06_agreement0p1,fold_2,642,160,160,0.6552926105946426,0.65,0.89375,0.181875,0.8016084956709957,0.7262938906270326,sentence-transformers/all-MiniLM-L6-v2,1,2000,169.94398224999895
sbert_top1_mined_mean_rerank_component0p02_product0p01_severity0p005_priority0p005_stable_tfidf0p2_metadata0p05_agreement0p05,sbert,mean+rerank_component0p02_product0p01_severity0p005_priority0p005+stable_tfidf0p2_metadata0p05_agreement0p05,fold_2,642,160,160,0.6696787602872909,0.65,0.89375,0.18937500000000002,0.8205174512987012,0.7278310183658743,sentence-transformers/all-MiniLM-L6-v2,1,2000,169.94398224999895
sbert_top1_mined_mean_rerank_component0p02_product0p01_severity0p005_priority0p005_stable_tfidf0p3_metadata0p08_agreement0p08,sbert,mean+rerank_component0p02_product0p01_severity0p005_priority0p005+stable_tfidf0p3_metadata0p08_agreement0p08,fold_2,642,160,160,0.6530257326013478,0.64375,0.9,0.1875,0.822441829004329,0.7215678725358063,sentence-transformers/all-MiniLM-L6-v2,1,2000,169.94398224999895
sbert_top1_mined_mean_rerank_component0p02_product0p01_severity0p005_priority0p005_stable_tfidf0p4_metadata0p06_agreement0p1,sbert,mean+rerank_component0p02_product0p01_severity0p005_priority0p005+stable_tfidf0p4_metadata0p06_agreement0p1,fold_2,642,160,160,0.6552926105946426,0.65,0.89375,0.181875,0.8016084956709957,0.7262938906270326,sentence-transformers/all-MiniLM-L6-v2,1,2000,169.94398224999895
sbert_top1_mined_mean_rerank_component0p05_product0p02_stable_tfidf0p2_metadata0p05_agreement0p05,sbert,mean+rerank_component0p05_product0p02+stable_tfidf0p2_metadata0p05_agreement0p05,fold_2,642,160,160,0.6684115182267771,0.65625,0.9,0.190625,0.8233820346320346,0.7309789502522696,sentence-transformers/all-MiniLM-L6-v2,1,2000,169.94398224999895
sbert_top1_mined_mean_rerank_component0p05_product0p02_stable_tfidf0p3_metadata0p08_agreement0p08,sbert,mean+rerank_component0p05_product0p02+stable_tfidf0p3_metadata0p08_agreement0p08,fold_2,642,160,160,0.6501284642536183,0.6375,0.9,0.186875,0.820879329004329,0.7183393502254762,sentence-transformers/all-MiniLM-L6-v2,1,2000,169.94398224999895
sbert_top1_mined_mean_rerank_component0p05_product0p02_stable_tfidf0p4_metadata0p06_agreement0p1,sbert,mean+rerank_component0p05_product0p02+stable_tfidf0p4_metadata0p06_agreement0p1,fold_2,642,160,160,0.6554876038299512,0.65,0.89375,0.18,0.7945772456709956,0.7259798823466812,sentence-transformers/all-MiniLM-L6-v2,1,2000,169.94398224999895
sbert_top1_mined_mean_rerank_component0p05_product0p02_severity0p01_priority0p01_stable_tfidf0p2_metadata0p05_agreement0p05,sbert,mean+rerank_component0p05_product0p02_severity0p01_priority0p01+stable_tfidf0p2_metadata0p05_agreement0p05,fold_2,642,160,160,0.6640092604104099,0.64375,0.9,0.190625,0.8233820346320346,0.7253531918485351,sentence-transformers/all-MiniLM-L6-v2,1,2000,169.94398224999895
sbert_top1_mined_mean_rerank_component0p05_product0p02_severity0p01_priority0p01_stable_tfidf0p3_metadata0p08_agreement0p08,sbert,mean+rerank_component0p05_product0p02_severity0p01_priority0p01+stable_tfidf0p3_metadata0p08_agreement0p08,fold_2,642,160,160,0.6508080808900435,0.6375,0.9,0.186875,0.820879329004329,0.7191015910968581,sentence-transformers/all-MiniLM-L6-v2,1,2000,169.94398224999895
sbert_top1_mined_mean_rerank_component0p05_product0p02_severity0p01_priority0p01_stable_tfidf0p4_metadata0p06_agreement0p1,sbert,mean+rerank_component0p05_product0p02_severity0p01_priority0p01+stable_tfidf0p4_metadata0p06_agreement0p1,fold_2,642,160,160,0.6549907431126613,0.65,0.89375,0.18,0.7945772456709956,0.7255480943323401,sentence-transformers/all-MiniLM-L6-v2,1,2000,169.94398224999895
sbert_top1_mined_title75,sbert,title75,fold_2,642,160,160,0.6398251803814641,0.60625,0.8375,0.175,0.7699790313852815,0.6876621015674147,sentence-transformers/all-MiniLM-L6-v2,1,2000,169.94398224999895
sbert_top1_mined_title75_rerank_component0p02,sbert,title75+rerank_component0p02,fold_2,642,160,160,0.6464811365746507,0.61875,0.8375,0.17875000000000002,0.7780472132034632,0.695600449784326,sentence-transformers/all-MiniLM-L6-v2,1,2000,169.94398224999895
sbert_top1_mined_title75_rerank_component0p02_product0p01,sbert,title75+rerank_component0p02_product0p01,fold_2,642,160,160,0.6464986211642961,0.61875,0.84375,0.179375,0.7801305465367966,0.6957696695020975,sentence-transformers/all-MiniLM-L6-v2,1,2000,169.94398224999895
sbert_top1_mined_title75_rerank_component0p02_product0p01_severity0p005,sbert,title75+rerank_component0p02_product0p01_severity0p005,fold_2,642,160,160,0.6468028207376089,0.61875,0.84375,0.18,0.7811722132034632,0.6949328590834856,sentence-transformers/all-MiniLM-L6-v2,1,2000,169.94398224999895
sbert_top1_mined_title75_rerank_component0p02_product0p01_severity0p005_priority0p005,sbert,title75+rerank_component0p02_product0p01_severity0p005_priority0p005,fold_2,642,160,160,0.6467966448482808,0.61875,0.84375,0.18,0.7811722132034632,0.6949328590834856,sentence-transformers/all-MiniLM-L6-v2,1,2000,169.94398224999895
sbert_top1_mined_title75_rerank_component0p05_product0p02,sbert,title75+rerank_component0p05_product0p02,fold_2,642,160,160,0.6543154815228546,0.6375,0.85625,0.181875,0.8003686417748919,0.7064230784494098,sentence-transformers/all-MiniLM-L6-v2,1,2000,169.94398224999895
sbert_top1_mined_title75_rerank_component0p05_product0p02_severity0p01_priority0p01,sbert,title75+rerank_component0p05_product0p02_severity0p01_priority0p01,fold_2,642,160,160,0.6576559585818014,0.64375,0.85625,0.18125,0.7982853084415584,0.7096411770845481,sentence-transformers/all-MiniLM-L6-v2,1,2000,169.94398224999895
sbert_top1_mined_title75_stable_tfidf0p2_metadata0p05_agreement0p05,sbert,title75+stable_tfidf0p2_metadata0p05_agreement0p05,fold_2,642,160,160,0.6731956305765847,0.65625,0.8875,0.186875,0.8297781385281386,0.7292915290000325,sentence-transformers/all-MiniLM-L6-v2,1,2000,169.94398224999895
sbert_top1_mined_title75_stable_tfidf0p3_metadata0p08_agreement0p08,sbert,title75+stable_tfidf0p3_metadata0p08_agreement0p08,fold_2,642,160,160,0.6476075131221172,0.6375,0.8875,0.1825,0.8106459686147186,0.7152668364998396,sentence-transformers/all-MiniLM-L6-v2,1,2000,169.94398224999895
sbert_top1_mined_title75_stable_tfidf0p4_metadata0p06_agreement0p1,sbert,title75+stable_tfidf0p4_metadata0p06_agreement0p1,fold_2,642,160,160,0.6454780703331597,0.65,0.88125,0.174375,0.7853010010822511,0.7206614466972435,sentence-transformers/all-MiniLM-L6-v2,1,2000,169.94398224999895
sbert_top1_mined_title75_rerank_component0p02_stable_tfidf0p2_metadata0p05_agreement0p05,sbert,title75+rerank_component0p02+stable_tfidf0p2_metadata0p05_agreement0p05,fold_2,642,160,160,0.6634073318444538,0.64375,0.8875,0.1875,0.8287094155844155,0.7220234266773512,sentence-transformers/all-MiniLM-L6-v2,1,2000,169.94398224999895
sbert_top1_mined_title75_rerank_component0p02_stable_tfidf0p3_metadata0p08_agreement0p08,sbert,title75+rerank_component0p02+stable_tfidf0p3_metadata0p08_agreement0p08,fold_2,642,160,160,0.6484255123124187,0.64375,0.8875,0.18375000000000002,0.815854301948052,0.7178765724001508,sentence-transformers/all-MiniLM-L6-v2,1,2000,169.94398224999895
sbert_top1_mined_title75_rerank_component0p02_stable_tfidf0p4_metadata0p06_agreement0p1,sbert,title75+rerank_component0p02+stable_tfidf0p4_metadata0p06_agreement0p1,fold_2,642,160,160,0.6443896665884303,0.65625,0.88125,0.17375000000000002,0.7829349296536796,0.7219249895682707,sentence-transformers/all-MiniLM-L6-v2,1,2000,169.94398224999895
sbert_top1_mined_title75_rerank_component0p02_product0p01_stable_tfidf0p2_metadata0p05_agreement0p05,sbert,title75+rerank_component0p02_product0p01+stable_tfidf0p2_metadata0p05_agreement0p05,fold_2,642,160,160,0.6636984064226208,0.64375,0.8875,0.186875,0.8255844155844155,0.7225362287053672,sentence-transformers/all-MiniLM-L6-v2,1,2000,169.94398224999895
sbert_top1_mined_title75_rerank_component0p02_product0p01_stable_tfidf0p3_metadata0p08_agreement0p08,sbert,title75+rerank_component0p02_product0p01+stable_tfidf0p3_metadata0p08_agreement0p08,fold_2,642,160,160,0.648065850684985,0.64375,0.8875,0.18375000000000002,0.815854301948052,0.7174986178993852,sentence-transformers/all-MiniLM-L6-v2,1,2000,169.94398224999895
sbert_top1_mined_title75_rerank_component0p02_product0p01_stable_tfidf0p4_metadata0p06_agreement0p1,sbert,title75+rerank_component0p02_product0p01+stable_tfidf0p4_metadata0p06_agreement0p1,fold_2,642,160,160,0.6441429803787592,0.65625,0.88125,0.174375,0.7844974296536796,0.7212502836759385,sentence-transformers/all-MiniLM-L6-v2,1,2000,169.94398224999895
sbert_top1_mined_title75_rerank_component0p02_product0p01_severity0p005_stable_tfidf0p2_metadata0p05_agreement0p05,sbert,title75+rerank_component0p02_product0p01_severity0p005+stable_tfidf0p2_metadata0p05_agreement0p05,fold_2,642,160,160,0.6637796153967134,0.65,0.8875,0.186875,0.8255844155844155,0.7250870769358403,sentence-transformers/all-MiniLM-L6-v2,1,2000,169.94398224999895
sbert_top1_mined_title75_rerank_component0p02_product0p01_severity0p005_stable_tfidf0p3_metadata0p08_agreement0p08,sbert,title75+rerank_component0p02_product0p01_severity0p005+stable_tfidf0p3_metadata0p08_agreement0p08,fold_2,642,160,160,0.6479084550862935,0.64375,0.8875,0.18375000000000002,0.815854301948052,0.7175842639099171,sentence-transformers/all-MiniLM-L6-v2,1,2000,169.94398224999895
sbert_top1_mined_title75_rerank_component0p02_product0p01_severity0p005_stable_tfidf0p4_metadata0p06_agreement0p1,sbert,title75+rerank_component0p02_product0p01_severity0p005+stable_tfidf0p4_metadata0p06_agreement0p1,fold_2,642,160,160,0.643959837497077,0.65,0.88125,0.174375,0.7844974296536796,0.7186480190424239,sentence-transformers/all-MiniLM-L6-v2,1,2000,169.94398224999895
sbert_top1_mined_title75_rerank_component0p02_product0p01_severity0p005_priority0p005_stable_tfidf0p2_metadata0p05_agreement0p05,sbert,title75+rerank_component0p02_product0p01_severity0p005_priority0p005+stable_tfidf0p2_metadata0p05_agreement0p05,fold_2,642,160,160,0.6637331277934075,0.65,0.8875,0.18625,0.8250162337662339,0.7250870769358403,sentence-transformers/all-MiniLM-L6-v2,1,2000,169.94398224999895
sbert_top1_mined_title75_rerank_component0p02_product0p01_severity0p005_priority0p005_stable_tfidf0p3_metadata0p08_agreement0p08,sbert,title75+rerank_component0p02_product0p01_severity0p005_priority0p005+stable_tfidf0p3_metadata0p08_agreement0p08,fold_2,642,160,160,0.6479084550862935,0.64375,0.8875,0.18375000000000002,0.815854301948052,0.7175842639099171,sentence-transformers/all-MiniLM-L6-v2,1,2000,169.94398224999895
sbert_top1_mined_title75_rerank_component0p02_product0p01_severity0p005_priority0p005_stable_tfidf0p4_metadata0p06_agreement0p1,sbert,title75+rerank_component0p02_product0p01_severity0p005_priority0p005+stable_tfidf0p4_metadata0p06_agreement0p1,fold_2,642,160,160,0.643959837497077,0.65,0.88125,0.174375,0.7844974296536796,0.7186480190424239,sentence-transformers/all-MiniLM-L6-v2,1,2000,169.94398224999895
sbert_top1_mined_title75_rerank_component0p05_product0p02_stable_tfidf0p2_metadata0p05_agreement0p05,sbert,title75+rerank_component0p05_product0p02+stable_tfidf0p2_metadata0p05_agreement0p05,fold_2,642,160,160,0.6691973659531107,0.65625,0.89375,0.18812500000000001,0.8274073322510823,0.7297191452240199,sentence-transformers/all-MiniLM-L6-v2,1,2000,169.94398224999895
sbert_top1_mined_title75_rerank_component0p05_product0p02_stable_tfidf0p3_metadata0p08_agreement0p08,sbert,title75+rerank_component0p05_product0p02+stable_tfidf0p3_metadata0p08_agreement0p08,fold_2,642,160,160,0.6392280788336226,0.63125,0.8875,0.183125,0.8125162337662338,0.7084334164062613,sentence-transformers/all-MiniLM-L6-v2,1,2000,169.94398224999895
sbert_top1_mined_title75_rerank_component0p05_product0p02_stable_tfidf0p4_metadata0p06_agreement0p1,sbert,title75+rerank_component0p05_product0p02+stable_tfidf0p4_metadata0p06_agreement0p1,fold_2,642,160,160,0.6396014720209251,0.64375,0.88125,0.175,0.7860599296536797,0.713164832983042,sentence-transformers/all-MiniLM-L6-v2,1,2000,169.94398224999895
sbert_top1_mined_title75_rerank_component0p05_product0p02_severity0p01_priority0p01_stable_tfidf0p2_metadata0p05_agreement0p05,sbert,title75+rerank_component0p05_product0p02_severity0p01_priority0p01+stable_tfidf0p2_metadata0p05_agreement0p05,fold_2,642,160,160,0.6675278767947721,0.65,0.89375,0.18812500000000001,0.8274073322510823,0.7262468319470192,sentence-transformers/all-MiniLM-L6-v2,1,2000,169.94398224999895
sbert_top1_mined_title75_rerank_component0p05_product0p02_severity0p01_priority0p01_stable_tfidf0p3_metadata0p08_agreement0p08,sbert,title75+rerank_component0p05_product0p02_severity0p01_priority0p01+stable_tfidf0p3_metadata0p08_agreement0p08,fold_2,642,160,160,0.6358248610622399,0.625,0.8875,0.1825,0.811948051948052,0.7052390290332955,sentence-transformers/all-MiniLM-L6-v2,1,2000,169.94398224999895
sbert_top1_mined_title75_rerank_component0p05_product0p02_severity0p01_priority0p01_stable_tfidf0p4_metadata0p06_agreement0p1,sbert,title75+rerank_component0p05_product0p02_severity0p01_priority0p01+stable_tfidf0p4_metadata0p06_agreement0p1,fold_2,642,160,160,0.6385444018229245,0.64375,0.88125,0.175625,0.7865063582251082,0.7129653757422887,sentence-transformers/all-MiniLM-L6-v2,1,2000,169.94398224999895
sbert_top1_mined_content75,sbert,content75,fold_2,642,160,160,0.5798705941383019,0.54375,0.83125,0.176875,0.7525263798701298,0.629496758625183,sentence-transformers/all-MiniLM-L6-v2,1,2000,169.94398224999895
sbert_top1_mined_content75_rerank_component0p02,sbert,content75+rerank_component0p02,fold_2,642,160,160,0.5877537616887739,0.55625,0.83125,0.176875,0.7519311417748917,0.6407592281756554,sentence-transformers/all-MiniLM-L6-v2,1,2000,169.94398224999895
sbert_top1_mined_content75_rerank_component0p02_product0p01,sbert,content75+rerank_component0p02_product0p01,fold_2,642,160,160,0.5908228169663838,0.5625,0.83125,0.176875,0.7519311417748917,0.6434731539332927,sentence-transformers/all-MiniLM-L6-v2,1,2000,169.94398224999895
sbert_top1_mined_content75_rerank_component0p02_product0p01_severity0p005,sbert,content75+rerank_component0p02_product0p01_severity0p005,fold_2,642,160,160,0.5859280648242635,0.55625,0.83125,0.176875,0.7519311417748917,0.6386128787507952,sentence-transformers/all-MiniLM-L6-v2,1,2000,169.94398224999895
sbert_top1_mined_content75_rerank_component0p02_product0p01_severity0p005_priority0p005,sbert,content75+rerank_component0p02_product0p01_severity0p005_priority0p005,fold_2,642,160,160,0.5859280648242635,0.55625,0.83125,0.176875,0.7519311417748917,0.6386128787507952,sentence-transformers/all-MiniLM-L6-v2,1,2000,169.94398224999895
sbert_top1_mined_content75_rerank_component0p05_product0p02,sbert,content75+rerank_component0p05_product0p02,fold_2,642,160,160,0.5856233082996496,0.55,0.8375,0.18,0.7634787608225108,0.6391444107856088,sentence-transformers/all-MiniLM-L6-v2,1,2000,169.94398224999895
sbert_top1_mined_content75_rerank_component0p05_product0p02_severity0p01_priority0p01,sbert,content75+rerank_component0p05_product0p02_severity0p01_priority0p01,fold_2,642,160,160,0.5890851742294473,0.55625,0.8375,0.18,0.7634787608225108,0.6424914934808581,sentence-transformers/all-MiniLM-L6-v2,1,2000,169.94398224999895
sbert_top1_mined_content75_stable_tfidf0p2_metadata0p05_agreement0p05,sbert,content75+stable_tfidf0p2_metadata0p05_agreement0p05,fold_2,642,160,160,0.6440386789729473,0.625,0.8625,0.184375,0.7882481060606061,0.7100310676342325,sentence-transformers/all-MiniLM-L6-v2,1,2000,169.94398224999895
sbert_top1_mined_content75_stable_tfidf0p3_metadata0p08_agreement0p08,sbert,content75+stable_tfidf0p3_metadata0p08_agreement0p08,fold_2,642,160,160,0.648484363278992,0.65,0.85625,0.18,0.7741382575757576,0.7238100665908769,sentence-transformers/all-MiniLM-L6-v2,1,2000,169.94398224999895
sbert_top1_mined_content75_stable_tfidf0p4_metadata0p06_agreement0p1,sbert,content75+stable_tfidf0p4_metadata0p06_agreement0p1,fold_2,642,160,160,0.6442363816581184,0.65625,0.84375,0.17625,0.7573971861471861,0.7248926384558234,sentence-transformers/all-MiniLM-L6-v2,1,2000,169.94398224999895
sbert_top1_mined_content75_rerank_component0p02_stable_tfidf0p2_metadata0p05_agreement0p05,sbert,content75+rerank_component0p02+stable_tfidf0p2_metadata0p05_agreement0p05,fold_2,642,160,160,0.6430240024705451,0.63125,0.8625,0.185,0.7877272727272727,0.7112326194404616,sentence-transformers/all-MiniLM-L6-v2,1,2000,169.94398224999895
sbert_top1_mined_content75_rerank_component0p02_stable_tfidf0p3_metadata0p08_agreement0p08,sbert,content75+rerank_component0p02+stable_tfidf0p3_metadata0p08_agreement0p08,fold_2,642,160,160,0.6460609837609613,0.65,0.8625,0.18125,0.773277867965368,0.722610755724041,sentence-transformers/all-MiniLM-L6-v2,1,2000,169.94398224999895
sbert_top1_mined_content75_rerank_component0p02_stable_tfidf0p4_metadata0p06_agreement0p1,sbert,content75+rerank_component0p02+stable_tfidf0p4_metadata0p06_agreement0p1,fold_2,642,160,160,0.6467427741984335,0.6625,0.84375,0.17625,0.7573971861471861,0.7281008878606258,sentence-transformers/all-MiniLM-L6-v2,1,2000,169.94398224999895
sbert_top1_mined_content75_rerank_component0p02_product0p01_stable_tfidf0p2_metadata0p05_agreement0p05,sbert,content75+rerank_component0p02_product0p01+stable_tfidf0p2_metadata0p05_agreement0p05,fold_2,642,160,160,0.6403266207964255,0.625,0.8625,0.18562499999999998,0.7881737012987012,0.7086073029320754,sentence-transformers/all-MiniLM-L6-v2,1,2000,169.94398224999895
sbert_top1_mined_content75_rerank_component0p02_product0p01_stable_tfidf0p3_metadata0p08_agreement0p08,sbert,content75+rerank_component0p02_product0p01+stable_tfidf0p3_metadata0p08_agreement0p08,fold_2,642,160,160,0.645137005219783,0.65,0.8625,0.18125,0.773277867965368,0.7222611150786055,sentence-transformers/all-MiniLM-L6-v2,1,2000,169.94398224999895
sbert_top1_mined_content75_rerank_component0p02_product0p01_stable_tfidf0p4_metadata0p06_agreement0p1,sbert,content75+rerank_component0p02_product0p01+stable_tfidf0p4_metadata0p06_agreement0p1,fold_2,642,160,160,0.6429002140561196,0.65,0.84375,0.17625,0.7573971861471861,0.7229247722484514,sentence-transformers/all-MiniLM-L6-v2,1,2000,169.94398224999895
sbert_top1_mined_content75_rerank_component0p02_product0p01_severity0p005_stable_tfidf0p2_metadata0p05_agreement0p05,sbert,content75+rerank_component0p02_product0p01_severity0p005+stable_tfidf0p2_metadata0p05_agreement0p05,fold_2,642,160,160,0.6404969037916086,0.625,0.8625,0.18562499999999998,0.7887689393939394,0.7092017219537562,sentence-transformers/all-MiniLM-L6-v2,1,2000,169.94398224999895
sbert_top1_mined_content75_rerank_component0p02_product0p01_severity0p005_stable_tfidf0p3_metadata0p08_agreement0p08,sbert,content75+rerank_component0p02_product0p01_severity0p005+stable_tfidf0p3_metadata0p08_agreement0p08,fold_2,642,160,160,0.6455824481501102,0.65,0.8625,0.18125,0.773277867965368,0.7223717760728132,sentence-transformers/all-MiniLM-L6-v2,1,2000,169.94398224999895
sbert_top1_mined_content75_rerank_component0p02_product0p01_severity0p005_stable_tfidf0p4_metadata0p06_agreement0p1,sbert,content75+rerank_component0p02_product0p01_severity0p005+stable_tfidf0p4_metadata0p06_agreement0p1,fold_2,642,160,160,0.6422370204378913,0.65,0.84375,0.17625,0.7573971861471861,0.7235652540474079,sentence-transformers/all-MiniLM-L6-v2,1,2000,169.94398224999895
sbert_top1_mined_content75_rerank_component0p02_product0p01_severity0p005_priority0p005_stable_tfidf0p2_metadata0p05_agreement0p05,sbert,content75+rerank_component0p02_product0p01_severity0p005_priority0p005+stable_tfidf0p2_metadata0p05_agreement0p05,fold_2,642,160,160,0.6404969037916086,0.625,0.8625,0.18562499999999998,0.7887689393939394,0.7092017219537562,sentence-transformers/all-MiniLM-L6-v2,1,2000,169.94398224999895
sbert_top1_mined_content75_rerank_component0p02_product0p01_severity0p005_priority0p005_stable_tfidf0p3_metadata0p08_agreement0p08,sbert,content75+rerank_component0p02_product0p01_severity0p005_priority0p005+stable_tfidf0p3_metadata0p08_agreement0p08,fold_2,642,160,160,0.6455816590086962,0.65,0.8625,0.18125,0.773277867965368,0.7223686195071567,sentence-transformers/all-MiniLM-L6-v2,1,2000,169.94398224999895
sbert_top1_mined_content75_rerank_component0p02_product0p01_severity0p005_priority0p005_stable_tfidf0p4_metadata0p06_agreement0p1,sbert,content75+rerank_component0p02_product0p01_severity0p005_priority0p005+stable_tfidf0p4_metadata0p06_agreement0p1,fold_2,642,160,160,0.6421968353475633,0.65,0.84375,0.17625,0.7573971861471861,0.7235652540474079,sentence-transformers/all-MiniLM-L6-v2,1,2000,169.94398224999895
sbert_top1_mined_content75_rerank_component0p05_product0p02_stable_tfidf0p2_metadata0p05_agreement0p05,sbert,content75+rerank_component0p05_product0p02+stable_tfidf0p2_metadata0p05_agreement0p05,fold_2,642,160,160,0.6374648035210446,0.625,0.875,0.186875,0.7956737012987013,0.7058721067401231,sentence-transformers/all-MiniLM-L6-v2,1,2000,169.94398224999895
sbert_top1_mined_content75_rerank_component0p05_product0p02_stable_tfidf0p3_metadata0p08_agreement0p08,sbert,content75+rerank_component0p05_product0p02+stable_tfidf0p3_metadata0p08_agreement0p08,fold_2,642,160,160,0.6433055588112649,0.65,0.8625,0.18125,0.7734862012987013,0.7234804476267236,sentence-transformers/all-MiniLM-L6-v2,1,2000,169.94398224999895
sbert_top1_mined_content75_rerank_component0p05_product0p02_stable_tfidf0p4_metadata0p06_agreement0p1,sbert,content75+rerank_component0p05_product0p02+stable_tfidf0p4_metadata0p06_agreement0p1,fold_2,642,160,160,0.6458809656616625,0.6625,0.8375,0.175,0.7480221861471861,0.7298155583411668,sentence-transformers/all-MiniLM-L6-v2,1,2000,169.94398224999895
sbert_top1_mined_content75_rerank_component0p05_product0p02_severity0p01_priority0p01_stable_tfidf0p2_metadata0p05_agreement0p05,sbert,content75+rerank_component0p05_product0p02_severity0p01_priority0p01+stable_tfidf0p2_metadata0p05_agreement0p05,fold_2,642,160,160,0.6368473482916799,0.625,0.875,0.18562499999999998,0.792809117965368,0.7062608107668049,sentence-transformers/all-MiniLM-L6-v2,1,2000,169.94398224999895
sbert_top1_mined_content75_rerank_component0p05_product0p02_severity0p01_priority0p01_stable_tfidf0p3_metadata0p08_agreement0p08,sbert,content75+rerank_component0p05_product0p02_severity0p01_priority0p01+stable_tfidf0p3_metadata0p08_agreement0p08,fold_2,642,160,160,0.6401077871344597,0.64375,0.8625,0.18125,0.7734862012987013,0.7197860240242056,sentence-transformers/all-MiniLM-L6-v2,1,2000,169.94398224999895
sbert_top1_mined_content75_rerank_component0p05_product0p02_severity0p01_priority0p01_stable_tfidf0p4_metadata0p06_agreement0p1,sbert,content75+rerank_component0p05_product0p02_severity0p01_priority0p01+stable_tfidf0p4_metadata0p06_agreement0p1,fold_2,642,160,160,0.644984575182069,0.6625,0.8375,0.175,0.7480221861471861,0.7305130309859318,sentence-transformers/all-MiniLM-L6-v2,1,2000,169.94398224999895
"sbert_top1_mined_weighted:0.6,0.4",sbert,"weighted:0.6,0.4",fold_3,647,155,155,0.7109344372882048,0.7032258064516129,0.9290322580645162,0.20129032258064516,0.8454454685099847,0.7785791948158235,sentence-transformers/all-MiniLM-L6-v2,1,2000,177.60975312499795
"sbert_top1_mined_weighted:0.6,0.4_rerank_component0p02",sbert,"weighted:0.6,0.4+rerank_component0p02",fold_3,647,155,155,0.7051099358853327,0.6903225806451613,0.9419354838709677,0.20451612903225805,0.8608755760368664,0.7749723499242178,sentence-transformers/all-MiniLM-L6-v2,1,2000,177.60975312499795
"sbert_top1_mined_weighted:0.6,0.4_rerank_component0p02_product0p01",sbert,"weighted:0.6,0.4+rerank_component0p02_product0p01",fold_3,647,155,155,0.7005238930882903,0.6838709677419355,0.9419354838709677,0.20516129032258065,0.8613364055299539,0.770129051617422,sentence-transformers/all-MiniLM-L6-v2,1,2000,177.60975312499795
"sbert_top1_mined_weighted:0.6,0.4_rerank_component0p02_product0p01_severity0p005",sbert,"weighted:0.6,0.4+rerank_component0p02_product0p01_severity0p005",fold_3,647,155,155,0.6996472780754525,0.6838709677419355,0.9419354838709677,0.20580645161290323,0.8629493087557605,0.770508467900064,sentence-transformers/all-MiniLM-L6-v2,1,2000,177.60975312499795
"sbert_top1_mined_weighted:0.6,0.4_rerank_component0p02_product0p01_severity0p005_priority0p005",sbert,"weighted:0.6,0.4+rerank_component0p02_product0p01_severity0p005_priority0p005",fold_3,647,155,155,0.6996472780754525,0.6838709677419355,0.9419354838709677,0.20580645161290323,0.8629493087557605,0.770508467900064,sentence-transformers/all-MiniLM-L6-v2,1,2000,177.60975312499795
"sbert_top1_mined_weighted:0.6,0.4_rerank_component0p05_product0p02",sbert,"weighted:0.6,0.4+rerank_component0p05_product0p02",fold_3,647,155,155,0.6931253517141851,0.6709677419354839,0.9354838709677419,0.20516129032258065,0.8569278033794163,0.7655604502569372,sentence-transformers/all-MiniLM-L6-v2,1,2000,177.60975312499795
"sbert_top1_mined_weighted:0.6,0.4_rerank_component0p05_product0p02_severity0p01_priority0p01",sbert,"weighted:0.6,0.4+rerank_component0p05_product0p02_severity0p01_priority0p01",fold_3,647,155,155,0.6953542903221519,0.6709677419354839,0.9419354838709677,0.2090322580645161,0.8720430107526881,0.7652480744606904,sentence-transformers/all-MiniLM-L6-v2,1,2000,177.60975312499795
"sbert_top1_mined_weighted:0.6,0.4_stable_tfidf0p2_metadata0p05_agreement0p05",sbert,"weighted:0.6,0.4+stable_tfidf0p2_metadata0p05_agreement0p05",fold_3,647,155,155,0.7352799096763328,0.7290322580645161,0.9419354838709677,0.2006451612903226,0.8483026113671275,0.808127556418668,sentence-transformers/all-MiniLM-L6-v2,1,2000,177.60975312499795
"sbert_top1_mined_weighted:0.6,0.4_stable_tfidf0p3_metadata0p08_agreement0p08",sbert,"weighted:0.6,0.4+stable_tfidf0p3_metadata0p08_agreement0p08",fold_3,647,155,155,0.7277597042876818,0.7354838709677419,0.9419354838709677,0.19870967741935483,0.8422811059907833,0.8106237074141921,sentence-transformers/all-MiniLM-L6-v2,1,2000,177.60975312499795
"sbert_top1_mined_weighted:0.6,0.4_stable_tfidf0p4_metadata0p06_agreement0p1",sbert,"weighted:0.6,0.4+stable_tfidf0p4_metadata0p06_agreement0p1",fold_3,647,155,155,0.7110826683972941,0.7032258064516129,0.9290322580645162,0.1941935483870968,0.8269047619047619,0.7964655181689109,sentence-transformers/all-MiniLM-L6-v2,1,2000,177.60975312499795
"sbert_top1_mined_weighted:0.6,0.4_rerank_component0p02_stable_tfidf0p2_metadata0p05_agreement0p05",sbert,"weighted:0.6,0.4+rerank_component0p02+stable_tfidf0p2_metadata0p05_agreement0p05",fold_3,647,155,155,0.72879795805046,0.7161290322580646,0.9483870967741935,0.20129032258064516,0.8499155145929339,0.8019991545754334,sentence-transformers/all-MiniLM-L6-v2,1,2000,177.60975312499795
"sbert_top1_mined_weighted:0.6,0.4_rerank_component0p02_stable_tfidf0p3_metadata0p08_agreement0p08",sbert,"weighted:0.6,0.4+rerank_component0p02+stable_tfidf0p3_metadata0p08_agreement0p08",fold_3,647,155,155,0.735304031838212,0.7483870967741936,0.9419354838709677,0.19806451612903225,0.8390552995391705,0.8202266452840264,sentence-transformers/all-MiniLM-L6-v2,1,2000,177.60975312499795
"sbert_top1_mined_weighted:0.6,0.4_rerank_component0p02_stable_tfidf0p4_metadata0p06_agreement0p1",sbert,"weighted:0.6,0.4+rerank_component0p02+stable_tfidf0p4_metadata0p06_agreement0p1",fold_3,647,155,155,0.708806161100691,0.6967741935483871,0.9290322580645162,0.1935483870967742,0.8264439324116745,0.7922002568399699,sentence-transformers/all-MiniLM-L6-v2,1,2000,177.60975312499795
"sbert_top1_mined_weighted:0.6,0.4_rerank_component0p02_product0p01_stable_tfidf0p2_metadata0p05_agreement0p05",sbert,"weighted:0.6,0.4+rerank_component0p02_product0p01+stable_tfidf0p2_metadata0p05_agreement0p05",fold_3,647,155,155,0.7287046215890961,0.7161290322580646,0.9483870967741935,0.20129032258064516,0.8499155145929339,0.8022891706249162,sentence-transformers/all-MiniLM-L6-v2,1,2000,177.60975312499795
"sbert_top1_mined_weighted:0.6,0.4_rerank_component0p02_product0p01_stable_tfidf0p3_metadata0p08_agreement0p08",sbert,"weighted:0.6,0.4+rerank_component0p02_product0p01+stable_tfidf0p3_metadata0p08_agreement0p08",fold_3,647,155,155,0.7331525616490379,0.7483870967741936,0.9419354838709677,0.19806451612903225,0.8390552995391705,0.8192135773576452,sentence-transformers/all-MiniLM-L6-v2,1,2000,177.60975312499795
"sbert_top1_mined_weighted:0.6,0.4_rerank_component0p02_product0p01_stable_tfidf0p4_metadata0p06_agreement0p1",sbert,"weighted:0.6,0.4+rerank_component0p02_product0p01+stable_tfidf0p4_metadata0p06_agreement0p1",fold_3,647,155,155,0.7090880023545407,0.6967741935483871,0.9290322580645162,0.1935483870967742,0.8264439324116745,0.7922008844408274,sentence-transformers/all-MiniLM-L6-v2,1,2000,177.60975312499795
"sbert_top1_mined_weighted:0.6,0.4_rerank_component0p02_product0p01_severity0p005_stable_tfidf0p2_metadata0p05_agreement0p05",sbert,"weighted:0.6,0.4+rerank_component0p02_product0p01_severity0p005+stable_tfidf0p2_metadata0p05_agreement0p05",fold_3,647,155,155,0.7291126193772113,0.7161290322580646,0.9483870967741935,0.20129032258064516,0.8499155145929339,0.8028268050335183,sentence-transformers/all-MiniLM-L6-v2,1,2000,177.60975312499795
"sbert_top1_mined_weighted:0.6,0.4_rerank_component0p02_product0p01_severity0p005_stable_tfidf0p3_metadata0p08_agreement0p08",sbert,"weighted:0.6,0.4+rerank_component0p02_product0p01_severity0p005+stable_tfidf0p3_metadata0p08_agreement0p08",fold_3,647,155,155,0.7333919365861973,0.7483870967741936,0.9419354838709677,0.19806451612903225,0.8390552995391705,0.8191952207864053,sentence-transformers/all-MiniLM-L6-v2,1,2000,177.60975312499795
"sbert_top1_mined_weighted:0.6,0.4_rerank_component0p02_product0p01_severity0p005_stable_tfidf0p4_metadata0p06_agreement0p1",sbert,"weighted:0.6,0.4+rerank_component0p02_product0p01_severity0p005+stable_tfidf0p4_metadata0p06_agreement0p1",fold_3,647,155,155,0.7121983819837389,0.7032258064516129,0.9290322580645162,0.1935483870967742,0.8264439324116745,0.7954266908924402,sentence-transformers/all-MiniLM-L6-v2,1,2000,177.60975312499795
"sbert_top1_mined_weighted:0.6,0.4_rerank_component0p02_product0p01_severity0p005_priority0p005_stable_tfidf0p2_metadata0p05_agreement0p05",sbert,"weighted:0.6,0.4+rerank_component0p02_product0p01_severity0p005_priority0p005+stable_tfidf0p2_metadata0p05_agreement0p05",fold_3,647,155,155,0.7290915356749132,0.7161290322580646,0.9483870967741935,0.20129032258064516,0.8499155145929339,0.8028057213312202,sentence-transformers/all-MiniLM-L6-v2,1,2000,177.60975312499795
"sbert_top1_mined_weighted:0.6,0.4_rerank_component0p02_product0p01_severity0p005_priority0p005_stable_tfidf0p3_metadata0p08_agreement0p08",sbert,"weighted:0.6,0.4+rerank_component0p02_product0p01_severity0p005_priority0p005+stable_tfidf0p3_metadata0p08_agreement0p08",fold_3,647,155,155,0.7333919365861973,0.7483870967741936,0.9419354838709677,0.19806451612903225,0.8390552995391705,0.8191952207864053,sentence-transformers/all-MiniLM-L6-v2,1,2000,177.60975312499795
"sbert_top1_mined_weighted:0.6,0.4_rerank_component0p02_product0p01_severity0p005_priority0p005_stable_tfidf0p4_metadata0p06_agreement0p1",sbert,"weighted:0.6,0.4+rerank_component0p02_product0p01_severity0p005_priority0p005+stable_tfidf0p4_metadata0p06_agreement0p1",fold_3,647,155,155,0.7121983819837389,0.7032258064516129,0.9290322580645162,0.1935483870967742,0.8264439324116745,0.7954266908924402,sentence-transformers/all-MiniLM-L6-v2,1,2000,177.60975312499795
"sbert_top1_mined_weighted:0.6,0.4_rerank_component0p05_product0p02_stable_tfidf0p2_metadata0p05_agreement0p05",sbert,"weighted:0.6,0.4+rerank_component0p05_product0p02+stable_tfidf0p2_metadata0p05_agreement0p05",fold_3,647,155,155,0.7372169351943084,0.7354838709677419,0.9483870967741935,0.2006451612903226,0.8488402457757297,0.815286210761614,sentence-transformers/all-MiniLM-L6-v2,1,2000,177.60975312499795
"sbert_top1_mined_weighted:0.6,0.4_rerank_component0p05_product0p02_stable_tfidf0p3_metadata0p08_agreement0p08",sbert,"weighted:0.6,0.4+rerank_component0p05_product0p02+stable_tfidf0p3_metadata0p08_agreement0p08",fold_3,647,155,155,0.7325252429690942,0.7483870967741936,0.9419354838709677,0.2,0.8442780337941629,0.8156985520636629,sentence-transformers/all-MiniLM-L6-v2,1,2000,177.60975312499795
"sbert_top1_mined_weighted:0.6,0.4_rerank_component0p05_product0p02_stable_tfidf0p4_metadata0p06_agreement0p1",sbert,"weighted:0.6,0.4+rerank_component0p05_product0p02+stable_tfidf0p4_metadata0p06_agreement0p1",fold_3,647,155,155,0.701747725527276,0.6838709677419355,0.9290322580645162,0.19483870967741934,0.8278955453149002,0.7824338986331827,sentence-transformers/all-MiniLM-L6-v2,1,2000,177.60975312499795
"sbert_top1_mined_weighted:0.6,0.4_rerank_component0p05_product0p02_severity0p01_priority0p01_stable_tfidf0p2_metadata0p05_agreement0p05",sbert,"weighted:0.6,0.4+rerank_component0p05_product0p02_severity0p01_priority0p01+stable_tfidf0p2_metadata0p05_agreement0p05",fold_3,647,155,155,0.7373512011996819,0.7354838709677419,0.9483870967741935,0.2006451612903226,0.8488402457757297,0.815926299220488,sentence-transformers/all-MiniLM-L6-v2,1,2000,177.60975312499795
"sbert_top1_mined_weighted:0.6,0.4_rerank_component0p05_product0p02_severity0p01_priority0p01_stable_tfidf0p3_metadata0p08_agreement0p08",sbert,"weighted:0.6,0.4+rerank_component0p05_product0p02_severity0p01_priority0p01+stable_tfidf0p3_metadata0p08_agreement0p08",fold_3,647,155,155,0.7314397999471977,0.7419354838709677,0.9419354838709677,0.19870967741935483,0.841321044546851,0.8133275300152215,sentence-transformers/all-MiniLM-L6-v2,1,2000,177.60975312499795
"sbert_top1_mined_weighted:0.6,0.4_rerank_component0p05_product0p02_severity0p01_priority0p01_stable_tfidf0p4_metadata0p06_agreement0p1",sbert,"weighted:0.6,0.4+rerank_component0p05_product0p02_severity0p01_priority0p01+stable_tfidf0p4_metadata0p06_agreement0p1",fold_3,647,155,155,0.7056754232293657,0.6903225806451613,0.9290322580645162,0.19483870967741934,0.8278955453149002,0.7865762961338145,sentence-transformers/all-MiniLM-L6-v2,1,2000,177.60975312499795
sbert_top1_mined_mean,sbert,mean,fold_3,647,155,155,0.7031168395116438,0.6774193548387096,0.9161290322580645,0.2038709677419355,0.8461443932411674,0.7645620686584822,sentence-transformers/all-MiniLM-L6-v2,1,2000,177.60975312499795
sbert_top1_mined_mean_rerank_component0p02,sbert,mean+rerank_component0p02,fold_3,647,155,155,0.7026340053382936,0.6709677419354839,0.9290322580645162,0.20580645161290323,0.8548617511520737,0.7663913057296547,sentence-transformers/all-MiniLM-L6-v2,1,2000,177.60975312499795
sbert_top1_mined_mean_rerank_component0p02_product0p01,sbert,mean+rerank_component0p02_product0p01,fold_3,647,155,155,0.7059303004392083,0.6774193548387096,0.9290322580645162,0.20580645161290323,0.8548617511520737,0.768971950890945,sentence-transformers/all-MiniLM-L6-v2,1,2000,177.60975312499795
sbert_top1_mined_mean_rerank_component0p02_product0p01_severity0p005,sbert,mean+rerank_component0p02_product0p01_severity0p005,fold_3,647,155,155,0.7054049129743887,0.6774193548387096,0.9290322580645162,0.20580645161290323,0.8548617511520737,0.7689258679416363,sentence-transformers/all-MiniLM-L6-v2,1,2000,177.60975312499795
sbert_top1_mined_mean_rerank_component0p02_product0p01_severity0p005_priority0p005,sbert,mean+rerank_component0p02_product0p01_severity0p005_priority0p005,fold_3,647,155,155,0.7054049129743887,0.6774193548387096,0.9290322580645162,0.20580645161290323,0.8548617511520737,0.7689258679416363,sentence-transformers/all-MiniLM-L6-v2,1,2000,177.60975312499795
sbert_top1_mined_mean_rerank_component0p05_product0p02,sbert,mean+rerank_component0p05_product0p02,fold_3,647,155,155,0.7047701961137418,0.6903225806451613,0.9290322580645162,0.20451612903225805,0.8549692780337941,0.7737413750152079,sentence-transformers/all-MiniLM-L6-v2,1,2000,177.60975312499795
sbert_top1_mined_mean_rerank_component0p05_product0p02_severity0p01_priority0p01,sbert,mean+rerank_component0p05_product0p02_severity0p01_priority0p01,fold_3,647,155,155,0.7049168881778556,0.6903225806451613,0.9290322580645162,0.20516129032258065,0.8562596006144394,0.7738599923318747,sentence-transformers/all-MiniLM-L6-v2,1,2000,177.60975312499795
sbert_top1_mined_mean_stable_tfidf0p2_metadata0p05_agreement0p05,sbert,mean+stable_tfidf0p2_metadata0p05_agreement0p05,fold_3,647,155,155,0.7350735031038079,0.7290322580645161,0.9354838709677419,0.2038709677419355,0.8518509984639017,0.807008233836976,sentence-transformers/all-MiniLM-L6-v2,1,2000,177.60975312499795
sbert_top1_mined_mean_stable_tfidf0p3_metadata0p08_agreement0p08,sbert,mean+stable_tfidf0p3_metadata0p08_agreement0p08,fold_3,647,155,155,0.7342180749673614,0.7483870967741936,0.9290322580645162,0.20258064516129035,0.8454531490015361,0.8150228667363403,sentence-transformers/all-MiniLM-L6-v2,1,2000,177.60975312499795
sbert_top1_mined_mean_stable_tfidf0p4_metadata0p06_agreement0p1,sbert,mean+stable_tfidf0p4_metadata0p06_agreement0p1,fold_3,647,155,155,0.705018981967509,0.7032258064516129,0.9419354838709677,0.19741935483870968,0.8406144393241167,0.7876936749590706,sentence-transformers/all-MiniLM-L6-v2,1,2000,177.60975312499795
sbert_top1_mined_mean_rerank_component0p02_stable_tfidf0p2_metadata0p05_agreement0p05,sbert,mean+rerank_component0p02+stable_tfidf0p2_metadata0p05_agreement0p05,fold_3,647,155,155,0.7314566807553976,0.7290322580645161,0.9354838709677419,0.2032258064516129,0.8510445468509985,0.8072200933565022,sentence-transformers/all-MiniLM-L6-v2,1,2000,177.60975312499795
sbert_top1_mined_mean_rerank_component0p02_stable_tfidf0p3_metadata0p08_agreement0p08,sbert,mean+rerank_component0p02+stable_tfidf0p3_metadata0p08_agreement0p08,fold_3,647,155,155,0.7335800729675986,0.7483870967741936,0.9290322580645162,0.2006451612903226,0.8387864823348694,0.8131844035549654,sentence-transformers/all-MiniLM-L6-v2,1,2000,177.60975312499795
sbert_top1_mined_mean_rerank_component0p02_stable_tfidf0p4_metadata0p06_agreement0p1,sbert,mean+rerank_component0p02+stable_tfidf0p4_metadata0p06_agreement0p1,fold_3,647,155,155,0.7046135607991173,0.7032258064516129,0.9354838709677419,0.19612903225806452,0.8378187403993855,0.7875246596646205,sentence-transformers/all-MiniLM-L6-v2,1,2000,177.60975312499795
sbert_top1_mined_mean_rerank_component0p02_product0p01_stable_tfidf0p2_metadata0p05_agreement0p05,sbert,mean+rerank_component0p02_product0p01+stable_tfidf0p2_metadata0p05_agreement0p05,fold_3,647,155,155,0.7339027143479508,0.7354838709677419,0.9354838709677419,0.2032258064516129,0.8510445468509985,0.8099371209477031,sentence-transformers/all-MiniLM-L6-v2,1,2000,177.60975312499795
sbert_top1_mined_mean_rerank_component0p02_product0p01_stable_tfidf0p3_metadata0p08_agreement0p08,sbert,mean+rerank_component0p02_product0p01+stable_tfidf0p3_metadata0p08_agreement0p08,fold_3,647,155,155,0.7317340129890334,0.7419354838709677,0.9290322580645162,0.2006451612903226,0.8387864823348694,0.8102652314676313,sentence-transformers/all-MiniLM-L6-v2,1,2000,177.60975312499795
sbert_top1_mined_mean_rerank_component0p02_product0p01_stable_tfidf0p4_metadata0p06_agreement0p1,sbert,mean+rerank_component0p02_product0p01+stable_tfidf0p4_metadata0p06_agreement0p1,fold_3,647,155,155,0.7047162591071449,0.7032258064516129,0.9354838709677419,0.19548387096774195,0.835668202764977,0.7871449060316599,sentence-transformers/all-MiniLM-L6-v2,1,2000,177.60975312499795
sbert_top1_mined_mean_rerank_component0p02_product0p01_severity0p005_stable_tfidf0p2_metadata0p05_agreement0p05,sbert,mean+rerank_component0p02_product0p01_severity0p005+stable_tfidf0p2_metadata0p05_agreement0p05,fold_3,647,155,155,0.733302185246868,0.7354838709677419,0.9354838709677419,0.2038709677419355,0.8523348694316436,0.8093408267454445,sentence-transformers/all-MiniLM-L6-v2,1,2000,177.60975312499795
sbert_top1_mined_mean_rerank_component0p02_product0p01_severity0p005_stable_tfidf0p3_metadata0p08_agreement0p08,sbert,mean+rerank_component0p02_product0p01_severity0p005+stable_tfidf0p3_metadata0p08_agreement0p08,fold_3,647,155,155,0.7308098108519487,0.7419354838709677,0.9225806451612903,0.2,0.8355606758832566,0.8102787626157565,sentence-transformers/all-MiniLM-L6-v2,1,2000,177.60975312499795
sbert_top1_mined_mean_rerank_component0p02_product0p01_severity0p005_stable_tfidf0p4_metadata0p06_agreement0p1,sbert,mean+rerank_component0p02_product0p01_severity0p005+stable_tfidf0p4_metadata0p06_agreement0p1,fold_3,647,155,155,0.7045568815626206,0.7032258064516129,0.9354838709677419,0.19612903225806452,0.8378187403993855,0.7871155809992411,sentence-transformers/all-MiniLM-L6-v2,1,2000,177.60975312499795
sbert_top1_mined_mean_rerank_component0p02_product0p01_severity0p005_priority0p005_stable_tfidf0p2_metadata0p05_agreement0p05,sbert,mean+rerank_component0p02_product0p01_severity0p005_priority0p005+stable_tfidf0p2_metadata0p05_agreement0p05,fold_3,647,155,155,0.733302185246868,0.7354838709677419,0.9354838709677419,0.2038709677419355,0.8523348694316436,0.8093408267454445,sentence-transformers/all-MiniLM-L6-v2,1,2000,177.60975312499795
sbert_top1_mined_mean_rerank_component0p02_product0p01_severity0p005_priority0p005_stable_tfidf0p3_metadata0p08_agreement0p08,sbert,mean+rerank_component0p02_product0p01_severity0p005_priority0p005+stable_tfidf0p3_metadata0p08_agreement0p08,fold_3,647,155,155,0.7308098108519487,0.7419354838709677,0.9225806451612903,0.2,0.8355606758832566,0.8102787626157565,sentence-transformers/all-MiniLM-L6-v2,1,2000,177.60975312499795
sbert_top1_mined_mean_rerank_component0p02_product0p01_severity0p005_priority0p005_stable_tfidf0p4_metadata0p06_agreement0p1,sbert,mean+rerank_component0p02_product0p01_severity0p005_priority0p005+stable_tfidf0p4_metadata0p06_agreement0p1,fold_3,647,155,155,0.7045568815626206,0.7032258064516129,0.9354838709677419,0.19612903225806452,0.8378187403993855,0.7871155809992411,sentence-transformers/all-MiniLM-L6-v2,1,2000,177.60975312499795
sbert_top1_mined_mean_rerank_component0p05_product0p02_stable_tfidf0p2_metadata0p05_agreement0p05,sbert,mean+rerank_component0p05_product0p02+stable_tfidf0p2_metadata0p05_agreement0p05,fold_3,647,155,155,0.7316468393538929,0.7354838709677419,0.9419354838709677,0.2032258064516129,0.8568509984639018,0.8114049709744396,sentence-transformers/all-MiniLM-L6-v2,1,2000,177.60975312499795
sbert_top1_mined_mean_rerank_component0p05_product0p02_stable_tfidf0p3_metadata0p08_agreement0p08,sbert,mean+rerank_component0p05_product0p02+stable_tfidf0p3_metadata0p08_agreement0p08,fold_3,647,155,155,0.7262272224503766,0.7354838709677419,0.9354838709677419,0.2006451612903226,0.844162826420891,0.806389956515712,sentence-transformers/all-MiniLM-L6-v2,1,2000,177.60975312499795
sbert_top1_mined_mean_rerank_component0p05_product0p02_stable_tfidf0p4_metadata0p06_agreement0p1,sbert,mean+rerank_component0p05_product0p02+stable_tfidf0p4_metadata0p06_agreement0p1,fold_3,647,155,155,0.7093099198909412,0.7225806451612903,0.9354838709677419,0.19483870967741934,0.8310983102918587,0.7959731122703245,sentence-transformers/all-MiniLM-L6-v2,1,2000,177.60975312499795
sbert_top1_mined_mean_rerank_component0p05_product0p02_severity0p01_priority0p01_stable_tfidf0p2_metadata0p05_agreement0p05,sbert,mean+rerank_component0p05_product0p02_severity0p01_priority0p01+stable_tfidf0p2_metadata0p05_agreement0p05,fold_3,647,155,155,0.7299797086733412,0.7290322580645161,0.9419354838709677,0.20451612903225805,0.8583026113671275,0.8084491543449666,sentence-transformers/all-MiniLM-L6-v2,1,2000,177.60975312499795
sbert_top1_mined_mean_rerank_component0p05_product0p02_severity0p01_priority0p01_stable_tfidf0p3_metadata0p08_agreement0p08,sbert,mean+rerank_component0p05_product0p02_severity0p01_priority0p01+stable_tfidf0p3_metadata0p08_agreement0p08,fold_3,647,155,155,0.7246062990236678,0.7354838709677419,0.9290322580645162,0.19935483870967743,0.8377112135176652,0.8050887900728427,sentence-transformers/all-MiniLM-L6-v2,1,2000,177.60975312499795
sbert_top1_mined_mean_rerank_component0p05_product0p02_severity0p01_priority0p01_stable_tfidf0p4_metadata0p06_agreement0p1,sbert,mean+rerank_component0p05_product0p02_severity0p01_priority0p01+stable_tfidf0p4_metadata0p06_agreement0p1,fold_3,647,155,155,0.7090542168941669,0.7225806451612903,0.9354838709677419,0.19548387096774195,0.8332488479262673,0.7958053413518773,sentence-transformers/all-MiniLM-L6-v2,1,2000,177.60975312499795
sbert_top1_mined_title75,sbert,title75,fold_3,647,155,155,0.6840746198967907,0.6580645161290323,0.9225806451612903,0.19870967741935483,0.8418970814132104,0.7530558432424916,sentence-transformers/all-MiniLM-L6-v2,1,2000,177.60975312499795
sbert_top1_mined_title75_rerank_component0p02,sbert,title75+rerank_component0p02,fold_3,647,155,155,0.6927426551573937,0.6709677419354839,0.9290322580645162,0.2,0.853509984639017,0.7615646519210796,sentence-transformers/all-MiniLM-L6-v2,1,2000,177.60975312499795
sbert_top1_mined_title75_rerank_component0p02_product0p01,sbert,title75+rerank_component0p02_product0p01,fold_3,647,155,155,0.6919400259952718,0.6709677419354839,0.9290322580645162,0.2,0.853509984639017,0.7613596979618812,sentence-transformers/all-MiniLM-L6-v2,1,2000,177.60975312499795
sbert_top1_mined_title75_rerank_component0p02_product0p01_severity0p005,sbert,title75+rerank_component0p02_product0p01_severity0p005,fold_3,647,155,155,0.6913212283106038,0.6645161290322581,0.9290322580645162,0.2,0.853509984639017,0.7594242140909134,sentence-transformers/all-MiniLM-L6-v2,1,2000,177.60975312499795
sbert_top1_mined_title75_rerank_component0p02_product0p01_severity0p005_priority0p005,sbert,title75+rerank_component0p02_product0p01_severity0p005_priority0p005,fold_3,647,155,155,0.6913212283106038,0.6645161290322581,0.9290322580645162,0.2,0.853509984639017,0.7594242140909134,sentence-transformers/all-MiniLM-L6-v2,1,2000,177.60975312499795
sbert_top1_mined_title75_rerank_component0p05_product0p02,sbert,title75+rerank_component0p05_product0p02,fold_3,647,155,155,0.683673346821223,0.6516129032258065,0.9354838709677419,0.20258064516129035,0.8589938556067589,0.7503974431765963,sentence-transformers/all-MiniLM-L6-v2,1,2000,177.60975312499795
sbert_top1_mined_title75_rerank_component0p05_product0p02_severity0p01_priority0p01,sbert,title75+rerank_component0p05_product0p02_severity0p01_priority0p01,fold_3,647,155,155,0.6847676482189005,0.6580645161290323,0.9354838709677419,0.2038709677419355,0.8605606758832565,0.7548341178072688,sentence-transformers/all-MiniLM-L6-v2,1,2000,177.60975312499795
sbert_top1_mined_title75_stable_tfidf0p2_metadata0p05_agreement0p05,sbert,title75+stable_tfidf0p2_metadata0p05_agreement0p05,fold_3,647,155,155,0.7268084922197077,0.7225806451612903,0.9483870967741935,0.2006451612903226,0.8570430107526882,0.8024419580088802,sentence-transformers/all-MiniLM-L6-v2,1,2000,177.60975312499795
sbert_top1_mined_title75_stable_tfidf0p3_metadata0p08_agreement0p08,sbert,title75+stable_tfidf0p3_metadata0p08_agreement0p08,fold_3,647,155,155,0.7247750729982101,0.7290322580645161,0.9419354838709677,0.19612903225806452,0.839516129032258,0.8055827840241383,sentence-transformers/all-MiniLM-L6-v2,1,2000,177.60975312499795
sbert_top1_mined_title75_stable_tfidf0p4_metadata0p06_agreement0p1,sbert,title75+stable_tfidf0p4_metadata0p06_agreement0p1,fold_3,647,155,155,0.7016336211966866,0.7096774193548387,0.9290322580645162,0.19032258064516128,0.8164746543778802,0.7937418013270311,sentence-transformers/all-MiniLM-L6-v2,1,2000,177.60975312499795
sbert_top1_mined_title75_rerank_component0p02_stable_tfidf0p2_metadata0p05_agreement0p05,sbert,title75+rerank_component0p02+stable_tfidf0p2_metadata0p05_agreement0p05,fold_3,647,155,155,0.7291516431954554,0.7161290322580646,0.9548387096774194,0.20129032258064516,0.8600000000000001,0.7990386414902544,sentence-transformers/all-MiniLM-L6-v2,1,2000,177.60975312499795
sbert_top1_mined_title75_rerank_component0p02_stable_tfidf0p3_metadata0p08_agreement0p08,sbert,title75+rerank_component0p02+stable_tfidf0p3_metadata0p08_agreement0p08,fold_3,647,155,155,0.7232338613068231,0.7290322580645161,0.9419354838709677,0.19741935483870968,0.8416129032258064,0.8068494855968135,sentence-transformers/all-MiniLM-L6-v2,1,2000,177.60975312499795
sbert_top1_mined_title75_rerank_component0p02_stable_tfidf0p4_metadata0p06_agreement0p1,sbert,title75+rerank_component0p02+stable_tfidf0p4_metadata0p06_agreement0p1,fold_3,647,155,155,0.6988024620880519,0.7032258064516129,0.9354838709677419,0.19225806451612903,0.8240322580645161,0.7918693716449156,sentence-transformers/all-MiniLM-L6-v2,1,2000,177.60975312499795
sbert_top1_mined_title75_rerank_component0p02_product0p01_stable_tfidf0p2_metadata0p05_agreement0p05,sbert,title75+rerank_component0p02_product0p01+stable_tfidf0p2_metadata0p05_agreement0p05,fold_3,647,155,155,0.7313132656421971,0.7225806451612903,0.9548387096774194,0.20129032258064516,0.8596774193548387,0.8018958559114937,sentence-transformers/all-MiniLM-L6-v2,1,2000,177.60975312499795
sbert_top1_mined_title75_rerank_component0p02_product0p01_stable_tfidf0p3_metadata0p08_agreement0p08,sbert,title75+rerank_component0p02_product0p01+stable_tfidf0p3_metadata0p08_agreement0p08,fold_3,647,155,155,0.7219951873080765,0.7354838709677419,0.9419354838709677,0.19612903225806452,0.8391935483870967,0.8098031078254216,sentence-transformers/all-MiniLM-L6-v2,1,2000,177.60975312499795
sbert_top1_mined_title75_rerank_component0p02_product0p01_stable_tfidf0p4_metadata0p06_agreement0p1,sbert,title75+rerank_component0p02_product0p01+stable_tfidf0p4_metadata0p06_agreement0p1,fold_3,647,155,155,0.6963350901123672,0.6967741935483871,0.9354838709677419,0.19225806451612903,0.8240322580645161,0.7885313315068292,sentence-transformers/all-MiniLM-L6-v2,1,2000,177.60975312499795
sbert_top1_mined_title75_rerank_component0p02_product0p01_severity0p005_stable_tfidf0p2_metadata0p05_agreement0p05,sbert,title75+rerank_component0p02_product0p01_severity0p005+stable_tfidf0p2_metadata0p05_agreement0p05,fold_3,647,155,155,0.7307063264008056,0.7225806451612903,0.9483870967741935,0.2006451612903226,0.8564516129032258,0.802046318660871,sentence-transformers/all-MiniLM-L6-v2,1,2000,177.60975312499795
sbert_top1_mined_title75_rerank_component0p02_product0p01_severity0p005_stable_tfidf0p3_metadata0p08_agreement0p08,sbert,title75+rerank_component0p02_product0p01_severity0p005+stable_tfidf0p3_metadata0p08_agreement0p08,fold_3,647,155,155,0.7221479299460972,0.7354838709677419,0.9419354838709677,0.19548387096774195,0.8375806451612903,0.8099408269842754,sentence-transformers/all-MiniLM-L6-v2,1,2000,177.60975312499795
sbert_top1_mined_title75_rerank_component0p02_product0p01_severity0p005_stable_tfidf0p4_metadata0p06_agreement0p1,sbert,title75+rerank_component0p02_product0p01_severity0p005+stable_tfidf0p4_metadata0p06_agreement0p1,fold_3,647,155,155,0.6962780034982111,0.6967741935483871,0.9354838709677419,0.19225806451612903,0.8240322580645161,0.7885038598250679,sentence-transformers/all-MiniLM-L6-v2,1,2000,177.60975312499795
sbert_top1_mined_title75_rerank_component0p02_product0p01_severity0p005_priority0p005_stable_tfidf0p2_metadata0p05_agreement0p05,sbert,title75+rerank_component0p02_product0p01_severity0p005_priority0p005+stable_tfidf0p2_metadata0p05_agreement0p05,fold_3,647,155,155,0.7307063264008056,0.7225806451612903,0.9483870967741935,0.2006451612903226,0.8564516129032258,0.802046318660871,sentence-transformers/all-MiniLM-L6-v2,1,2000,177.60975312499795
sbert_top1_mined_title75_rerank_component0p02_product0p01_severity0p005_priority0p005_stable_tfidf0p3_metadata0p08_agreement0p08,sbert,title75+rerank_component0p02_product0p01_severity0p005_priority0p005+stable_tfidf0p3_metadata0p08_agreement0p08,fold_3,647,155,155,0.7221479299460972,0.7354838709677419,0.9419354838709677,0.19548387096774195,0.8375806451612903,0.8099408269842754,sentence-transformers/all-MiniLM-L6-v2,1,2000,177.60975312499795
sbert_top1_mined_title75_rerank_component0p02_product0p01_severity0p005_priority0p005_stable_tfidf0p4_metadata0p06_agreement0p1,sbert,title75+rerank_component0p02_product0p01_severity0p005_priority0p005+stable_tfidf0p4_metadata0p06_agreement0p1,fold_3,647,155,155,0.6962780034982111,0.6967741935483871,0.9354838709677419,0.19225806451612903,0.8240322580645161,0.7885038598250679,sentence-transformers/all-MiniLM-L6-v2,1,2000,177.60975312499795
sbert_top1_mined_title75_rerank_component0p05_product0p02_stable_tfidf0p2_metadata0p05_agreement0p05,sbert,title75+rerank_component0p05_product0p02+stable_tfidf0p2_metadata0p05_agreement0p05,fold_3,647,155,155,0.7280223431197798,0.7161290322580646,0.9483870967741935,0.2006451612903226,0.8553763440860216,0.7998153945940737,sentence-transformers/all-MiniLM-L6-v2,1,2000,177.60975312499795
sbert_top1_mined_title75_rerank_component0p05_product0p02_stable_tfidf0p3_metadata0p08_agreement0p08,sbert,title75+rerank_component0p05_product0p02+stable_tfidf0p3_metadata0p08_agreement0p08,fold_3,647,155,155,0.7142410242710923,0.7225806451612903,0.9354838709677419,0.1967741935483871,0.8374193548387098,0.8030196020292412,sentence-transformers/all-MiniLM-L6-v2,1,2000,177.60975312499795
sbert_top1_mined_title75_rerank_component0p05_product0p02_stable_tfidf0p4_metadata0p06_agreement0p1,sbert,title75+rerank_component0p05_product0p02+stable_tfidf0p4_metadata0p06_agreement0p1,fold_3,647,155,155,0.6921238551215982,0.6967741935483871,0.9354838709677419,0.19096774193548388,0.8216666666666667,0.7853967474429082,sentence-transformers/all-MiniLM-L6-v2,1,2000,177.60975312499795
sbert_top1_mined_title75_rerank_component0p05_product0p02_severity0p01_priority0p01_stable_tfidf0p2_metadata0p05_agreement0p05,sbert,title75+rerank_component0p05_product0p02_severity0p01_priority0p01+stable_tfidf0p2_metadata0p05_agreement0p05,fold_3,647,155,155,0.727606599449818,0.7161290322580646,0.9483870967741935,0.2006451612903226,0.8553763440860216,0.7992833238366032,sentence-transformers/all-MiniLM-L6-v2,1,2000,177.60975312499795
sbert_top1_mined_title75_rerank_component0p05_product0p02_severity0p01_priority0p01_stable_tfidf0p3_metadata0p08_agreement0p08,sbert,title75+rerank_component0p05_product0p02_severity0p01_priority0p01+stable_tfidf0p3_metadata0p08_agreement0p08,fold_3,647,155,155,0.7136574571997018,0.7225806451612903,0.9354838709677419,0.1967741935483871,0.8374193548387098,0.8024524506072689,sentence-transformers/all-MiniLM-L6-v2,1,2000,177.60975312499795
sbert_top1_mined_title75_rerank_component0p05_product0p02_severity0p01_priority0p01_stable_tfidf0p4_metadata0p06_agreement0p1,sbert,title75+rerank_component0p05_product0p02_severity0p01_priority0p01+stable_tfidf0p4_metadata0p06_agreement0p1,fold_3,647,155,155,0.6928851211978939,0.6967741935483871,0.9354838709677419,0.19161290322580646,0.8224731182795699,0.7857545444927103,sentence-transformers/all-MiniLM-L6-v2,1,2000,177.60975312499795
sbert_top1_mined_content75,sbert,content75,fold_3,647,155,155,0.6223558173779421,0.5870967741935483,0.9032258064516129,0.2006451612903226,0.8229493087557604,0.691464133277692,sentence-transformers/all-MiniLM-L6-v2,1,2000,177.60975312499795
sbert_top1_mined_content75_rerank_component0p02,sbert,content75+rerank_component0p02,fold_3,647,155,155,0.638296420772217,0.6,0.9096774193548387,0.20193548387096774,0.8315514592933948,0.702741468904875,sentence-transformers/all-MiniLM-L6-v2,1,2000,177.60975312499795
sbert_top1_mined_content75_rerank_component0p02_product0p01,sbert,content75+rerank_component0p02_product0p01,fold_3,647,155,155,0.6355860203854203,0.6,0.9096774193548387,0.20193548387096774,0.8315514592933948,0.7010910121177458,sentence-transformers/all-MiniLM-L6-v2,1,2000,177.60975312499795
sbert_top1_mined_content75_rerank_component0p02_product0p01_severity0p005,sbert,content75+rerank_component0p02_product0p01_severity0p005,fold_3,647,155,155,0.6365742803262396,0.6,0.9096774193548387,0.20193548387096774,0.8315514592933948,0.7014605291001661,sentence-transformers/all-MiniLM-L6-v2,1,2000,177.60975312499795
sbert_top1_mined_content75_rerank_component0p02_product0p01_severity0p005_priority0p005,sbert,content75+rerank_component0p02_product0p01_severity0p005_priority0p005,fold_3,647,155,155,0.6365742803262396,0.6,0.9096774193548387,0.20193548387096774,0.8315514592933948,0.7014605291001661,sentence-transformers/all-MiniLM-L6-v2,1,2000,177.60975312499795
sbert_top1_mined_content75_rerank_component0p05_product0p02,sbert,content75+rerank_component0p05_product0p02,fold_3,647,155,155,0.6391065060125763,0.6064516129032258,0.9096774193548387,0.2,0.8191090629800307,0.7072389170275104,sentence-transformers/all-MiniLM-L6-v2,1,2000,177.60975312499795
sbert_top1_mined_content75_rerank_component0p05_product0p02_severity0p01_priority0p01,sbert,content75+rerank_component0p05_product0p02_severity0p01_priority0p01,fold_3,647,155,155,0.6455501772547158,0.6129032258064516,0.9096774193548387,0.2,0.8191090629800307,0.7131887378160408,sentence-transformers/all-MiniLM-L6-v2,1,2000,177.60975312499795
sbert_top1_mined_content75_stable_tfidf0p2_metadata0p05_agreement0p05,sbert,content75+stable_tfidf0p2_metadata0p05_agreement0p05,fold_3,647,155,155,0.6842656744807113,0.6709677419354839,0.9161290322580645,0.2032258064516129,0.835752688172043,0.7628707541337159,sentence-transformers/all-MiniLM-L6-v2,1,2000,177.60975312499795
sbert_top1_mined_content75_stable_tfidf0p3_metadata0p08_agreement0p08,sbert,content75+stable_tfidf0p3_metadata0p08_agreement0p08,fold_3,647,155,155,0.6824151862617492,0.6903225806451613,0.9032258064516129,0.19741935483870968,0.8176881720430107,0.7687275318913874,sentence-transformers/all-MiniLM-L6-v2,1,2000,177.60975312499795
sbert_top1_mined_content75_stable_tfidf0p4_metadata0p06_agreement0p1,sbert,content75+stable_tfidf0p4_metadata0p06_agreement0p1,fold_3,647,155,155,0.6705939395501128,0.6709677419354839,0.8838709677419355,0.19032258064516128,0.7803225806451614,0.7577721987489104,sentence-transformers/all-MiniLM-L6-v2,1,2000,177.60975312499795
sbert_top1_mined_content75_rerank_component0p02_stable_tfidf0p2_metadata0p05_agreement0p05,sbert,content75+rerank_component0p02+stable_tfidf0p2_metadata0p05_agreement0p05,fold_3,647,155,155,0.6885436313393539,0.6774193548387096,0.9161290322580645,0.20451612903225805,0.8376344086021505,0.7676606084918814,sentence-transformers/all-MiniLM-L6-v2,1,2000,177.60975312499795
sbert_top1_mined_content75_rerank_component0p02_stable_tfidf0p3_metadata0p08_agreement0p08,sbert,content75+rerank_component0p02+stable_tfidf0p3_metadata0p08_agreement0p08,fold_3,647,155,155,0.6771218131039638,0.6838709677419355,0.896774193548387,0.1941935483870968,0.8017741935483871,0.7649009431770006,sentence-transformers/all-MiniLM-L6-v2,1,2000,177.60975312499795
sbert_top1_mined_content75_rerank_component0p02_stable_tfidf0p4_metadata0p06_agreement0p1,sbert,content75+rerank_component0p02+stable_tfidf0p4_metadata0p06_agreement0p1,fold_3,647,155,155,0.6721719298897416,0.6774193548387096,0.8838709677419355,0.19096774193548388,0.7835483870967742,0.7619460025209625,sentence-transformers/all-MiniLM-L6-v2,1,2000,177.60975312499795
sbert_top1_mined_content75_rerank_component0p02_product0p01_stable_tfidf0p2_metadata0p05_agreement0p05,sbert,content75+rerank_component0p02_product0p01+stable_tfidf0p2_metadata0p05_agreement0p05,fold_3,647,155,155,0.6866615978724889,0.6774193548387096,0.9161290322580645,0.20451612903225805,0.8376344086021505,0.7667764151756503,sentence-transformers/all-MiniLM-L6-v2,1,2000,177.60975312499795
sbert_top1_mined_content75_rerank_component0p02_product0p01_stable_tfidf0p3_metadata0p08_agreement0p08,sbert,content75+rerank_component0p02_product0p01+stable_tfidf0p3_metadata0p08_agreement0p08,fold_3,647,155,155,0.6769718480703042,0.6838709677419355,0.896774193548387,0.1941935483870968,0.8017741935483871,0.7653423489825988,sentence-transformers/all-MiniLM-L6-v2,1,2000,177.60975312499795
sbert_top1_mined_content75_rerank_component0p02_product0p01_stable_tfidf0p4_metadata0p06_agreement0p1,sbert,content75+rerank_component0p02_product0p01+stable_tfidf0p4_metadata0p06_agreement0p1,fold_3,647,155,155,0.671949289973405,0.6774193548387096,0.8838709677419355,0.19096774193548388,0.7835483870967742,0.7619716346731574,sentence-transformers/all-MiniLM-L6-v2,1,2000,177.60975312499795
sbert_top1_mined_content75_rerank_component0p02_product0p01_severity0p005_stable_tfidf0p2_metadata0p05_agreement0p05,sbert,content75+rerank_component0p02_product0p01_severity0p005+stable_tfidf0p2_metadata0p05_agreement0p05,fold_3,647,155,155,0.6864890350804798,0.6774193548387096,0.9225806451612903,0.20451612903225805,0.8436251920122888,0.7665372194046158,sentence-transformers/all-MiniLM-L6-v2,1,2000,177.60975312499795
sbert_top1_mined_content75_rerank_component0p02_product0p01_severity0p005_stable_tfidf0p3_metadata0p08_agreement0p08,sbert,content75+rerank_component0p02_product0p01_severity0p005+stable_tfidf0p3_metadata0p08_agreement0p08,fold_3,647,155,155,0.6767876511130616,0.6838709677419355,0.896774193548387,0.1941935483870968,0.8017741935483871,0.7653068602221507,sentence-transformers/all-MiniLM-L6-v2,1,2000,177.60975312499795
sbert_top1_mined_content75_rerank_component0p02_product0p01_severity0p005_stable_tfidf0p4_metadata0p06_agreement0p1,sbert,content75+rerank_component0p02_product0p01_severity0p005+stable_tfidf0p4_metadata0p06_agreement0p1,fold_3,647,155,155,0.6712624904539136,0.6774193548387096,0.8838709677419355,0.19096774193548388,0.7835483870967742,0.7610668359822967,sentence-transformers/all-MiniLM-L6-v2,1,2000,177.60975312499795
sbert_top1_mined_content75_rerank_component0p02_product0p01_severity0p005_priority0p005_stable_tfidf0p2_metadata0p05_agreement0p05,sbert,content75+rerank_component0p02_product0p01_severity0p005_priority0p005+stable_tfidf0p2_metadata0p05_agreement0p05,fold_3,647,155,155,0.6864890350804798,0.6774193548387096,0.9225806451612903,0.20451612903225805,0.8436251920122888,0.7665372194046158,sentence-transformers/all-MiniLM-L6-v2,1,2000,177.60975312499795
sbert_top1_mined_content75_rerank_component0p02_product0p01_severity0p005_priority0p005_stable_tfidf0p3_metadata0p08_agreement0p08,sbert,content75+rerank_component0p02_product0p01_severity0p005_priority0p005+stable_tfidf0p3_metadata0p08_agreement0p08,fold_3,647,155,155,0.6767876511130616,0.6838709677419355,0.896774193548387,0.1941935483870968,0.8017741935483871,0.7653068602221507,sentence-transformers/all-MiniLM-L6-v2,1,2000,177.60975312499795
sbert_top1_mined_content75_rerank_component0p02_product0p01_severity0p005_priority0p005_stable_tfidf0p4_metadata0p06_agreement0p1,sbert,content75+rerank_component0p02_product0p01_severity0p005_priority0p005+stable_tfidf0p4_metadata0p06_agreement0p1,fold_3,647,155,155,0.6712624904539136,0.6774193548387096,0.8838709677419355,0.19096774193548388,0.7835483870967742,0.7610668359822967,sentence-transformers/all-MiniLM-L6-v2,1,2000,177.60975312499795
sbert_top1_mined_content75_rerank_component0p05_product0p02_stable_tfidf0p2_metadata0p05_agreement0p05,sbert,content75+rerank_component0p05_product0p02+stable_tfidf0p2_metadata0p05_agreement0p05,fold_3,647,155,155,0.6806039399934279,0.6709677419354839,0.9225806451612903,0.2038709677419355,0.841804915514593,0.7599006410819088,sentence-transformers/all-MiniLM-L6-v2,1,2000,177.60975312499795
sbert_top1_mined_content75_rerank_component0p05_product0p02_stable_tfidf0p3_metadata0p08_agreement0p08,sbert,content75+rerank_component0p05_product0p02+stable_tfidf0p3_metadata0p08_agreement0p08,fold_3,647,155,155,0.6741280135463514,0.6774193548387096,0.896774193548387,0.19548387096774195,0.8038479262672811,0.7610486180407219,sentence-transformers/all-MiniLM-L6-v2,1,2000,177.60975312499795
sbert_top1_mined_content75_rerank_component0p05_product0p02_stable_tfidf0p4_metadata0p06_agreement0p1,sbert,content75+rerank_component0p05_product0p02+stable_tfidf0p4_metadata0p06_agreement0p1,fold_3,647,155,155,0.67231675192511,0.6838709677419355,0.8838709677419355,0.19096774193548388,0.7835483870967742,0.763511264442105,sentence-transformers/all-MiniLM-L6-v2,1,2000,177.60975312499795
sbert_top1_mined_content75_rerank_component0p05_product0p02_severity0p01_priority0p01_stable_tfidf0p2_metadata0p05_agreement0p05,sbert,content75+rerank_component0p05_product0p02_severity0p01_priority0p01+stable_tfidf0p2_metadata0p05_agreement0p05,fold_3,647,155,155,0.6799851898027173,0.6709677419354839,0.9225806451612903,0.2032258064516129,0.8413440860215053,0.7581805907749759,sentence-transformers/all-MiniLM-L6-v2,1,2000,177.60975312499795
sbert_top1_mined_content75_rerank_component0p05_product0p02_severity0p01_priority0p01_stable_tfidf0p3_metadata0p08_agreement0p08,sbert,content75+rerank_component0p05_product0p02_severity0p01_priority0p01+stable_tfidf0p3_metadata0p08_agreement0p08,fold_3,647,155,155,0.6733899220502214,0.6774193548387096,0.8903225806451613,0.1941935483870968,0.7952457757296466,0.7606287520694528,sentence-transformers/all-MiniLM-L6-v2,1,2000,177.60975312499795
sbert_top1_mined_content75_rerank_component0p05_product0p02_severity0p01_priority0p01_stable_tfidf0p4_metadata0p06_agreement0p1,sbert,content75+rerank_component0p05_product0p02_severity0p01_priority0p01+stable_tfidf0p4_metadata0p06_agreement0p1,fold_3,647,155,155,0.6701716351913828,0.6774193548387096,0.8838709677419355,0.19032258064516128,0.7827419354838709,0.7611936533727038,sentence-transformers/all-MiniLM-L6-v2,1,2000,177.60975312499795
"sbert_top1_mined_weighted:0.6,0.4",sbert,"weighted:0.6,0.4",fold_4,637,165,165,0.6887913690525151,0.6666666666666666,0.9030303030303031,0.20363636363636364,0.839112554112554,0.7432861148647126,sentence-transformers/all-MiniLM-L6-v2,1,2000,193.1077569170011
"sbert_top1_mined_weighted:0.6,0.4_rerank_component0p02",sbert,"weighted:0.6,0.4+rerank_component0p02",fold_4,637,165,165,0.691550276420667,0.6666666666666666,0.9030303030303031,0.20363636363636364,0.8328354978354978,0.7470653277680941,sentence-transformers/all-MiniLM-L6-v2,1,2000,193.1077569170011
"sbert_top1_mined_weighted:0.6,0.4_rerank_component0p02_product0p01",sbert,"weighted:0.6,0.4+rerank_component0p02_product0p01",fold_4,637,165,165,0.6877798862772455,0.6606060606060606,0.896969696969697,0.20242424242424242,0.8255627705627706,0.7437542367737187,sentence-transformers/all-MiniLM-L6-v2,1,2000,193.1077569170011
"sbert_top1_mined_weighted:0.6,0.4_rerank_component0p02_product0p01_severity0p005",sbert,"weighted:0.6,0.4+rerank_component0p02_product0p01_severity0p005",fold_4,637,165,165,0.6848564562292216,0.6545454545454545,0.9030303030303031,0.20303030303030303,0.8316233766233767,0.7402253396063356,sentence-transformers/all-MiniLM-L6-v2,1,2000,193.1077569170011
"sbert_top1_mined_weighted:0.6,0.4_rerank_component0p02_product0p01_severity0p005_priority0p005",sbert,"weighted:0.6,0.4+rerank_component0p02_product0p01_severity0p005_priority0p005",fold_4,637,165,165,0.6848564562292216,0.6545454545454545,0.9030303030303031,0.20303030303030303,0.8316233766233767,0.7402253396063356,sentence-transformers/all-MiniLM-L6-v2,1,2000,193.1077569170011
"sbert_top1_mined_weighted:0.6,0.4_rerank_component0p05_product0p02",sbert,"weighted:0.6,0.4+rerank_component0p05_product0p02",fold_4,637,165,165,0.6798180178535007,0.6484848484848484,0.9030303030303031,0.20666666666666667,0.8374098124098124,0.7339540100125076,sentence-transformers/all-MiniLM-L6-v2,1,2000,193.1077569170011
"sbert_top1_mined_weighted:0.6,0.4_rerank_component0p05_product0p02_severity0p01_priority0p01",sbert,"weighted:0.6,0.4+rerank_component0p05_product0p02_severity0p01_priority0p01",fold_4,637,165,165,0.6731154012830664,0.6363636363636364,0.9030303030303031,0.20666666666666667,0.8374098124098124,0.7288030138351955,sentence-transformers/all-MiniLM-L6-v2,1,2000,193.1077569170011
"sbert_top1_mined_weighted:0.6,0.4_stable_tfidf0p2_metadata0p05_agreement0p05",sbert,"weighted:0.6,0.4+stable_tfidf0p2_metadata0p05_agreement0p05",fold_4,637,165,165,0.680900380855608,0.6363636363636364,0.9272727272727272,0.20969696969696972,0.8670995670995671,0.7368720782128493,sentence-transformers/all-MiniLM-L6-v2,1,2000,193.1077569170011
"sbert_top1_mined_weighted:0.6,0.4_stable_tfidf0p3_metadata0p08_agreement0p08",sbert,"weighted:0.6,0.4+stable_tfidf0p3_metadata0p08_agreement0p08",fold_4,637,165,165,0.6647640486464281,0.6424242424242425,0.9151515151515152,0.2,0.8265295815295814,0.7371269534280095,sentence-transformers/all-MiniLM-L6-v2,1,2000,193.1077569170011
"sbert_top1_mined_weighted:0.6,0.4_stable_tfidf0p4_metadata0p06_agreement0p1",sbert,"weighted:0.6,0.4+stable_tfidf0p4_metadata0p06_agreement0p1",fold_4,637,165,165,0.6412137853879385,0.6303030303030303,0.9151515151515152,0.1981818181818182,0.8230519480519479,0.7212428738429839,sentence-transformers/all-MiniLM-L6-v2,1,2000,193.1077569170011
"sbert_top1_mined_weighted:0.6,0.4_rerank_component0p02_stable_tfidf0p2_metadata0p05_agreement0p05",sbert,"weighted:0.6,0.4+rerank_component0p02+stable_tfidf0p2_metadata0p05_agreement0p05",fold_4,637,165,165,0.6809111264031737,0.6363636363636364,0.9333333333333333,0.2078787878787879,0.8618037518037518,0.7373274683012594,sentence-transformers/all-MiniLM-L6-v2,1,2000,193.1077569170011
"sbert_top1_mined_weighted:0.6,0.4_rerank_component0p02_stable_tfidf0p3_metadata0p08_agreement0p08",sbert,"weighted:0.6,0.4+rerank_component0p02+stable_tfidf0p3_metadata0p08_agreement0p08",fold_4,637,165,165,0.6616667606722378,0.6363636363636364,0.9151515151515152,0.20060606060606062,0.8270923520923521,0.7363547017769891,sentence-transformers/all-MiniLM-L6-v2,1,2000,193.1077569170011
"sbert_top1_mined_weighted:0.6,0.4_rerank_component0p02_stable_tfidf0p4_metadata0p06_agreement0p1",sbert,"weighted:0.6,0.4+rerank_component0p02+stable_tfidf0p4_metadata0p06_agreement0p1",fold_4,637,165,165,0.6414261972842902,0.6303030303030303,0.9151515151515152,0.19757575757575757,0.8215151515151515,0.7221315440472996,sentence-transformers/all-MiniLM-L6-v2,1,2000,193.1077569170011
"sbert_top1_mined_weighted:0.6,0.4_rerank_component0p02_product0p01_stable_tfidf0p2_metadata0p05_agreement0p05",sbert,"weighted:0.6,0.4+rerank_component0p02_product0p01+stable_tfidf0p2_metadata0p05_agreement0p05",fold_4,637,165,165,0.6798676467504726,0.6363636363636364,0.9333333333333333,0.2078787878787879,0.8618037518037518,0.738428197011015,sentence-transformers/all-MiniLM-L6-v2,1,2000,193.1077569170011
"sbert_top1_mined_weighted:0.6,0.4_rerank_component0p02_product0p01_stable_tfidf0p3_metadata0p08_agreement0p08",sbert,"weighted:0.6,0.4+rerank_component0p02_product0p01+stable_tfidf0p3_metadata0p08_agreement0p08",fold_4,637,165,165,0.6607417538822464,0.6363636363636364,0.9151515151515152,0.20060606060606062,0.8270923520923521,0.7350794433596564,sentence-transformers/all-MiniLM-L6-v2,1,2000,193.1077569170011
"sbert_top1_mined_weighted:0.6,0.4_rerank_component0p02_product0p01_stable_tfidf0p4_metadata0p06_agreement0p1",sbert,"weighted:0.6,0.4+rerank_component0p02_product0p01+stable_tfidf0p4_metadata0p06_agreement0p1",fold_4,637,165,165,0.640604860786415,0.6363636363636364,0.9090909090909091,0.19636363636363635,0.8124242424242425,0.7250201827341977,sentence-transformers/all-MiniLM-L6-v2,1,2000,193.1077569170011
"sbert_top1_mined_weighted:0.6,0.4_rerank_component0p02_product0p01_severity0p005_stable_tfidf0p2_metadata0p05_agreement0p05",sbert,"weighted:0.6,0.4+rerank_component0p02_product0p01_severity0p005+stable_tfidf0p2_metadata0p05_agreement0p05",fold_4,637,165,165,0.6813665606456593,0.6363636363636364,0.9333333333333333,0.2072727272727273,0.8609379509379509,0.7384291094780521,sentence-transformers/all-MiniLM-L6-v2,1,2000,193.1077569170011
"sbert_top1_mined_weighted:0.6,0.4_rerank_component0p02_product0p01_severity0p005_stable_tfidf0p3_metadata0p08_agreement0p08",sbert,"weighted:0.6,0.4+rerank_component0p02_product0p01_severity0p005+stable_tfidf0p3_metadata0p08_agreement0p08",fold_4,637,165,165,0.6570084056307768,0.6303030303030303,0.9151515151515152,0.20060606060606062,0.8270923520923521,0.7320699818784808,sentence-transformers/all-MiniLM-L6-v2,1,2000,193.1077569170011
"sbert_top1_mined_weighted:0.6,0.4_rerank_component0p02_product0p01_severity0p005_stable_tfidf0p4_metadata0p06_agreement0p1",sbert,"weighted:0.6,0.4+rerank_component0p02_product0p01_severity0p005+stable_tfidf0p4_metadata0p06_agreement0p1",fold_4,637,165,165,0.6405599653051183,0.6363636363636364,0.9090909090909091,0.19636363636363635,0.8124242424242425,0.7253213376724493,sentence-transformers/all-MiniLM-L6-v2,1,2000,193.1077569170011
"sbert_top1_mined_weighted:0.6,0.4_rerank_component0p02_product0p01_severity0p005_priority0p005_stable_tfidf0p2_metadata0p05_agreement0p05",sbert,"weighted:0.6,0.4+rerank_component0p02_product0p01_severity0p005_priority0p005+stable_tfidf0p2_metadata0p05_agreement0p05",fold_4,637,165,165,0.6813665606456593,0.6363636363636364,0.9333333333333333,0.2072727272727273,0.8609379509379509,0.7384291094780521,sentence-transformers/all-MiniLM-L6-v2,1,2000,193.1077569170011
"sbert_top1_mined_weighted:0.6,0.4_rerank_component0p02_product0p01_severity0p005_priority0p005_stable_tfidf0p3_metadata0p08_agreement0p08",sbert,"weighted:0.6,0.4+rerank_component0p02_product0p01_severity0p005_priority0p005+stable_tfidf0p3_metadata0p08_agreement0p08",fold_4,637,165,165,0.6570084056307768,0.6303030303030303,0.9151515151515152,0.20060606060606062,0.8270923520923521,0.7320699818784808,sentence-transformers/all-MiniLM-L6-v2,1,2000,193.1077569170011
"sbert_top1_mined_weighted:0.6,0.4_rerank_component0p02_product0p01_severity0p005_priority0p005_stable_tfidf0p4_metadata0p06_agreement0p1",sbert,"weighted:0.6,0.4+rerank_component0p02_product0p01_severity0p005_priority0p005+stable_tfidf0p4_metadata0p06_agreement0p1",fold_4,637,165,165,0.6405599653051183,0.6363636363636364,0.9090909090909091,0.19636363636363635,0.8124242424242425,0.7253213376724493,sentence-transformers/all-MiniLM-L6-v2,1,2000,193.1077569170011
"sbert_top1_mined_weighted:0.6,0.4_rerank_component0p05_product0p02_stable_tfidf0p2_metadata0p05_agreement0p05",sbert,"weighted:0.6,0.4+rerank_component0p05_product0p02+stable_tfidf0p2_metadata0p05_agreement0p05",fold_4,637,165,165,0.6762063935417941,0.6363636363636364,0.9333333333333333,0.2072727272727273,0.8595093795093794,0.7377790653781088,sentence-transformers/all-MiniLM-L6-v2,1,2000,193.1077569170011
"sbert_top1_mined_weighted:0.6,0.4_rerank_component0p05_product0p02_stable_tfidf0p3_metadata0p08_agreement0p08",sbert,"weighted:0.6,0.4+rerank_component0p05_product0p02+stable_tfidf0p3_metadata0p08_agreement0p08",fold_4,637,165,165,0.6558971020272735,0.6303030303030303,0.9090909090909091,0.20121212121212123,0.8227272727272728,0.7308151038110872,sentence-transformers/all-MiniLM-L6-v2,1,2000,193.1077569170011
"sbert_top1_mined_weighted:0.6,0.4_rerank_component0p05_product0p02_stable_tfidf0p4_metadata0p06_agreement0p1",sbert,"weighted:0.6,0.4+rerank_component0p05_product0p02+stable_tfidf0p4_metadata0p06_agreement0p1",fold_4,637,165,165,0.6394601300759718,0.6363636363636364,0.9030303030303031,0.19515151515151516,0.8054545454545455,0.725331605890882,sentence-transformers/all-MiniLM-L6-v2,1,2000,193.1077569170011
"sbert_top1_mined_weighted:0.6,0.4_rerank_component0p05_product0p02_severity0p01_priority0p01_stable_tfidf0p2_metadata0p05_agreement0p05",sbert,"weighted:0.6,0.4+rerank_component0p05_product0p02_severity0p01_priority0p01+stable_tfidf0p2_metadata0p05_agreement0p05",fold_4,637,165,165,0.6798883321315649,0.6363636363636364,0.9333333333333333,0.20848484848484847,0.8603751803751802,0.7419327771019468,sentence-transformers/all-MiniLM-L6-v2,1,2000,193.1077569170011
"sbert_top1_mined_weighted:0.6,0.4_rerank_component0p05_product0p02_severity0p01_priority0p01_stable_tfidf0p3_metadata0p08_agreement0p08",sbert,"weighted:0.6,0.4+rerank_component0p05_product0p02_severity0p01_priority0p01+stable_tfidf0p3_metadata0p08_agreement0p08",fold_4,637,165,165,0.6538502497349389,0.6303030303030303,0.9090909090909091,0.20060606060606062,0.8215151515151515,0.7289419517294193,sentence-transformers/all-MiniLM-L6-v2,1,2000,193.1077569170011
"sbert_top1_mined_weighted:0.6,0.4_rerank_component0p05_product0p02_severity0p01_priority0p01_stable_tfidf0p4_metadata0p06_agreement0p1",sbert,"weighted:0.6,0.4+rerank_component0p05_product0p02_severity0p01_priority0p01+stable_tfidf0p4_metadata0p06_agreement0p1",fold_4,637,165,165,0.6370854591551836,0.6303030303030303,0.9030303030303031,0.19515151515151516,0.8054545454545455,0.723381666232778,sentence-transformers/all-MiniLM-L6-v2,1,2000,193.1077569170011
sbert_top1_mined_mean,sbert,mean,fold_4,637,165,165,0.6894696246188733,0.6666666666666666,0.896969696969697,0.20181818181818184,0.8257070707070707,0.7449184687658507,sentence-transformers/all-MiniLM-L6-v2,1,2000,193.1077569170011
sbert_top1_mined_mean_rerank_component0p02,sbert,mean+rerank_component0p02,fold_4,637,165,165,0.6957637289472985,0.6727272727272727,0.9030303030303031,0.20424242424242425,0.8354112554112555,0.750495300310938,sentence-transformers/all-MiniLM-L6-v2,1,2000,193.1077569170011
sbert_top1_mined_mean_rerank_component0p02_product0p01,sbert,mean+rerank_component0p02_product0p01,fold_4,637,165,165,0.6855165074224098,0.6606060606060606,0.9030303030303031,0.20424242424242425,0.8354112554112555,0.7427355969238879,sentence-transformers/all-MiniLM-L6-v2,1,2000,193.1077569170011
sbert_top1_mined_mean_rerank_component0p02_product0p01_severity0p005,sbert,mean+rerank_component0p02_product0p01_severity0p005,fold_4,637,165,165,0.6863363270873082,0.6606060606060606,0.9090909090909091,0.20484848484848486,0.8414718614718616,0.7428994515735956,sentence-transformers/all-MiniLM-L6-v2,1,2000,193.1077569170011
sbert_top1_mined_mean_rerank_component0p02_product0p01_severity0p005_priority0p005,sbert,mean+rerank_component0p02_product0p01_severity0p005_priority0p005,fold_4,637,165,165,0.6858312765822577,0.6606060606060606,0.9090909090909091,0.20484848484848486,0.8414718614718616,0.7423944010685452,sentence-transformers/all-MiniLM-L6-v2,1,2000,193.1077569170011
sbert_top1_mined_mean_rerank_component0p05_product0p02,sbert,mean+rerank_component0p05_product0p02,fold_4,637,165,165,0.6804389379498954,0.6484848484848484,0.9090909090909091,0.20666666666666667,0.8410966810966811,0.7372593788961453,sentence-transformers/all-MiniLM-L6-v2,1,2000,193.1077569170011
sbert_top1_mined_mean_rerank_component0p05_product0p02_severity0p01_priority0p01,sbert,mean+rerank_component0p05_product0p02_severity0p01_priority0p01,fold_4,637,165,165,0.6804242342950169,0.6484848484848484,0.9090909090909091,0.20606060606060606,0.8426118326118326,0.7379672051564777,sentence-transformers/all-MiniLM-L6-v2,1,2000,193.1077569170011
sbert_top1_mined_mean_stable_tfidf0p2_metadata0p05_agreement0p05,sbert,mean+stable_tfidf0p2_metadata0p05_agreement0p05,fold_4,637,165,165,0.6812638394314074,0.6484848484848484,0.9090909090909091,0.20666666666666667,0.8422510822510821,0.7429703257322462,sentence-transformers/all-MiniLM-L6-v2,1,2000,193.1077569170011
sbert_top1_mined_mean_stable_tfidf0p3_metadata0p08_agreement0p08,sbert,mean+stable_tfidf0p3_metadata0p08_agreement0p08,fold_4,637,165,165,0.6713020377072808,0.6424242424242425,0.9090909090909091,0.20424242424242425,0.8355772005772006,0.7393607210562496,sentence-transformers/all-MiniLM-L6-v2,1,2000,193.1077569170011
sbert_top1_mined_mean_stable_tfidf0p4_metadata0p06_agreement0p1,sbert,mean+stable_tfidf0p4_metadata0p06_agreement0p1,fold_4,637,165,165,0.6555092171035442,0.6424242424242425,0.896969696969697,0.1981818181818182,0.8096897546897548,0.7318847138873515,sentence-transformers/all-MiniLM-L6-v2,1,2000,193.1077569170011
sbert_top1_mined_mean_rerank_component0p02_stable_tfidf0p2_metadata0p05_agreement0p05,sbert,mean+rerank_component0p02+stable_tfidf0p2_metadata0p05_agreement0p05,fold_4,637,165,165,0.6841851792169622,0.6484848484848484,0.9151515151515152,0.2078787878787879,0.8488961038961039,0.7438168514176778,sentence-transformers/all-MiniLM-L6-v2,1,2000,193.1077569170011
sbert_top1_mined_mean_rerank_component0p02_stable_tfidf0p3_metadata0p08_agreement0p08,sbert,mean+rerank_component0p02+stable_tfidf0p3_metadata0p08_agreement0p08,fold_4,637,165,165,0.671172080266735,0.6484848484848484,0.9090909090909091,0.20424242424242425,0.8359018759018759,0.7427155110474032,sentence-transformers/all-MiniLM-L6-v2,1,2000,193.1077569170011
sbert_top1_mined_mean_rerank_component0p02_stable_tfidf0p4_metadata0p06_agreement0p1,sbert,mean+rerank_component0p02+stable_tfidf0p4_metadata0p06_agreement0p1,fold_4,637,165,165,0.6543354407472947,0.6545454545454545,0.896969696969697,0.19939393939393937,0.8124170274170274,0.737622506002149,sentence-transformers/all-MiniLM-L6-v2,1,2000,193.1077569170011
sbert_top1_mined_mean_rerank_component0p02_product0p01_stable_tfidf0p2_metadata0p05_agreement0p05,sbert,mean+rerank_component0p02_product0p01+stable_tfidf0p2_metadata0p05_agreement0p05,fold_4,637,165,165,0.68246444975974,0.6484848484848484,0.9151515151515152,0.20909090909090908,0.849935064935065,0.7427063446449071,sentence-transformers/all-MiniLM-L6-v2,1,2000,193.1077569170011
sbert_top1_mined_mean_rerank_component0p02_product0p01_stable_tfidf0p3_metadata0p08_agreement0p08,sbert,mean+rerank_component0p02_product0p01+stable_tfidf0p3_metadata0p08_agreement0p08,fold_4,637,165,165,0.6710818009640216,0.6484848484848484,0.9030303030303031,0.20363636363636364,0.8298412698412698,0.742732207759287,sentence-transformers/all-MiniLM-L6-v2,1,2000,193.1077569170011
sbert_top1_mined_mean_rerank_component0p02_product0p01_stable_tfidf0p4_metadata0p06_agreement0p1,sbert,mean+rerank_component0p02_product0p01+stable_tfidf0p4_metadata0p06_agreement0p1,fold_4,637,165,165,0.6533986015401174,0.6545454545454545,0.8909090909090909,0.1981818181818182,0.8048412698412698,0.7374302413464894,sentence-transformers/all-MiniLM-L6-v2,1,2000,193.1077569170011
sbert_top1_mined_mean_rerank_component0p02_product0p01_severity0p005_stable_tfidf0p2_metadata0p05_agreement0p05,sbert,mean+rerank_component0p02_product0p01_severity0p005+stable_tfidf0p2_metadata0p05_agreement0p05,fold_4,637,165,165,0.6817115621826648,0.6484848484848484,0.9151515151515152,0.20909090909090908,0.849935064935065,0.743141421572079,sentence-transformers/all-MiniLM-L6-v2,1,2000,193.1077569170011
sbert_top1_mined_mean_rerank_component0p02_product0p01_severity0p005_stable_tfidf0p3_metadata0p08_agreement0p08,sbert,mean+rerank_component0p02_product0p01_severity0p005+stable_tfidf0p3_metadata0p08_agreement0p08,fold_4,637,165,165,0.6708449784447932,0.6484848484848484,0.9030303030303031,0.20363636363636364,0.8298412698412698,0.7424790106478418,sentence-transformers/all-MiniLM-L6-v2,1,2000,193.1077569170011
sbert_top1_mined_mean_rerank_component0p02_product0p01_severity0p005_stable_tfidf0p4_metadata0p06_agreement0p1,sbert,mean+rerank_component0p02_product0p01_severity0p005+stable_tfidf0p4_metadata0p06_agreement0p1,fold_4,637,165,165,0.6532837071653246,0.6545454545454545,0.896969696969697,0.19878787878787882,0.8109018759018759,0.7377361109571718,sentence-transformers/all-MiniLM-L6-v2,1,2000,193.1077569170011
sbert_top1_mined_mean_rerank_component0p02_product0p01_severity0p005_priority0p005_stable_tfidf0p2_metadata0p05_agreement0p05,sbert,mean+rerank_component0p02_product0p01_severity0p005_priority0p005+stable_tfidf0p2_metadata0p05_agreement0p05,fold_4,637,165,165,0.6817115621826648,0.6484848484848484,0.9151515151515152,0.20909090909090908,0.849935064935065,0.743141421572079,sentence-transformers/all-MiniLM-L6-v2,1,2000,193.1077569170011
sbert_top1_mined_mean_rerank_component0p02_product0p01_severity0p005_priority0p005_stable_tfidf0p3_metadata0p08_agreement0p08,sbert,mean+rerank_component0p02_product0p01_severity0p005_priority0p005+stable_tfidf0p3_metadata0p08_agreement0p08,fold_4,637,165,165,0.6708449784447932,0.6484848484848484,0.9030303030303031,0.20363636363636364,0.8298412698412698,0.7424790106478418,sentence-transformers/all-MiniLM-L6-v2,1,2000,193.1077569170011
sbert_top1_mined_mean_rerank_component0p02_product0p01_severity0p005_priority0p005_stable_tfidf0p4_metadata0p06_agreement0p1,sbert,mean+rerank_component0p02_product0p01_severity0p005_priority0p005+stable_tfidf0p4_metadata0p06_agreement0p1,fold_4,637,165,165,0.6532837071653246,0.6545454545454545,0.896969696969697,0.19878787878787882,0.8109018759018759,0.7377361109571718,sentence-transformers/all-MiniLM-L6-v2,1,2000,193.1077569170011
sbert_top1_mined_mean_rerank_component0p05_product0p02_stable_tfidf0p2_metadata0p05_agreement0p05,sbert,mean+rerank_component0p05_product0p02+stable_tfidf0p2_metadata0p05_agreement0p05,fold_4,637,165,165,0.6830139794172224,0.6606060606060606,0.9151515151515152,0.20848484848484847,0.8467316017316018,0.7485242952127256,sentence-transformers/all-MiniLM-L6-v2,1,2000,193.1077569170011
sbert_top1_mined_mean_rerank_component0p05_product0p02_stable_tfidf0p3_metadata0p08_agreement0p08,sbert,mean+rerank_component0p05_product0p02+stable_tfidf0p3_metadata0p08_agreement0p08,fold_4,637,165,165,0.6692500900628284,0.6545454545454545,0.9030303030303031,0.20545454545454545,0.8327272727272728,0.7435718987824143,sentence-transformers/all-MiniLM-L6-v2,1,2000,193.1077569170011
sbert_top1_mined_mean_rerank_component0p05_product0p02_stable_tfidf0p4_metadata0p06_agreement0p1,sbert,mean+rerank_component0p05_product0p02+stable_tfidf0p4_metadata0p06_agreement0p1,fold_4,637,165,165,0.6582683576237617,0.6606060606060606,0.8909090909090909,0.19696969696969696,0.801053391053391,0.7441113349944832,sentence-transformers/all-MiniLM-L6-v2,1,2000,193.1077569170011
sbert_top1_mined_mean_rerank_component0p05_product0p02_severity0p01_priority0p01_stable_tfidf0p2_metadata0p05_agreement0p05,sbert,mean+rerank_component0p05_product0p02_severity0p01_priority0p01+stable_tfidf0p2_metadata0p05_agreement0p05,fold_4,637,165,165,0.6811038718648385,0.6484848484848484,0.9151515151515152,0.20848484848484847,0.8467316017316018,0.743465104465153,sentence-transformers/all-MiniLM-L6-v2,1,2000,193.1077569170011
sbert_top1_mined_mean_rerank_component0p05_product0p02_severity0p01_priority0p01_stable_tfidf0p3_metadata0p08_agreement0p08,sbert,mean+rerank_component0p05_product0p02_severity0p01_priority0p01+stable_tfidf0p3_metadata0p08_agreement0p08,fold_4,637,165,165,0.6702576319165469,0.6606060606060606,0.9030303030303031,0.20545454545454545,0.8317171717171716,0.7465331868752096,sentence-transformers/all-MiniLM-L6-v2,1,2000,193.1077569170011
sbert_top1_mined_mean_rerank_component0p05_product0p02_severity0p01_priority0p01_stable_tfidf0p4_metadata0p06_agreement0p1,sbert,mean+rerank_component0p05_product0p02_severity0p01_priority0p01+stable_tfidf0p4_metadata0p06_agreement0p1,fold_4,637,165,165,0.6595413666103928,0.6606060606060606,0.8909090909090909,0.19636363636363635,0.8004473304473305,0.7456355328438066,sentence-transformers/all-MiniLM-L6-v2,1,2000,193.1077569170011
sbert_top1_mined_title75,sbert,title75,fold_4,637,165,165,0.6629173765364245,0.6363636363636364,0.896969696969697,0.19939393939393937,0.8215151515151515,0.7217776345479108,sentence-transformers/all-MiniLM-L6-v2,1,2000,193.1077569170011
sbert_top1_mined_title75_rerank_component0p02,sbert,title75+rerank_component0p02,fold_4,637,165,165,0.6649552518035806,0.6363636363636364,0.896969696969697,0.20060606060606062,0.8235930735930735,0.724091401704938,sentence-transformers/all-MiniLM-L6-v2,1,2000,193.1077569170011
sbert_top1_mined_title75_rerank_component0p02_product0p01,sbert,title75+rerank_component0p02_product0p01,fold_4,637,165,165,0.6597064185073136,0.6303030303030303,0.896969696969697,0.19939393939393937,0.8193506493506494,0.7218362373909502,sentence-transformers/all-MiniLM-L6-v2,1,2000,193.1077569170011
sbert_top1_mined_title75_rerank_component0p02_product0p01_severity0p005,sbert,title75+rerank_component0p02_product0p01_severity0p005,fold_4,637,165,165,0.6611207430908694,0.6303030303030303,0.9030303030303031,0.2,0.8254112554112555,0.7228204336157881,sentence-transformers/all-MiniLM-L6-v2,1,2000,193.1077569170011
sbert_top1_mined_title75_rerank_component0p02_product0p01_severity0p005_priority0p005,sbert,title75+rerank_component0p02_product0p01_severity0p005_priority0p005,fold_4,637,165,165,0.6611207430908694,0.6303030303030303,0.9030303030303031,0.2,0.8254112554112555,0.7228204336157881,sentence-transformers/all-MiniLM-L6-v2,1,2000,193.1077569170011
sbert_top1_mined_title75_rerank_component0p05_product0p02,sbert,title75+rerank_component0p05_product0p02,fold_4,637,165,165,0.6627519083973951,0.6303030303030303,0.896969696969697,0.2,0.8157431457431458,0.7246936115244436,sentence-transformers/all-MiniLM-L6-v2,1,2000,193.1077569170011
sbert_top1_mined_title75_rerank_component0p05_product0p02_severity0p01_priority0p01,sbert,title75+rerank_component0p05_product0p02_severity0p01_priority0p01,fold_4,637,165,165,0.6643336773975532,0.6363636363636364,0.896969696969697,0.2,0.8157431457431458,0.7288607815068892,sentence-transformers/all-MiniLM-L6-v2,1,2000,193.1077569170011
sbert_top1_mined_title75_stable_tfidf0p2_metadata0p05_agreement0p05,sbert,title75+stable_tfidf0p2_metadata0p05_agreement0p05,fold_4,637,165,165,0.6624920919972174,0.6242424242424243,0.9272727272727272,0.20303030303030303,0.8416305916305916,0.7222303332495482,sentence-transformers/all-MiniLM-L6-v2,1,2000,193.1077569170011
sbert_top1_mined_title75_stable_tfidf0p3_metadata0p08_agreement0p08,sbert,title75+stable_tfidf0p3_metadata0p08_agreement0p08,fold_4,637,165,165,0.6399236840870897,0.6242424242424243,0.9272727272727272,0.2,0.8334271284271284,0.7166687939617193,sentence-transformers/all-MiniLM-L6-v2,1,2000,193.1077569170011
sbert_top1_mined_title75_stable_tfidf0p4_metadata0p06_agreement0p1,sbert,title75+stable_tfidf0p4_metadata0p06_agreement0p1,fold_4,637,165,165,0.62733296732729,0.6181818181818182,0.9151515151515152,0.19393939393939394,0.8136796536796538,0.7123043165954233,sentence-transformers/all-MiniLM-L6-v2,1,2000,193.1077569170011
sbert_top1_mined_title75_rerank_component0p02_stable_tfidf0p2_metadata0p05_agreement0p05,sbert,title75+rerank_component0p02+stable_tfidf0p2_metadata0p05_agreement0p05,fold_4,637,165,165,0.663447678557136,0.6303030303030303,0.9272727272727272,0.20303030303030303,0.8418326118326118,0.7248341491047956,sentence-transformers/all-MiniLM-L6-v2,1,2000,193.1077569170011
sbert_top1_mined_title75_rerank_component0p02_stable_tfidf0p3_metadata0p08_agreement0p08,sbert,title75+rerank_component0p02+stable_tfidf0p3_metadata0p08_agreement0p08,fold_4,637,165,165,0.6358471746875907,0.6181818181818182,0.9272727272727272,0.19939393939393937,0.8270923520923521,0.7119230458826379,sentence-transformers/all-MiniLM-L6-v2,1,2000,193.1077569170011
sbert_top1_mined_title75_rerank_component0p02_stable_tfidf0p4_metadata0p06_agreement0p1,sbert,title75+rerank_component0p02+stable_tfidf0p4_metadata0p06_agreement0p1,fold_4,637,165,165,0.622749860350775,0.6121212121212121,0.9090909090909091,0.19272727272727272,0.8045887445887446,0.7079474579475568,sentence-transformers/all-MiniLM-L6-v2,1,2000,193.1077569170011
sbert_top1_mined_title75_rerank_component0p02_product0p01_stable_tfidf0p2_metadata0p05_agreement0p05,sbert,title75+rerank_component0p02_product0p01+stable_tfidf0p2_metadata0p05_agreement0p05,fold_4,637,165,165,0.6608966856479811,0.6242424242424243,0.9272727272727272,0.20181818181818184,0.8367821067821067,0.7236385969085453,sentence-transformers/all-MiniLM-L6-v2,1,2000,193.1077569170011
sbert_top1_mined_title75_rerank_component0p02_product0p01_stable_tfidf0p3_metadata0p08_agreement0p08,sbert,title75+rerank_component0p02_product0p01+stable_tfidf0p3_metadata0p08_agreement0p08,fold_4,637,165,165,0.6317830360548861,0.6121212121212121,0.9212121212121213,0.19878787878787876,0.8210317460317461,0.7089558093025964,sentence-transformers/all-MiniLM-L6-v2,1,2000,193.1077569170011
sbert_top1_mined_title75_rerank_component0p02_product0p01_stable_tfidf0p4_metadata0p06_agreement0p1,sbert,title75+rerank_component0p02_product0p01+stable_tfidf0p4_metadata0p06_agreement0p1,fold_4,637,165,165,0.622093288149063,0.6121212121212121,0.9090909090909091,0.19272727272727272,0.8045887445887446,0.7080129850313645,sentence-transformers/all-MiniLM-L6-v2,1,2000,193.1077569170011
sbert_top1_mined_title75_rerank_component0p02_product0p01_severity0p005_stable_tfidf0p2_metadata0p05_agreement0p05,sbert,title75+rerank_component0p02_product0p01_severity0p005+stable_tfidf0p2_metadata0p05_agreement0p05,fold_4,637,165,165,0.6607214593943223,0.6242424242424243,0.9272727272727272,0.20181818181818184,0.8367821067821067,0.7238914704050503,sentence-transformers/all-MiniLM-L6-v2,1,2000,193.1077569170011
sbert_top1_mined_title75_rerank_component0p02_product0p01_severity0p005_stable_tfidf0p3_metadata0p08_agreement0p08,sbert,title75+rerank_component0p02_product0p01_severity0p005+stable_tfidf0p3_metadata0p08_agreement0p08,fold_4,637,165,165,0.6312928256230361,0.6121212121212121,0.9212121212121213,0.19878787878787882,0.8195165945165945,0.7090430391277296,sentence-transformers/all-MiniLM-L6-v2,1,2000,193.1077569170011
sbert_top1_mined_title75_rerank_component0p02_product0p01_severity0p005_stable_tfidf0p4_metadata0p06_agreement0p1,sbert,title75+rerank_component0p02_product0p01_severity0p005+stable_tfidf0p4_metadata0p06_agreement0p1,fold_4,637,165,165,0.6207819997393176,0.6121212121212121,0.9090909090909091,0.19272727272727272,0.8045887445887446,0.7069040940253275,sentence-transformers/all-MiniLM-L6-v2,1,2000,193.1077569170011
sbert_top1_mined_title75_rerank_component0p02_product0p01_severity0p005_priority0p005_stable_tfidf0p2_metadata0p05_agreement0p05,sbert,title75+rerank_component0p02_product0p01_severity0p005_priority0p005+stable_tfidf0p2_metadata0p05_agreement0p05,fold_4,637,165,165,0.6607503194231823,0.6242424242424243,0.9272727272727272,0.20181818181818184,0.8367821067821067,0.7238914704050503,sentence-transformers/all-MiniLM-L6-v2,1,2000,193.1077569170011
sbert_top1_mined_title75_rerank_component0p02_product0p01_severity0p005_priority0p005_stable_tfidf0p3_metadata0p08_agreement0p08,sbert,title75+rerank_component0p02_product0p01_severity0p005_priority0p005+stable_tfidf0p3_metadata0p08_agreement0p08,fold_4,637,165,165,0.6312928256230361,0.6121212121212121,0.9212121212121213,0.19878787878787882,0.8195165945165945,0.7090430391277296,sentence-transformers/all-MiniLM-L6-v2,1,2000,193.1077569170011
sbert_top1_mined_title75_rerank_component0p02_product0p01_severity0p005_priority0p005_stable_tfidf0p4_metadata0p06_agreement0p1,sbert,title75+rerank_component0p02_product0p01_severity0p005_priority0p005+stable_tfidf0p4_metadata0p06_agreement0p1,fold_4,637,165,165,0.6207819997393176,0.6121212121212121,0.9090909090909091,0.19272727272727272,0.8045887445887446,0.7069040940253275,sentence-transformers/all-MiniLM-L6-v2,1,2000,193.1077569170011
sbert_top1_mined_title75_rerank_component0p05_product0p02_stable_tfidf0p2_metadata0p05_agreement0p05,sbert,title75+rerank_component0p05_product0p02+stable_tfidf0p2_metadata0p05_agreement0p05,fold_4,637,165,165,0.6533767516298192,0.6181818181818182,0.9212121212121213,0.20181818181818184,0.8327994227994229,0.7250635478267461,sentence-transformers/all-MiniLM-L6-v2,1,2000,193.1077569170011
sbert_top1_mined_title75_rerank_component0p05_product0p02_stable_tfidf0p3_metadata0p08_agreement0p08,sbert,title75+rerank_component0p05_product0p02+stable_tfidf0p3_metadata0p08_agreement0p08,fold_4,637,165,165,0.6303269999632909,0.6121212121212121,0.9151515151515152,0.19696969696969696,0.8154761904761904,0.7084606518064843,sentence-transformers/all-MiniLM-L6-v2,1,2000,193.1077569170011
sbert_top1_mined_title75_rerank_component0p05_product0p02_stable_tfidf0p4_metadata0p06_agreement0p1,sbert,title75+rerank_component0p05_product0p02+stable_tfidf0p4_metadata0p06_agreement0p1,fold_4,637,165,165,0.6194232783909217,0.6121212121212121,0.9090909090909091,0.19333333333333336,0.8025685425685426,0.7076192620296272,sentence-transformers/all-MiniLM-L6-v2,1,2000,193.1077569170011
sbert_top1_mined_title75_rerank_component0p05_product0p02_severity0p01_priority0p01_stable_tfidf0p2_metadata0p05_agreement0p05,sbert,title75+rerank_component0p05_product0p02_severity0p01_priority0p01+stable_tfidf0p2_metadata0p05_agreement0p05,fold_4,637,165,165,0.6519216189620151,0.6181818181818182,0.9212121212121213,0.20181818181818184,0.8332756132756133,0.723661882675678,sentence-transformers/all-MiniLM-L6-v2,1,2000,193.1077569170011
sbert_top1_mined_title75_rerank_component0p05_product0p02_severity0p01_priority0p01_stable_tfidf0p3_metadata0p08_agreement0p08,sbert,title75+rerank_component0p05_product0p02_severity0p01_priority0p01+stable_tfidf0p3_metadata0p08_agreement0p08,fold_4,637,165,165,0.6291525139651339,0.6121212121212121,0.9151515151515152,0.19696969696969696,0.815021645021645,0.7081068085596155,sentence-transformers/all-MiniLM-L6-v2,1,2000,193.1077569170011
sbert_top1_mined_title75_rerank_component0p05_product0p02_severity0p01_priority0p01_stable_tfidf0p4_metadata0p06_agreement0p1,sbert,title75+rerank_component0p05_product0p02_severity0p01_priority0p01+stable_tfidf0p4_metadata0p06_agreement0p1,fold_4,637,165,165,0.6183622415188383,0.6121212121212121,0.9090909090909091,0.19272727272727272,0.8005483405483405,0.7073983357643986,sentence-transformers/all-MiniLM-L6-v2,1,2000,193.1077569170011
sbert_top1_mined_content75,sbert,content75,fold_4,637,165,165,0.6384892166398196,0.6,0.8909090909090909,0.20060606060606062,0.8143434343434344,0.7075709736696312,sentence-transformers/all-MiniLM-L6-v2,1,2000,193.1077569170011
sbert_top1_mined_content75_rerank_component0p02,sbert,content75+rerank_component0p02,fold_4,637,165,165,0.6402443661463593,0.6121212121212121,0.8848484848484849,0.20060606060606062,0.8083838383838383,0.7130703119229801,sentence-transformers/all-MiniLM-L6-v2,1,2000,193.1077569170011
sbert_top1_mined_content75_rerank_component0p02_product0p01,sbert,content75+rerank_component0p02_product0p01,fold_4,637,165,165,0.637257121960375,0.6121212121212121,0.8848484848484849,0.20060606060606062,0.8083838383838383,0.7129543571706617,sentence-transformers/all-MiniLM-L6-v2,1,2000,193.1077569170011
sbert_top1_mined_content75_rerank_component0p02_product0p01_severity0p005,sbert,content75+rerank_component0p02_product0p01_severity0p005,fold_4,637,165,165,0.637391535186677,0.6121212121212121,0.8848484848484849,0.2,0.8077777777777778,0.7140123599216469,sentence-transformers/all-MiniLM-L6-v2,1,2000,193.1077569170011
sbert_top1_mined_content75_rerank_component0p02_product0p01_severity0p005_priority0p005,sbert,content75+rerank_component0p02_product0p01_severity0p005_priority0p005,fold_4,637,165,165,0.637391535186677,0.6121212121212121,0.8848484848484849,0.2,0.8077777777777778,0.7140123599216469,sentence-transformers/all-MiniLM-L6-v2,1,2000,193.1077569170011
sbert_top1_mined_content75_rerank_component0p05_product0p02,sbert,content75+rerank_component0p05_product0p02,fold_4,637,165,165,0.6291595945325795,0.593939393939394,0.896969696969697,0.20303030303030303,0.824069264069264,0.700543943397419,sentence-transformers/all-MiniLM-L6-v2,1,2000,193.1077569170011
sbert_top1_mined_content75_rerank_component0p05_product0p02_severity0p01_priority0p01,sbert,content75+rerank_component0p05_product0p02_severity0p01_priority0p01,fold_4,637,165,165,0.6280567569389415,0.593939393939394,0.896969696969697,0.20303030303030303,0.8249783549783549,0.701020177748454,sentence-transformers/all-MiniLM-L6-v2,1,2000,193.1077569170011
sbert_top1_mined_content75_stable_tfidf0p2_metadata0p05_agreement0p05,sbert,content75+stable_tfidf0p2_metadata0p05_agreement0p05,fold_4,637,165,165,0.6654694851518904,0.6484848484848484,0.8909090909090909,0.20363636363636364,0.8213492063492064,0.7370706018443961,sentence-transformers/all-MiniLM-L6-v2,1,2000,193.1077569170011
sbert_top1_mined_content75_stable_tfidf0p3_metadata0p08_agreement0p08,sbert,content75+stable_tfidf0p3_metadata0p08_agreement0p08,fold_4,637,165,165,0.6664984378565668,0.6666666666666666,0.8909090909090909,0.20303030303030303,0.8176551226551225,0.7442059957749518,sentence-transformers/all-MiniLM-L6-v2,1,2000,193.1077569170011
sbert_top1_mined_content75_stable_tfidf0p4_metadata0p06_agreement0p1,sbert,content75+stable_tfidf0p4_metadata0p06_agreement0p1,fold_4,637,165,165,0.6548551535217816,0.6666666666666666,0.8787878787878788,0.19696969696969696,0.7934126984126983,0.7415611952253552,sentence-transformers/all-MiniLM-L6-v2,1,2000,193.1077569170011
sbert_top1_mined_content75_rerank_component0p02_stable_tfidf0p2_metadata0p05_agreement0p05,sbert,content75+rerank_component0p02+stable_tfidf0p2_metadata0p05_agreement0p05,fold_4,637,165,165,0.6651599617363877,0.6545454545454545,0.896969696969697,0.20484848484848484,0.8277200577200577,0.7382703265400558,sentence-transformers/all-MiniLM-L6-v2,1,2000,193.1077569170011
sbert_top1_mined_content75_rerank_component0p02_stable_tfidf0p3_metadata0p08_agreement0p08,sbert,content75+rerank_component0p02+stable_tfidf0p3_metadata0p08_agreement0p08,fold_4,637,165,165,0.6665314517758721,0.6666666666666666,0.8909090909090909,0.20303030303030303,0.8176551226551225,0.7443257969643031,sentence-transformers/all-MiniLM-L6-v2,1,2000,193.1077569170011
sbert_top1_mined_content75_rerank_component0p02_stable_tfidf0p4_metadata0p06_agreement0p1,sbert,content75+rerank_component0p02+stable_tfidf0p4_metadata0p06_agreement0p1,fold_4,637,165,165,0.6616064072263331,0.6787878787878788,0.8787878787878788,0.1981818181818182,0.7953607503607504,0.7481616977947527,sentence-transformers/all-MiniLM-L6-v2,1,2000,193.1077569170011
sbert_top1_mined_content75_rerank_component0p02_product0p01_stable_tfidf0p2_metadata0p05_agreement0p05,sbert,content75+rerank_component0p02_product0p01+stable_tfidf0p2_metadata0p05_agreement0p05,fold_4,637,165,165,0.6615788760900232,0.6484848484848484,0.896969696969697,0.20606060606060606,0.8289105339105338,0.7352496735396867,sentence-transformers/all-MiniLM-L6-v2,1,2000,193.1077569170011
sbert_top1_mined_content75_rerank_component0p02_product0p01_stable_tfidf0p3_metadata0p08_agreement0p08,sbert,content75+rerank_component0p02_product0p01+stable_tfidf0p3_metadata0p08_agreement0p08,fold_4,637,165,165,0.6631037773162566,0.6606060606060606,0.8909090909090909,0.20303030303030303,0.8176551226551225,0.7411720394963337,sentence-transformers/all-MiniLM-L6-v2,1,2000,193.1077569170011
sbert_top1_mined_content75_rerank_component0p02_product0p01_stable_tfidf0p4_metadata0p06_agreement0p1,sbert,content75+rerank_component0p02_product0p01+stable_tfidf0p4_metadata0p06_agreement0p1,fold_4,637,165,165,0.6600061622956517,0.6787878787878788,0.8787878787878788,0.19757575757575757,0.7923304473304473,0.7480574412688281,sentence-transformers/all-MiniLM-L6-v2,1,2000,193.1077569170011
sbert_top1_mined_content75_rerank_component0p02_product0p01_severity0p005_stable_tfidf0p2_metadata0p05_agreement0p05,sbert,content75+rerank_component0p02_product0p01_severity0p005+stable_tfidf0p2_metadata0p05_agreement0p05,fold_4,637,165,165,0.6607929166715872,0.6484848484848484,0.896969696969697,0.20606060606060606,0.8289105339105338,0.7344414775474136,sentence-transformers/all-MiniLM-L6-v2,1,2000,193.1077569170011
sbert_top1_mined_content75_rerank_component0p02_product0p01_severity0p005_stable_tfidf0p3_metadata0p08_agreement0p08,sbert,content75+rerank_component0p02_product0p01_severity0p005+stable_tfidf0p3_metadata0p08_agreement0p08,fold_4,637,165,165,0.6630875376084872,0.6606060606060606,0.8909090909090909,0.20303030303030303,0.8176551226551225,0.7411685014172433,sentence-transformers/all-MiniLM-L6-v2,1,2000,193.1077569170011
sbert_top1_mined_content75_rerank_component0p02_product0p01_severity0p005_stable_tfidf0p4_metadata0p06_agreement0p1,sbert,content75+rerank_component0p02_product0p01_severity0p005+stable_tfidf0p4_metadata0p06_agreement0p1,fold_4,637,165,165,0.6597344302550243,0.6787878787878788,0.8787878787878788,0.1981818181818182,0.7933405483405482,0.7482924370579959,sentence-transformers/all-MiniLM-L6-v2,1,2000,193.1077569170011
sbert_top1_mined_content75_rerank_component0p02_product0p01_severity0p005_priority0p005_stable_tfidf0p2_metadata0p05_agreement0p05,sbert,content75+rerank_component0p02_product0p01_severity0p005_priority0p005+stable_tfidf0p2_metadata0p05_agreement0p05,fold_4,637,165,165,0.6607929166715872,0.6484848484848484,0.896969696969697,0.20606060606060606,0.8289105339105338,0.7344414775474136,sentence-transformers/all-MiniLM-L6-v2,1,2000,193.1077569170011
sbert_top1_mined_content75_rerank_component0p02_product0p01_severity0p005_priority0p005_stable_tfidf0p3_metadata0p08_agreement0p08,sbert,content75+rerank_component0p02_product0p01_severity0p005_priority0p005+stable_tfidf0p3_metadata0p08_agreement0p08,fold_4,637,165,165,0.6630652559685585,0.6606060606060606,0.8909090909090909,0.20303030303030303,0.8176551226551225,0.7411685014172433,sentence-transformers/all-MiniLM-L6-v2,1,2000,193.1077569170011
sbert_top1_mined_content75_rerank_component0p02_product0p01_severity0p005_priority0p005_stable_tfidf0p4_metadata0p06_agreement0p1,sbert,content75+rerank_component0p02_product0p01_severity0p005_priority0p005+stable_tfidf0p4_metadata0p06_agreement0p1,fold_4,637,165,165,0.6597344302550243,0.6787878787878788,0.8787878787878788,0.1981818181818182,0.7933405483405482,0.7482924370579959,sentence-transformers/all-MiniLM-L6-v2,1,2000,193.1077569170011
sbert_top1_mined_content75_rerank_component0p05_product0p02_stable_tfidf0p2_metadata0p05_agreement0p05,sbert,content75+rerank_component0p05_product0p02+stable_tfidf0p2_metadata0p05_agreement0p05,fold_4,637,165,165,0.6619497720249727,0.6484848484848484,0.896969696969697,0.20606060606060606,0.8278282828282828,0.7361407443300139,sentence-transformers/all-MiniLM-L6-v2,1,2000,193.1077569170011
sbert_top1_mined_content75_rerank_component0p05_product0p02_stable_tfidf0p3_metadata0p08_agreement0p08,sbert,content75+rerank_component0p05_product0p02+stable_tfidf0p3_metadata0p08_agreement0p08,fold_4,637,165,165,0.6558638638180642,0.6484848484848484,0.8848484848484849,0.20303030303030303,0.812027417027417,0.7349223973788013,sentence-transformers/all-MiniLM-L6-v2,1,2000,193.1077569170011
sbert_top1_mined_content75_rerank_component0p05_product0p02_stable_tfidf0p4_metadata0p06_agreement0p1,sbert,content75+rerank_component0p05_product0p02+stable_tfidf0p4_metadata0p06_agreement0p1,fold_4,637,165,165,0.6534513135856035,0.6727272727272727,0.8787878787878788,0.19878787878787876,0.7948556998556998,0.743970578933602,sentence-transformers/all-MiniLM-L6-v2,1,2000,193.1077569170011
sbert_top1_mined_content75_rerank_component0p05_product0p02_severity0p01_priority0p01_stable_tfidf0p2_metadata0p05_agreement0p05,sbert,content75+rerank_component0p05_product0p02_severity0p01_priority0p01+stable_tfidf0p2_metadata0p05_agreement0p05,fold_4,637,165,165,0.6636332446130695,0.6484848484848484,0.896969696969697,0.20606060606060606,0.8278282828282828,0.7366913941330147,sentence-transformers/all-MiniLM-L6-v2,1,2000,193.1077569170011
sbert_top1_mined_content75_rerank_component0p05_product0p02_severity0p01_priority0p01_stable_tfidf0p3_metadata0p08_agreement0p08,sbert,content75+rerank_component0p05_product0p02_severity0p01_priority0p01+stable_tfidf0p3_metadata0p08_agreement0p08,fold_4,637,165,165,0.6587708341013947,0.6484848484848484,0.8848484848484849,0.20242424242424242,0.8108152958152959,0.7352797624372532,sentence-transformers/all-MiniLM-L6-v2,1,2000,193.1077569170011
sbert_top1_mined_content75_rerank_component0p05_product0p02_severity0p01_priority0p01_stable_tfidf0p4_metadata0p06_agreement0p1,sbert,content75+rerank_component0p05_product0p02_severity0p01_priority0p01+stable_tfidf0p4_metadata0p06_agreement0p1,fold_4,637,165,165,0.6507442034763887,0.6666666666666666,0.8787878787878788,0.19757575757575757,0.7929076479076479,0.7422769322839435,sentence-transformers/all-MiniLM-L6-v2,1,2000,193.1077569170011
"sbert_top1_mined_weighted:0.6,0.4",sbert,"weighted:0.6,0.4",fold_5,639,163,163,0.6521858607631525,0.6319018404907976,0.8773006134969326,0.20245398773006135,0.7928959077732084,0.7137243878571753,sentence-transformers/all-MiniLM-L6-v2,1,2000,177.20924691700202
"sbert_top1_mined_weighted:0.6,0.4_rerank_component0p02",sbert,"weighted:0.6,0.4+rerank_component0p02",fold_5,639,163,163,0.6587557198925347,0.6441717791411042,0.8773006134969326,0.20490797546012268,0.7935212027236567,0.721613927209314,sentence-transformers/all-MiniLM-L6-v2,1,2000,177.20924691700202
"sbert_top1_mined_weighted:0.6,0.4_rerank_component0p02_product0p01",sbert,"weighted:0.6,0.4+rerank_component0p02_product0p01",fold_5,639,163,163,0.6581443595691354,0.6380368098159509,0.8773006134969326,0.20490797546012268,0.7935212027236567,0.7183392937470227,sentence-transformers/all-MiniLM-L6-v2,1,2000,177.20924691700202
"sbert_top1_mined_weighted:0.6,0.4_rerank_component0p02_product0p01_severity0p005",sbert,"weighted:0.6,0.4+rerank_component0p02_product0p01_severity0p005",fold_5,639,163,163,0.6548764374893873,0.6319018404907976,0.8773006134969326,0.20490797546012268,0.7935212027236567,0.714992312262054,sentence-transformers/all-MiniLM-L6-v2,1,2000,177.20924691700202
"sbert_top1_mined_weighted:0.6,0.4_rerank_component0p02_product0p01_severity0p005_priority0p005",sbert,"weighted:0.6,0.4+rerank_component0p02_product0p01_severity0p005_priority0p005",fold_5,639,163,163,0.6548764374893873,0.6319018404907976,0.8773006134969326,0.20490797546012268,0.7935212027236567,0.714992312262054,sentence-transformers/all-MiniLM-L6-v2,1,2000,177.20924691700202
"sbert_top1_mined_weighted:0.6,0.4_rerank_component0p05_product0p02",sbert,"weighted:0.6,0.4+rerank_component0p05_product0p02",fold_5,639,163,163,0.6431478663862068,0.6196319018404908,0.8957055214723927,0.20920245398773007,0.8095496528011866,0.7017064353972551,sentence-transformers/all-MiniLM-L6-v2,1,2000,177.20924691700202
"sbert_top1_mined_weighted:0.6,0.4_rerank_component0p05_product0p02_severity0p01_priority0p01",sbert,"weighted:0.6,0.4+rerank_component0p05_product0p02_severity0p01_priority0p01",fold_5,639,163,163,0.6399297707245469,0.6134969325153374,0.8834355828220859,0.20674846625766874,0.7986089575046631,0.698444100739158,sentence-transformers/all-MiniLM-L6-v2,1,2000,177.20924691700202
"sbert_top1_mined_weighted:0.6,0.4_stable_tfidf0p2_metadata0p05_agreement0p05",sbert,"weighted:0.6,0.4+stable_tfidf0p2_metadata0p05_agreement0p05",fold_5,639,163,163,0.6788978355187731,0.6625766871165644,0.901840490797546,0.2085889570552147,0.8286748016809367,0.7489773317392054,sentence-transformers/all-MiniLM-L6-v2,1,2000,177.20924691700202
"sbert_top1_mined_weighted:0.6,0.4_stable_tfidf0p3_metadata0p08_agreement0p08",sbert,"weighted:0.6,0.4+stable_tfidf0p3_metadata0p08_agreement0p08",fold_5,639,163,163,0.6620938190065571,0.6441717791411042,0.8957055214723927,0.20490797546012268,0.8211594642576239,0.7354097464385736,sentence-transformers/all-MiniLM-L6-v2,1,2000,177.20924691700202
"sbert_top1_mined_weighted:0.6,0.4_stable_tfidf0p4_metadata0p06_agreement0p1",sbert,"weighted:0.6,0.4+stable_tfidf0p4_metadata0p06_agreement0p1",fold_5,639,163,163,0.6362221971276876,0.6134969325153374,0.8773006134969326,0.19815950920245398,0.8034658082204095,0.7127632202031826,sentence-transformers/all-MiniLM-L6-v2,1,2000,177.20924691700202
"sbert_top1_mined_weighted:0.6,0.4_rerank_component0p02_stable_tfidf0p2_metadata0p05_agreement0p05",sbert,"weighted:0.6,0.4+rerank_component0p02+stable_tfidf0p2_metadata0p05_agreement0p05",fold_5,639,163,163,0.679860207433975,0.6625766871165644,0.901840490797546,0.20797546012269938,0.8270899346052721,0.7489076448432276,sentence-transformers/all-MiniLM-L6-v2,1,2000,177.20924691700202
"sbert_top1_mined_weighted:0.6,0.4_rerank_component0p02_stable_tfidf0p3_metadata0p08_agreement0p08",sbert,"weighted:0.6,0.4+rerank_component0p02+stable_tfidf0p3_metadata0p08_agreement0p08",fold_5,639,163,163,0.6724123444067436,0.6625766871165644,0.8957055214723927,0.20613496932515338,0.8234600777545563,0.7452334174726798,sentence-transformers/all-MiniLM-L6-v2,1,2000,177.20924691700202
"sbert_top1_mined_weighted:0.6,0.4_rerank_component0p02_stable_tfidf0p4_metadata0p06_agreement0p1",sbert,"weighted:0.6,0.4+rerank_component0p02+stable_tfidf0p4_metadata0p06_agreement0p1",fold_5,639,163,163,0.6372369103485055,0.6196319018404908,0.8834355828220859,0.19938650306748465,0.8054714712690172,0.7161044348454291,sentence-transformers/all-MiniLM-L6-v2,1,2000,177.20924691700202
"sbert_top1_mined_weighted:0.6,0.4_rerank_component0p02_product0p01_stable_tfidf0p2_metadata0p05_agreement0p05",sbert,"weighted:0.6,0.4+rerank_component0p02_product0p01+stable_tfidf0p2_metadata0p05_agreement0p05",fold_5,639,163,163,0.6808023951303048,0.656441717791411,0.901840490797546,0.20736196319018407,0.8255561922739838,0.747352481139156,sentence-transformers/all-MiniLM-L6-v2,1,2000,177.20924691700202
"sbert_top1_mined_weighted:0.6,0.4_rerank_component0p02_product0p01_stable_tfidf0p3_metadata0p08_agreement0p08",sbert,"weighted:0.6,0.4+rerank_component0p02_product0p01+stable_tfidf0p3_metadata0p08_agreement0p08",fold_5,639,163,163,0.6706614135832902,0.656441717791411,0.8957055214723927,0.20613496932515338,0.8234600777545563,0.7422711537848078,sentence-transformers/all-MiniLM-L6-v2,1,2000,177.20924691700202
"sbert_top1_mined_weighted:0.6,0.4_rerank_component0p02_product0p01_stable_tfidf0p4_metadata0p06_agreement0p1",sbert,"weighted:0.6,0.4+rerank_component0p02_product0p01+stable_tfidf0p4_metadata0p06_agreement0p1",fold_5,639,163,163,0.6400260780158429,0.6257668711656442,0.8834355828220859,0.2,0.8062383424346614,0.719253396543701,sentence-transformers/all-MiniLM-L6-v2,1,2000,177.20924691700202
"sbert_top1_mined_weighted:0.6,0.4_rerank_component0p02_product0p01_severity0p005_stable_tfidf0p2_metadata0p05_agreement0p05",sbert,"weighted:0.6,0.4+rerank_component0p02_product0p01_severity0p005+stable_tfidf0p2_metadata0p05_agreement0p05",fold_5,639,163,163,0.6805193932229111,0.656441717791411,0.901840490797546,0.20736196319018407,0.8255561922739838,0.7473701185801064,sentence-transformers/all-MiniLM-L6-v2,1,2000,177.20924691700202
"sbert_top1_mined_weighted:0.6,0.4_rerank_component0p02_product0p01_severity0p005_stable_tfidf0p3_metadata0p08_agreement0p08",sbert,"weighted:0.6,0.4+rerank_component0p02_product0p01_severity0p005+stable_tfidf0p3_metadata0p08_agreement0p08",fold_5,639,163,163,0.6656469692266641,0.6503067484662577,0.8957055214723927,0.20490797546012268,0.8196257219263354,0.7390013876787862,sentence-transformers/all-MiniLM-L6-v2,1,2000,177.20924691700202
"sbert_top1_mined_weighted:0.6,0.4_rerank_component0p02_product0p01_severity0p005_stable_tfidf0p4_metadata0p06_agreement0p1",sbert,"weighted:0.6,0.4+rerank_component0p02_product0p01_severity0p005+stable_tfidf0p4_metadata0p06_agreement0p1",fold_5,639,163,163,0.6373904198894507,0.6196319018404908,0.8834355828220859,0.19938650306748465,0.8031708577720847,0.7166209982571431,sentence-transformers/all-MiniLM-L6-v2,1,2000,177.20924691700202
"sbert_top1_mined_weighted:0.6,0.4_rerank_component0p02_product0p01_severity0p005_priority0p005_stable_tfidf0p2_metadata0p05_agreement0p05",sbert,"weighted:0.6,0.4+rerank_component0p02_product0p01_severity0p005_priority0p005+stable_tfidf0p2_metadata0p05_agreement0p05",fold_5,639,163,163,0.6805193932229111,0.656441717791411,0.901840490797546,0.20736196319018407,0.8255561922739838,0.7473701185801064,sentence-transformers/all-MiniLM-L6-v2,1,2000,177.20924691700202
"sbert_top1_mined_weighted:0.6,0.4_rerank_component0p02_product0p01_severity0p005_priority0p005_stable_tfidf0p3_metadata0p08_agreement0p08",sbert,"weighted:0.6,0.4+rerank_component0p02_product0p01_severity0p005_priority0p005+stable_tfidf0p3_metadata0p08_agreement0p08",fold_5,639,163,163,0.6656469692266641,0.6503067484662577,0.8957055214723927,0.20490797546012268,0.8196257219263354,0.7390013876787862,sentence-transformers/all-MiniLM-L6-v2,1,2000,177.20924691700202
"sbert_top1_mined_weighted:0.6,0.4_rerank_component0p02_product0p01_severity0p005_priority0p005_stable_tfidf0p4_metadata0p06_agreement0p1",sbert,"weighted:0.6,0.4+rerank_component0p02_product0p01_severity0p005_priority0p005+stable_tfidf0p4_metadata0p06_agreement0p1",fold_5,639,163,163,0.6373904198894507,0.6196319018404908,0.8834355828220859,0.19938650306748465,0.8031708577720847,0.7166209982571431,sentence-transformers/all-MiniLM-L6-v2,1,2000,177.20924691700202
"sbert_top1_mined_weighted:0.6,0.4_rerank_component0p05_product0p02_stable_tfidf0p2_metadata0p05_agreement0p05",sbert,"weighted:0.6,0.4+rerank_component0p05_product0p02+stable_tfidf0p2_metadata0p05_agreement0p05",fold_5,639,163,163,0.6774763806413471,0.656441717791411,0.8957055214723927,0.20736196319018407,0.8201880941144746,0.7446990680441855,sentence-transformers/all-MiniLM-L6-v2,1,2000,177.20924691700202
"sbert_top1_mined_weighted:0.6,0.4_rerank_component0p05_product0p02_stable_tfidf0p3_metadata0p08_agreement0p08",sbert,"weighted:0.6,0.4+rerank_component0p05_product0p02+stable_tfidf0p3_metadata0p08_agreement0p08",fold_5,639,163,163,0.6652661017573956,0.6503067484662577,0.8895705521472392,0.20490797546012268,0.8168211645205511,0.7372333313270143,sentence-transformers/all-MiniLM-L6-v2,1,2000,177.20924691700202
"sbert_top1_mined_weighted:0.6,0.4_rerank_component0p05_product0p02_stable_tfidf0p4_metadata0p06_agreement0p1",sbert,"weighted:0.6,0.4+rerank_component0p05_product0p02+stable_tfidf0p4_metadata0p06_agreement0p1",fold_5,639,163,163,0.6382973919617849,0.6257668711656442,0.8834355828220859,0.19877300613496932,0.8044854940560462,0.7189197932634618,sentence-transformers/all-MiniLM-L6-v2,1,2000,177.20924691700202
"sbert_top1_mined_weighted:0.6,0.4_rerank_component0p05_product0p02_severity0p01_priority0p01_stable_tfidf0p2_metadata0p05_agreement0p05",sbert,"weighted:0.6,0.4+rerank_component0p05_product0p02_severity0p01_priority0p01+stable_tfidf0p2_metadata0p05_agreement0p05",fold_5,639,163,163,0.6756698770593806,0.656441717791411,0.8957055214723927,0.20797546012269938,0.8217218364457629,0.7430509669860436,sentence-transformers/all-MiniLM-L6-v2,1,2000,177.20924691700202
"sbert_top1_mined_weighted:0.6,0.4_rerank_component0p05_product0p02_severity0p01_priority0p01_stable_tfidf0p3_metadata0p08_agreement0p08",sbert,"weighted:0.6,0.4+rerank_component0p05_product0p02_severity0p01_priority0p01+stable_tfidf0p3_metadata0p08_agreement0p08",fold_5,639,163,163,0.6584448059655628,0.6380368098159509,0.8895705521472392,0.20429447852760738,0.8137536798579744,0.7310915135250986,sentence-transformers/all-MiniLM-L6-v2,1,2000,177.20924691700202
"sbert_top1_mined_weighted:0.6,0.4_rerank_component0p05_product0p02_severity0p01_priority0p01_stable_tfidf0p4_metadata0p06_agreement0p1",sbert,"weighted:0.6,0.4+rerank_component0p05_product0p02_severity0p01_priority0p01+stable_tfidf0p4_metadata0p06_agreement0p1",fold_5,639,163,163,0.6372787638969529,0.6257668711656442,0.8834355828220859,0.198159509202454,0.8014180093934695,0.719616529265155,sentence-transformers/all-MiniLM-L6-v2,1,2000,177.20924691700202
sbert_top1_mined_mean,sbert,mean,fold_5,639,163,163,0.6615166833040219,0.6257668711656442,0.8711656441717791,0.20245398773006135,0.7940599788759298,0.7112373432878442,sentence-transformers/all-MiniLM-L6-v2,1,2000,177.20924691700202
sbert_top1_mined_mean_rerank_component0p02,sbert,mean+rerank_component0p02,fold_5,639,163,163,0.6623006464986629,0.6319018404907976,0.8773006134969326,0.20490797546012268,0.8001162947481967,0.7163797180456563,sentence-transformers/all-MiniLM-L6-v2,1,2000,177.20924691700202
sbert_top1_mined_mean_rerank_component0p02_product0p01,sbert,mean+rerank_component0p02_product0p01,fold_5,639,163,163,0.6610001334530763,0.6257668711656442,0.8773006134969326,0.20490797546012268,0.7993494235825525,0.7119865232189774,sentence-transformers/all-MiniLM-L6-v2,1,2000,177.20924691700202
sbert_top1_mined_mean_rerank_component0p02_product0p01_severity0p005,sbert,mean+rerank_component0p02_product0p01_severity0p005,fold_5,639,163,163,0.6615896628158917,0.6319018404907976,0.8711656441717791,0.20490797546012268,0.7947481965886874,0.7145861940812639,sentence-transformers/all-MiniLM-L6-v2,1,2000,177.20924691700202
sbert_top1_mined_mean_rerank_component0p02_product0p01_severity0p005_priority0p005,sbert,mean+rerank_component0p02_product0p01_severity0p005_priority0p005,fold_5,639,163,163,0.6615896628158917,0.6319018404907976,0.8711656441717791,0.20490797546012268,0.7947481965886874,0.7145861940812639,sentence-transformers/all-MiniLM-L6-v2,1,2000,177.20924691700202
sbert_top1_mined_mean_rerank_component0p05_product0p02,sbert,mean+rerank_component0p05_product0p02,fold_5,639,163,163,0.6499043080651571,0.6073619631901841,0.8895705521472392,0.2085889570552147,0.8159767635227758,0.7006651503559143,sentence-transformers/all-MiniLM-L6-v2,1,2000,177.20924691700202
sbert_top1_mined_mean_rerank_component0p05_product0p02_severity0p01_priority0p01,sbert,mean+rerank_component0p05_product0p02_severity0p01_priority0p01,fold_5,639,163,163,0.6503497997772713,0.6134969325153374,0.8834355828220859,0.2085889570552147,0.81071821838693,0.7042970211482372,sentence-transformers/all-MiniLM-L6-v2,1,2000,177.20924691700202
sbert_top1_mined_mean_stable_tfidf0p2_metadata0p05_agreement0p05,sbert,mean+stable_tfidf0p2_metadata0p05_agreement0p05,fold_5,639,163,163,0.6771240961996244,0.6503067484662577,0.901840490797546,0.21042944785276077,0.8316125081462504,0.738283137324265,sentence-transformers/all-MiniLM-L6-v2,1,2000,177.20924691700202
sbert_top1_mined_mean_stable_tfidf0p3_metadata0p08_agreement0p08,sbert,mean+stable_tfidf0p3_metadata0p08_agreement0p08,fold_5,639,163,163,0.6683096735290884,0.6503067484662577,0.8957055214723927,0.20674846625766874,0.819035821029686,0.7370351890067571,sentence-transformers/all-MiniLM-L6-v2,1,2000,177.20924691700202
sbert_top1_mined_mean_stable_tfidf0p4_metadata0p06_agreement0p1,sbert,mean+stable_tfidf0p4_metadata0p06_agreement0p1,fold_5,639,163,163,0.6408830036180287,0.6196319018404908,0.8834355828220859,0.20245398773006135,0.8121294860558664,0.7159874011302432,sentence-transformers/all-MiniLM-L6-v2,1,2000,177.20924691700202
sbert_top1_mined_mean_rerank_component0p02_stable_tfidf0p2_metadata0p05_agreement0p05,sbert,mean+rerank_component0p02+stable_tfidf0p2_metadata0p05_agreement0p05,fold_5,639,163,163,0.6817771291633443,0.6687116564417178,0.901840490797546,0.21042944785276077,0.8301928133216477,0.7482571854296389,sentence-transformers/all-MiniLM-L6-v2,1,2000,177.20924691700202
sbert_top1_mined_mean_rerank_component0p02_stable_tfidf0p3_metadata0p08_agreement0p08,sbert,mean+rerank_component0p02+stable_tfidf0p3_metadata0p08_agreement0p08,fold_5,639,163,163,0.669846718214256,0.6503067484662577,0.8957055214723927,0.20674846625766874,0.8225634283916493,0.7368068268400401,sentence-transformers/all-MiniLM-L6-v2,1,2000,177.20924691700202
sbert_top1_mined_mean_rerank_component0p02_stable_tfidf0p4_metadata0p06_agreement0p1,sbert,mean+rerank_component0p02+stable_tfidf0p4_metadata0p06_agreement0p1,fold_5,639,163,163,0.640522825169533,0.6196319018404908,0.8834355828220859,0.20245398773006135,0.8125896087552529,0.7150406704455805,sentence-transformers/all-MiniLM-L6-v2,1,2000,177.20924691700202
sbert_top1_mined_mean_rerank_component0p02_product0p01_stable_tfidf0p2_metadata0p05_agreement0p05,sbert,mean+rerank_component0p02_product0p01+stable_tfidf0p2_metadata0p05_agreement0p05,fold_5,639,163,163,0.6816910151375313,0.6687116564417178,0.8957055214723927,0.2098159509202454,0.8240578439964944,0.749692056131185,sentence-transformers/all-MiniLM-L6-v2,1,2000,177.20924691700202
sbert_top1_mined_mean_rerank_component0p02_product0p01_stable_tfidf0p3_metadata0p08_agreement0p08,sbert,mean+rerank_component0p02_product0p01+stable_tfidf0p3_metadata0p08_agreement0p08,fold_5,639,163,163,0.669565177399477,0.6503067484662577,0.8957055214723927,0.20613496932515338,0.8213364345266185,0.7367585976188169,sentence-transformers/all-MiniLM-L6-v2,1,2000,177.20924691700202
sbert_top1_mined_mean_rerank_component0p02_product0p01_stable_tfidf0p4_metadata0p06_agreement0p1,sbert,mean+rerank_component0p02_product0p01+stable_tfidf0p4_metadata0p06_agreement0p1,fold_5,639,163,163,0.6390420164434696,0.6196319018404908,0.8834355828220859,0.2012269938650307,0.8104861907009147,0.7143868042609547,sentence-transformers/all-MiniLM-L6-v2,1,2000,177.20924691700202
sbert_top1_mined_mean_rerank_component0p02_product0p01_severity0p005_stable_tfidf0p2_metadata0p05_agreement0p05,sbert,mean+rerank_component0p02_product0p01_severity0p005+stable_tfidf0p2_metadata0p05_agreement0p05,fold_5,639,163,163,0.6804535764711557,0.6687116564417178,0.8957055214723927,0.2098159509202454,0.8240578439964944,0.7484094793345887,sentence-transformers/all-MiniLM-L6-v2,1,2000,177.20924691700202
sbert_top1_mined_mean_rerank_component0p02_product0p01_severity0p005_stable_tfidf0p3_metadata0p08_agreement0p08,sbert,mean+rerank_component0p02_product0p01_severity0p005+stable_tfidf0p3_metadata0p08_agreement0p08,fold_5,639,163,163,0.6662105024093391,0.6441717791411042,0.8895705521472392,0.20552147239263804,0.8198026921953302,0.7335689765764876,sentence-transformers/all-MiniLM-L6-v2,1,2000,177.20924691700202
sbert_top1_mined_mean_rerank_component0p02_product0p01_severity0p005_stable_tfidf0p4_metadata0p06_agreement0p1,sbert,mean+rerank_component0p02_product0p01_severity0p005+stable_tfidf0p4_metadata0p06_agreement0p1,fold_5,639,163,163,0.6383330057793728,0.6196319018404908,0.8773006134969326,0.2012269938650307,0.8055782152407919,0.7143871958176197,sentence-transformers/all-MiniLM-L6-v2,1,2000,177.20924691700202
sbert_top1_mined_mean_rerank_component0p02_product0p01_severity0p005_priority0p005_stable_tfidf0p2_metadata0p05_agreement0p05,sbert,mean+rerank_component0p02_product0p01_severity0p005_priority0p005+stable_tfidf0p2_metadata0p05_agreement0p05,fold_5,639,163,163,0.6804535764711557,0.6687116564417178,0.8957055214723927,0.2098159509202454,0.8240578439964944,0.7484094793345887,sentence-transformers/all-MiniLM-L6-v2,1,2000,177.20924691700202
sbert_top1_mined_mean_rerank_component0p02_product0p01_severity0p005_priority0p005_stable_tfidf0p3_metadata0p08_agreement0p08,sbert,mean+rerank_component0p02_product0p01_severity0p005_priority0p005+stable_tfidf0p3_metadata0p08_agreement0p08,fold_5,639,163,163,0.6662105024093391,0.6441717791411042,0.8895705521472392,0.20552147239263804,0.8198026921953302,0.7335689765764876,sentence-transformers/all-MiniLM-L6-v2,1,2000,177.20924691700202
sbert_top1_mined_mean_rerank_component0p02_product0p01_severity0p005_priority0p005_stable_tfidf0p4_metadata0p06_agreement0p1,sbert,mean+rerank_component0p02_product0p01_severity0p005_priority0p005+stable_tfidf0p4_metadata0p06_agreement0p1,fold_5,639,163,163,0.6383330057793728,0.6196319018404908,0.8773006134969326,0.2012269938650307,0.8055782152407919,0.7143871958176197,sentence-transformers/all-MiniLM-L6-v2,1,2000,177.20924691700202
sbert_top1_mined_mean_rerank_component0p05_product0p02_stable_tfidf0p2_metadata0p05_agreement0p05,sbert,mean+rerank_component0p05_product0p02+stable_tfidf0p2_metadata0p05_agreement0p05,fold_5,639,163,163,0.6844730568829394,0.6687116564417178,0.8895705521472392,0.21042944785276077,0.8200701139351446,0.7496762733645281,sentence-transformers/all-MiniLM-L6-v2,1,2000,177.20924691700202
sbert_top1_mined_mean_rerank_component0p05_product0p02_stable_tfidf0p3_metadata0p08_agreement0p08,sbert,mean+rerank_component0p05_product0p02+stable_tfidf0p3_metadata0p08_agreement0p08,fold_5,639,163,163,0.6678031841232468,0.656441717791411,0.901840490797546,0.2085889570552147,0.8357097912312637,0.7366991949518376,sentence-transformers/all-MiniLM-L6-v2,1,2000,177.20924691700202
sbert_top1_mined_mean_rerank_component0p05_product0p02_stable_tfidf0p4_metadata0p06_agreement0p1,sbert,mean+rerank_component0p05_product0p02+stable_tfidf0p4_metadata0p06_agreement0p1,fold_5,639,163,163,0.6471065004321999,0.6441717791411042,0.8895705521472392,0.2012269938650307,0.816621160026068,0.7246879925002311,sentence-transformers/all-MiniLM-L6-v2,1,2000,177.20924691700202
sbert_top1_mined_mean_rerank_component0p05_product0p02_severity0p01_priority0p01_stable_tfidf0p2_metadata0p05_agreement0p05,sbert,mean+rerank_component0p05_product0p02_severity0p01_priority0p01+stable_tfidf0p2_metadata0p05_agreement0p05,fold_5,639,163,163,0.6820810492929728,0.6687116564417178,0.8895705521472392,0.21042944785276077,0.8208369851007888,0.7468824477519014,sentence-transformers/all-MiniLM-L6-v2,1,2000,177.20924691700202
sbert_top1_mined_mean_rerank_component0p05_product0p02_severity0p01_priority0p01_stable_tfidf0p3_metadata0p08_agreement0p08,sbert,mean+rerank_component0p05_product0p02_severity0p01_priority0p01+stable_tfidf0p3_metadata0p08_agreement0p08,fold_5,639,163,163,0.6638863099531057,0.6503067484662577,0.8957055214723927,0.20736196319018407,0.8283478280410796,0.7331726124066434,sentence-transformers/all-MiniLM-L6-v2,1,2000,177.20924691700202
sbert_top1_mined_mean_rerank_component0p05_product0p02_severity0p01_priority0p01_stable_tfidf0p4_metadata0p06_agreement0p1,sbert,mean+rerank_component0p05_product0p02_severity0p01_priority0p01+stable_tfidf0p4_metadata0p06_agreement0p1,fold_5,639,163,163,0.64603483055443,0.6441717791411042,0.8895705521472392,0.20245398773006135,0.8192796467336345,0.7242436060252921,sentence-transformers/all-MiniLM-L6-v2,1,2000,177.20924691700202
sbert_top1_mined_title75,sbert,title75,fold_5,639,163,163,0.6382937699215867,0.6073619631901841,0.8773006134969326,0.19938650306748465,0.7835119890334614,0.7030442192201118,sentence-transformers/all-MiniLM-L6-v2,1,2000,177.20924691700202
sbert_top1_mined_title75_rerank_component0p02,sbert,title75+rerank_component0p02,fold_5,639,163,163,0.6395862822542504,0.6073619631901841,0.8773006134969326,0.201840490797546,0.7874092676239915,0.6998738800100567,sentence-transformers/all-MiniLM-L6-v2,1,2000,177.20924691700202
sbert_top1_mined_title75_rerank_component0p02_product0p01,sbert,title75+rerank_component0p02_product0p01,fold_5,639,163,163,0.6388843840597591,0.6073619631901841,0.8773006134969326,0.20245398773006135,0.7904767522865682,0.7001583837229257,sentence-transformers/all-MiniLM-L6-v2,1,2000,177.20924691700202
sbert_top1_mined_title75_rerank_component0p02_product0p01_severity0p005,sbert,title75+rerank_component0p02_product0p01_severity0p005,fold_5,639,163,163,0.6401252863309985,0.6073619631901841,0.8773006134969326,0.20245398773006135,0.7904767522865682,0.6999518804985588,sentence-transformers/all-MiniLM-L6-v2,1,2000,177.20924691700202
sbert_top1_mined_title75_rerank_component0p02_product0p01_severity0p005_priority0p005,sbert,title75+rerank_component0p02_product0p01_severity0p005_priority0p005,fold_5,639,163,163,0.6401252863309985,0.6073619631901841,0.8773006134969326,0.20245398773006135,0.7904767522865682,0.6999518804985588,sentence-transformers/all-MiniLM-L6-v2,1,2000,177.20924691700202
sbert_top1_mined_title75_rerank_component0p05_product0p02,sbert,title75+rerank_component0p05_product0p02,fold_5,639,163,163,0.638527502112265,0.6134969325153374,0.8773006134969326,0.20368098159509204,0.7879907413649746,0.6971005648986394,sentence-transformers/all-MiniLM-L6-v2,1,2000,177.20924691700202
sbert_top1_mined_title75_rerank_component0p05_product0p02_severity0p01_priority0p01,sbert,title75+rerank_component0p05_product0p02_severity0p01_priority0p01,fold_5,639,163,163,0.6381786025622217,0.6134969325153374,0.8711656441717791,0.20368098159509204,0.7869682464774489,0.6957000663188099,sentence-transformers/all-MiniLM-L6-v2,1,2000,177.20924691700202
sbert_top1_mined_title75_stable_tfidf0p2_metadata0p05_agreement0p05,sbert,title75+stable_tfidf0p2_metadata0p05_agreement0p05,fold_5,639,163,163,0.6629121511054132,0.6503067484662577,0.8957055214723927,0.20490797546012268,0.8094165037416572,0.7351494919964546,sentence-transformers/all-MiniLM-L6-v2,1,2000,177.20924691700202
sbert_top1_mined_title75_stable_tfidf0p3_metadata0p08_agreement0p08,sbert,title75+stable_tfidf0p3_metadata0p08_agreement0p08,fold_5,639,163,163,0.630999451710025,0.6134969325153374,0.8895705521472392,0.19877300613496932,0.800571922964561,0.7106509374576357,sentence-transformers/all-MiniLM-L6-v2,1,2000,177.20924691700202
sbert_top1_mined_title75_stable_tfidf0p4_metadata0p06_agreement0p1,sbert,title75+stable_tfidf0p4_metadata0p06_agreement0p1,fold_5,639,163,163,0.6100573949151958,0.588957055214724,0.8895705521472392,0.19447852760736195,0.7936582844558305,0.6924202851359386,sentence-transformers/all-MiniLM-L6-v2,1,2000,177.20924691700202
sbert_top1_mined_title75_rerank_component0p02_stable_tfidf0p2_metadata0p05_agreement0p05,sbert,title75+rerank_component0p02+stable_tfidf0p2_metadata0p05_agreement0p05,fold_5,639,163,163,0.6600388028412598,0.6441717791411042,0.8957055214723927,0.20429447852760735,0.8073833119845389,0.73041401427967,sentence-transformers/all-MiniLM-L6-v2,1,2000,177.20924691700202
sbert_top1_mined_title75_rerank_component0p02_stable_tfidf0p3_metadata0p08_agreement0p08,sbert,title75+rerank_component0p02+stable_tfidf0p3_metadata0p08_agreement0p08,fold_5,639,163,163,0.6322022690653897,0.6196319018404908,0.8895705521472392,0.19877300613496932,0.800571922964561,0.711802391904445,sentence-transformers/all-MiniLM-L6-v2,1,2000,177.20924691700202
sbert_top1_mined_title75_rerank_component0p02_stable_tfidf0p4_metadata0p06_agreement0p1,sbert,title75+rerank_component0p02+stable_tfidf0p4_metadata0p06_agreement0p1,fold_5,639,163,163,0.606725937805908,0.5766871165644172,0.8895705521472392,0.1950920245398773,0.7969813928402886,0.6856918872402004,sentence-transformers/all-MiniLM-L6-v2,1,2000,177.20924691700202
sbert_top1_mined_title75_rerank_component0p02_product0p01_stable_tfidf0p2_metadata0p05_agreement0p05,sbert,title75+rerank_component0p02_product0p01+stable_tfidf0p2_metadata0p05_agreement0p05,fold_5,639,163,163,0.6595283459539479,0.6441717791411042,0.8895705521472392,0.2030674846625767,0.8007764219420662,0.7302434691119023,sentence-transformers/all-MiniLM-L6-v2,1,2000,177.20924691700202
sbert_top1_mined_title75_rerank_component0p02_product0p01_stable_tfidf0p3_metadata0p08_agreement0p08,sbert,title75+rerank_component0p02_product0p01+stable_tfidf0p3_metadata0p08_agreement0p08,fold_5,639,163,163,0.6313235665080412,0.6196319018404908,0.8895705521472392,0.19877300613496932,0.8018500415739679,0.7111126005428461,sentence-transformers/all-MiniLM-L6-v2,1,2000,177.20924691700202
sbert_top1_mined_title75_rerank_component0p02_product0p01_stable_tfidf0p4_metadata0p06_agreement0p1,sbert,title75+rerank_component0p02_product0p01+stable_tfidf0p4_metadata0p06_agreement0p1,fold_5,639,163,163,0.606542583845277,0.5766871165644172,0.8834355828220859,0.19447852760736195,0.7939139081777119,0.6855484147703943,sentence-transformers/all-MiniLM-L6-v2,1,2000,177.20924691700202
sbert_top1_mined_title75_rerank_component0p02_product0p01_severity0p005_stable_tfidf0p2_metadata0p05_agreement0p05,sbert,title75+rerank_component0p02_product0p01_severity0p005+stable_tfidf0p2_metadata0p05_agreement0p05,fold_5,639,163,163,0.6563434231756614,0.6380368098159509,0.8895705521472392,0.2030674846625767,0.8007764219420662,0.7272857712860569,sentence-transformers/all-MiniLM-L6-v2,1,2000,177.20924691700202
sbert_top1_mined_title75_rerank_component0p02_product0p01_severity0p005_stable_tfidf0p3_metadata0p08_agreement0p08,sbert,title75+rerank_component0p02_product0p01_severity0p005+stable_tfidf0p3_metadata0p08_agreement0p08,fold_5,639,163,163,0.6309837689708173,0.6196319018404908,0.8895705521472392,0.19877300613496932,0.8018500415739679,0.7106954932118241,sentence-transformers/all-MiniLM-L6-v2,1,2000,177.20924691700202
sbert_top1_mined_title75_rerank_component0p02_product0p01_severity0p005_stable_tfidf0p4_metadata0p06_agreement0p1,sbert,title75+rerank_component0p02_product0p01_severity0p005+stable_tfidf0p4_metadata0p06_agreement0p1,fold_5,639,163,163,0.6067721433659629,0.5766871165644172,0.8834355828220859,0.1950920245398773,0.794680779343356,0.6860564441132746,sentence-transformers/all-MiniLM-L6-v2,1,2000,177.20924691700202
sbert_top1_mined_title75_rerank_component0p02_product0p01_severity0p005_priority0p005_stable_tfidf0p2_metadata0p05_agreement0p05,sbert,title75+rerank_component0p02_product0p01_severity0p005_priority0p005+stable_tfidf0p2_metadata0p05_agreement0p05,fold_5,639,163,163,0.6563353081368716,0.6380368098159509,0.8895705521472392,0.2030674846625767,0.8007764219420662,0.7272857712860569,sentence-transformers/all-MiniLM-L6-v2,1,2000,177.20924691700202
sbert_top1_mined_title75_rerank_component0p02_product0p01_severity0p005_priority0p005_stable_tfidf0p3_metadata0p08_agreement0p08,sbert,title75+rerank_component0p02_product0p01_severity0p005_priority0p005+stable_tfidf0p3_metadata0p08_agreement0p08,fold_5,639,163,163,0.6309837689708173,0.6196319018404908,0.8895705521472392,0.19877300613496932,0.8018500415739679,0.7106954932118241,sentence-transformers/all-MiniLM-L6-v2,1,2000,177.20924691700202
sbert_top1_mined_title75_rerank_component0p02_product0p01_severity0p005_priority0p005_stable_tfidf0p4_metadata0p06_agreement0p1,sbert,title75+rerank_component0p02_product0p01_severity0p005_priority0p005+stable_tfidf0p4_metadata0p06_agreement0p1,fold_5,639,163,163,0.6067721433659629,0.5766871165644172,0.8834355828220859,0.1950920245398773,0.794680779343356,0.6860564441132746,sentence-transformers/all-MiniLM-L6-v2,1,2000,177.20924691700202
sbert_top1_mined_title75_rerank_component0p05_product0p02_stable_tfidf0p2_metadata0p05_agreement0p05,sbert,title75+rerank_component0p05_product0p02+stable_tfidf0p2_metadata0p05_agreement0p05,fold_5,639,163,163,0.6503160188169775,0.6257668711656442,0.8895705521472392,0.20429447852760738,0.7994898761769927,0.7210956402908376,sentence-transformers/all-MiniLM-L6-v2,1,2000,177.20924691700202
sbert_top1_mined_title75_rerank_component0p05_product0p02_stable_tfidf0p3_metadata0p08_agreement0p08,sbert,title75+rerank_component0p05_product0p02+stable_tfidf0p3_metadata0p08_agreement0p08,fold_5,639,163,163,0.6305538766742859,0.6196319018404908,0.8895705521472392,0.19938650306748465,0.7992938043551541,0.7118814924238379,sentence-transformers/all-MiniLM-L6-v2,1,2000,177.20924691700202
sbert_top1_mined_title75_rerank_component0p05_product0p02_stable_tfidf0p4_metadata0p06_agreement0p1,sbert,title75+rerank_component0p05_product0p02+stable_tfidf0p4_metadata0p06_agreement0p1,fold_5,639,163,163,0.6050768855094412,0.5828220858895705,0.8834355828220859,0.19263803680981598,0.786391267219488,0.6867442329293832,sentence-transformers/all-MiniLM-L6-v2,1,2000,177.20924691700202
sbert_top1_mined_title75_rerank_component0p05_product0p02_severity0p01_priority0p01_stable_tfidf0p2_metadata0p05_agreement0p05,sbert,title75+rerank_component0p05_product0p02_severity0p01_priority0p01+stable_tfidf0p2_metadata0p05_agreement0p05,fold_5,639,163,163,0.6467321786214455,0.6196319018404908,0.8895705521472392,0.20429447852760738,0.7994898761769927,0.7178423479850183,sentence-transformers/all-MiniLM-L6-v2,1,2000,177.20924691700202
sbert_top1_mined_title75_rerank_component0p05_product0p02_severity0p01_priority0p01_stable_tfidf0p3_metadata0p08_agreement0p08,sbert,title75+rerank_component0p05_product0p02_severity0p01_priority0p01+stable_tfidf0p3_metadata0p08_agreement0p08,fold_5,639,163,163,0.6312039205423953,0.6196319018404908,0.8895705521472392,0.2,0.8008275466864424,0.7122889465846065,sentence-transformers/all-MiniLM-L6-v2,1,2000,177.20924691700202
sbert_top1_mined_title75_rerank_component0p05_product0p02_severity0p01_priority0p01_stable_tfidf0p4_metadata0p06_agreement0p1,sbert,title75+rerank_component0p05_product0p02_severity0p01_priority0p01+stable_tfidf0p4_metadata0p06_agreement0p1,fold_5,639,163,163,0.6051012194672158,0.5828220858895705,0.8834355828220859,0.19263803680981598,0.786391267219488,0.6867943153935739,sentence-transformers/all-MiniLM-L6-v2,1,2000,177.20924691700202
sbert_top1_mined_content75,sbert,content75,fold_5,639,163,163,0.605111137551799,0.5766871165644172,0.8220858895705522,0.18773006134969325,0.7315507090046968,0.6622895339200506,sentence-transformers/all-MiniLM-L6-v2,1,2000,177.20924691700202
sbert_top1_mined_content75_rerank_component0p02,sbert,content75+rerank_component0p02,fold_5,639,163,163,0.6121227797783004,0.5828220858895705,0.8343558282208589,0.19325153374233128,0.7440953729297287,0.6665166266824745,sentence-transformers/all-MiniLM-L6-v2,1,2000,177.20924691700202
sbert_top1_mined_content75_rerank_component0p02_product0p01,sbert,content75+rerank_component0p02_product0p01,fold_5,639,163,163,0.6084781648414862,0.5766871165644172,0.8343558282208589,0.19325153374233128,0.7440953729297287,0.6632342088306048,sentence-transformers/all-MiniLM-L6-v2,1,2000,177.20924691700202
sbert_top1_mined_content75_rerank_component0p02_product0p01_severity0p005,sbert,content75+rerank_component0p02_product0p01_severity0p005,fold_5,639,163,163,0.6143747064957673,0.588957055214724,0.8343558282208589,0.19325153374233128,0.7440953729297287,0.6687280017035534,sentence-transformers/all-MiniLM-L6-v2,1,2000,177.20924691700202
sbert_top1_mined_content75_rerank_component0p02_product0p01_severity0p005_priority0p005,sbert,content75+rerank_component0p02_product0p01_severity0p005_priority0p005,fold_5,639,163,163,0.6143747064957673,0.588957055214724,0.8343558282208589,0.19325153374233128,0.7440953729297287,0.6687280017035534,sentence-transformers/all-MiniLM-L6-v2,1,2000,177.20924691700202
sbert_top1_mined_content75_rerank_component0p05_product0p02,sbert,content75+rerank_component0p05_product0p02,fold_5,639,163,163,0.6160108727032985,0.588957055214724,0.8343558282208589,0.19386503067484664,0.7475207308029393,0.6704146203877884,sentence-transformers/all-MiniLM-L6-v2,1,2000,177.20924691700202
sbert_top1_mined_content75_rerank_component0p05_product0p02_severity0p01_priority0p01,sbert,content75+rerank_component0p05_product0p02_severity0p01_priority0p01,fold_5,639,163,163,0.6191090479625735,0.5950920245398773,0.8343558282208589,0.19447852760736195,0.7454757410278883,0.6730612628364593,sentence-transformers/all-MiniLM-L6-v2,1,2000,177.20924691700202
sbert_top1_mined_content75_stable_tfidf0p2_metadata0p05_agreement0p05,sbert,content75+stable_tfidf0p2_metadata0p05_agreement0p05,fold_5,639,163,163,0.6494915071335436,0.6257668711656442,0.8895705521472392,0.20552147239263804,0.8089131216431831,0.7096394294809193,sentence-transformers/all-MiniLM-L6-v2,1,2000,177.20924691700202
sbert_top1_mined_content75_stable_tfidf0p3_metadata0p08_agreement0p08,sbert,content75+stable_tfidf0p3_metadata0p08_agreement0p08,fold_5,639,163,163,0.6389273921026128,0.6073619631901841,0.8834355828220859,0.20490797546012268,0.8033085013146363,0.7026857051722203,sentence-transformers/all-MiniLM-L6-v2,1,2000,177.20924691700202
sbert_top1_mined_content75_stable_tfidf0p4_metadata0p06_agreement0p1,sbert,content75+stable_tfidf0p4_metadata0p06_agreement0p1,fold_5,639,163,163,0.6246704166240954,0.5950920245398773,0.8773006134969326,0.2012269938650307,0.7952234881682734,0.6929023311574057,sentence-transformers/all-MiniLM-L6-v2,1,2000,177.20924691700202
sbert_top1_mined_content75_rerank_component0p02_stable_tfidf0p2_metadata0p05_agreement0p05,sbert,content75+rerank_component0p02+stable_tfidf0p2_metadata0p05_agreement0p05,fold_5,639,163,163,0.6612804200141728,0.6441717791411042,0.8895705521472392,0.20797546012269938,0.8149065147531406,0.7222059058141178,sentence-transformers/all-MiniLM-L6-v2,1,2000,177.20924691700202
sbert_top1_mined_content75_rerank_component0p02_stable_tfidf0p3_metadata0p08_agreement0p08,sbert,content75+rerank_component0p02+stable_tfidf0p3_metadata0p08_agreement0p08,fold_5,639,163,163,0.6456718607902674,0.6196319018404908,0.8834355828220859,0.20429447852760738,0.8020815074496057,0.7102895725024485,sentence-transformers/all-MiniLM-L6-v2,1,2000,177.20924691700202
sbert_top1_mined_content75_rerank_component0p02_stable_tfidf0p4_metadata0p06_agreement0p1,sbert,content75+rerank_component0p02+stable_tfidf0p4_metadata0p06_agreement0p1,fold_5,639,163,163,0.6273525762877991,0.5950920245398773,0.8773006134969326,0.20061349693251534,0.7969106047326906,0.6955644600732264,sentence-transformers/all-MiniLM-L6-v2,1,2000,177.20924691700202
sbert_top1_mined_content75_rerank_component0p02_product0p01_stable_tfidf0p2_metadata0p05_agreement0p05,sbert,content75+rerank_component0p02_product0p01+stable_tfidf0p2_metadata0p05_agreement0p05,fold_5,639,163,163,0.6580948850681578,0.6319018404907976,0.8957055214723927,0.20797546012269938,0.8195077417470056,0.7156960600855784,sentence-transformers/all-MiniLM-L6-v2,1,2000,177.20924691700202
sbert_top1_mined_content75_rerank_component0p02_product0p01_stable_tfidf0p3_metadata0p08_agreement0p08,sbert,content75+rerank_component0p02_product0p01+stable_tfidf0p3_metadata0p08_agreement0p08,fold_5,639,163,163,0.6444313465290126,0.6196319018404908,0.8834355828220859,0.20368098159509204,0.8012050832602979,0.7091605331151237,sentence-transformers/all-MiniLM-L6-v2,1,2000,177.20924691700202
sbert_top1_mined_content75_rerank_component0p02_product0p01_stable_tfidf0p4_metadata0p06_agreement0p1,sbert,content75+rerank_component0p02_product0p01+stable_tfidf0p4_metadata0p06_agreement0p1,fold_5,639,163,163,0.6230780341780512,0.588957055214724,0.8773006134969326,0.20061349693251534,0.7969106047326906,0.691258363707156,sentence-transformers/all-MiniLM-L6-v2,1,2000,177.20924691700202
sbert_top1_mined_content75_rerank_component0p02_product0p01_severity0p005_stable_tfidf0p2_metadata0p05_agreement0p05,sbert,content75+rerank_component0p02_product0p01_severity0p005+stable_tfidf0p2_metadata0p05_agreement0p05,fold_5,639,163,163,0.6549097776687073,0.6257668711656442,0.8895705521472392,0.20797546012269938,0.8149065147531406,0.7125483849978087,sentence-transformers/all-MiniLM-L6-v2,1,2000,177.20924691700202
sbert_top1_mined_content75_rerank_component0p02_product0p01_severity0p005_stable_tfidf0p3_metadata0p08_agreement0p08,sbert,content75+rerank_component0p02_product0p01_severity0p005+stable_tfidf0p3_metadata0p08_agreement0p08,fold_5,639,163,163,0.6456299449345024,0.6196319018404908,0.8834355828220859,0.20490797546012268,0.8044770669003797,0.7094218991553809,sentence-transformers/all-MiniLM-L6-v2,1,2000,177.20924691700202
sbert_top1_mined_content75_rerank_component0p02_product0p01_severity0p005_stable_tfidf0p4_metadata0p06_agreement0p1,sbert,content75+rerank_component0p02_product0p01_severity0p005+stable_tfidf0p4_metadata0p06_agreement0p1,fold_5,639,163,163,0.6222433256580833,0.588957055214724,0.8773006134969326,0.20061349693251534,0.7969106047326906,0.6908791432263125,sentence-transformers/all-MiniLM-L6-v2,1,2000,177.20924691700202
sbert_top1_mined_content75_rerank_component0p02_product0p01_severity0p005_priority0p005_stable_tfidf0p2_metadata0p05_agreement0p05,sbert,content75+rerank_component0p02_product0p01_severity0p005_priority0p005+stable_tfidf0p2_metadata0p05_agreement0p05,fold_5,639,163,163,0.6549097776687073,0.6257668711656442,0.8895705521472392,0.20797546012269938,0.8149065147531406,0.7125483849978087,sentence-transformers/all-MiniLM-L6-v2,1,2000,177.20924691700202
sbert_top1_mined_content75_rerank_component0p02_product0p01_severity0p005_priority0p005_stable_tfidf0p3_metadata0p08_agreement0p08,sbert,content75+rerank_component0p02_product0p01_severity0p005_priority0p005+stable_tfidf0p3_metadata0p08_agreement0p08,fold_5,639,163,163,0.6486974295970792,0.6257668711656442,0.8834355828220859,0.20490797546012268,0.8044770669003797,0.7124893838179576,sentence-transformers/all-MiniLM-L6-v2,1,2000,177.20924691700202
sbert_top1_mined_content75_rerank_component0p02_product0p01_severity0p005_priority0p005_stable_tfidf0p4_metadata0p06_agreement0p1,sbert,content75+rerank_component0p02_product0p01_severity0p005_priority0p005+stable_tfidf0p4_metadata0p06_agreement0p1,fold_5,639,163,163,0.6222433256580833,0.588957055214724,0.8773006134969326,0.20061349693251534,0.7969106047326906,0.6908791432263125,sentence-transformers/all-MiniLM-L6-v2,1,2000,177.20924691700202
sbert_top1_mined_content75_rerank_component0p05_product0p02_stable_tfidf0p2_metadata0p05_agreement0p05,sbert,content75+rerank_component0p05_product0p02+stable_tfidf0p2_metadata0p05_agreement0p05,fold_5,639,163,163,0.6601223949960741,0.6380368098159509,0.8957055214723927,0.2085889570552147,0.8215527315220568,0.7198526303654338,sentence-transformers/all-MiniLM-L6-v2,1,2000,177.20924691700202
sbert_top1_mined_content75_rerank_component0p05_product0p02_stable_tfidf0p3_metadata0p08_agreement0p08,sbert,content75+rerank_component0p05_product0p02+stable_tfidf0p3_metadata0p08_agreement0p08,fold_5,639,163,163,0.6431180974005426,0.6134969325153374,0.8773006134969326,0.2030674846625767,0.7950701139351446,0.7080529977274972,sentence-transformers/all-MiniLM-L6-v2,1,2000,177.20924691700202
sbert_top1_mined_content75_rerank_component0p05_product0p02_stable_tfidf0p4_metadata0p06_agreement0p1,sbert,content75+rerank_component0p05_product0p02+stable_tfidf0p4_metadata0p06_agreement0p1,fold_5,639,163,163,0.6224779807222589,0.588957055214724,0.8650306748466258,0.198159509202454,0.7800394390885188,0.6923390649811751,sentence-transformers/all-MiniLM-L6-v2,1,2000,177.20924691700202
sbert_top1_mined_content75_rerank_component0p05_product0p02_severity0p01_priority0p01_stable_tfidf0p2_metadata0p05_agreement0p05,sbert,content75+rerank_component0p05_product0p02_severity0p01_priority0p01+stable_tfidf0p2_metadata0p05_agreement0p05,fold_5,639,163,163,0.6602062283774796,0.6380368098159509,0.8957055214723927,0.20920245398773007,0.8223196026877009,0.7204543134915807,sentence-transformers/all-MiniLM-L6-v2,1,2000,177.20924691700202
sbert_top1_mined_content75_rerank_component0p05_product0p02_severity0p01_priority0p01_stable_tfidf0p3_metadata0p08_agreement0p08,sbert,content75+rerank_component0p05_product0p02_severity0p01_priority0p01+stable_tfidf0p3_metadata0p08_agreement0p08,fold_5,639,163,163,0.6435333211397726,0.6134969325153374,0.8773006134969326,0.20368098159509204,0.7971151037101958,0.7084150698444757,sentence-transformers/all-MiniLM-L6-v2,1,2000,177.20924691700202
sbert_top1_mined_content75_rerank_component0p05_product0p02_severity0p01_priority0p01_stable_tfidf0p4_metadata0p06_agreement0p1,sbert,content75+rerank_component0p05_product0p02_severity0p01_priority0p01+stable_tfidf0p4_metadata0p06_agreement0p1,fold_5,639,163,163,0.6238337299938268,0.588957055214724,0.8650306748466258,0.19754601226993868,0.7791630148992112,0.6937181900903238,sentence-transformers/all-MiniLM-L6-v2,1,2000,177.20924691700202
"sbert_top1_mined_weighted:0.6,0.4",sbert,"weighted:0.6,0.4",mean,0,0,160,0.6712290639235967,0.6386293029733878,0.8841839556730674,0.19659012850010588,0.8105537623455454,0.7250815849585133,sentence-transformers/all-MiniLM-L6-v2,1,2000,872.9561130000002
"sbert_top1_mined_weighted:0.6,0.4_rerank_component0p02",sbert,"weighted:0.6,0.4+rerank_component0p02",mean,0,0,160,0.6726538126166763,0.6410026455421588,0.893038185740018,0.19910659048109478,0.8190683182571048,0.728022307789271,sentence-transformers/all-MiniLM-L6-v2,1,2000,872.9561130000002
"sbert_top1_mined_weighted:0.6,0.4_rerank_component0p02_product0p01",sbert,"weighted:0.6,0.4+rerank_component0p02_product0p01",mean,0,0,160,0.6696573023254315,0.6372810695195819,0.8905682028926767,0.19886741233321306,0.8163876029488788,0.7256095847736087,sentence-transformers/all-MiniLM-L6-v2,1,2000,872.9561130000002
"sbert_top1_mined_weighted:0.6,0.4_rerank_component0p02_product0p01_severity0p005",sbert,"weighted:0.6,0.4+rerank_component0p02_product0p01_severity0p005",mean,0,0,160,0.6691156786987295,0.6360919544424299,0.8917803241047979,0.19911687054896768,0.817592303308707,0.7255939008250938,sentence-transformers/all-MiniLM-L6-v2,1,2000,872.9561130000002
"sbert_top1_mined_weighted:0.6,0.4_rerank_component0p02_product0p01_severity0p005_priority0p005",sbert,"weighted:0.6,0.4+rerank_component0p02_product0p01_severity0p005_priority0p005",mean,0,0,160,0.6691156786987295,0.6360919544424299,0.8917803241047979,0.19911687054896768,0.817592303308707,0.7255939008250938,sentence-transformers/all-MiniLM-L6-v2,1,2000,872.9561130000002
"sbert_top1_mined_weighted:0.6,0.4_rerank_component0p05_product0p02",sbert,"weighted:0.6,0.4+rerank_component0p05_product0p02",mean,0,0,160,0.6621870009809452,0.6310716154332967,0.8891709831192447,0.2003255790507414,0.8182582463793002,0.7197960468587616,sentence-transformers/all-MiniLM-L6-v2,1,2000,872.9561130000002
"sbert_top1_mined_weighted:0.6,0.4_rerank_component0p05_product0p02_severity0p01_priority0p01",sbert,"weighted:0.6,0.4+rerank_component0p05_product0p02_severity0p01_priority0p01",mean,0,0,160,0.6590344959428602,0.6236625175088035,0.8917651796050488,0.20098476121663822,0.8211804129455933,0.7164897179091267,sentence-transformers/all-MiniLM-L6-v2,1,2000,872.9561130000002
"sbert_top1_mined_weighted:0.6,0.4_stable_tfidf0p2_metadata0p05_agreement0p05",sbert,"weighted:0.6,0.4+stable_tfidf0p2_metadata0p05_agreement0p05",mean,0,0,160,0.6855229988192656,0.6663964031013963,0.9090525076838457,0.19927206666510516,0.8319209138738414,0.7512164802101976,sentence-transformers/all-MiniLM-L6-v2,1,2000,872.9561130000002
"sbert_top1_mined_weighted:0.6,0.4_stable_tfidf0p3_metadata0p08_agreement0p08",sbert,"weighted:0.6,0.4+stable_tfidf0p3_metadata0p08_agreement0p08",mean,0,0,160,0.6706479073850348,0.6614521420286303,0.9028855481241325,0.19532809032432316,0.8183892494577745,0.7458854970873273,sentence-transformers/all-MiniLM-L6-v2,1,2000,872.9561130000002
"sbert_top1_mined_weighted:0.6,0.4_stable_tfidf0p4_metadata0p06_agreement0p1",sbert,"weighted:0.6,0.4+stable_tfidf0p4_metadata0p06_agreement0p1",mean,0,0,160,0.6543093414665135,0.6426677324703484,0.8953739213677501,0.19020445943100336,0.8037299642021107,0.7325172889381274,sentence-transformers/all-MiniLM-L6-v2,1,2000,872.9561130000002
"sbert_top1_mined_weighted:0.6,0.4_rerank_component0p02_stable_tfidf0p2_metadata0p05_agreement0p05",sbert,"weighted:0.6,0.4+rerank_component0p02+stable_tfidf0p2_metadata0p05_agreement0p05",mean,0,0,160,0.6845298486073289,0.6650657579401058,0.9115549514766121,0.19903897700950826,0.8305528926359015,0.7503089654549618,sentence-transformers/all-MiniLM-L6-v2,1,2000,872.9561130000002
"sbert_top1_mined_weighted:0.6,0.4_rerank_component0p02_stable_tfidf0p3_metadata0p08_agreement0p08",sbert,"weighted:0.6,0.4+rerank_component0p02+stable_tfidf0p3_metadata0p08_agreement0p08",mean,0,0,160,0.6747830856080895,0.6652516475728915,0.9028855481241325,0.1951890966334329,0.8164872969500424,0.7500775786936987,sentence-transformers/all-MiniLM-L6-v2,1,2000,872.9561130000002
"sbert_top1_mined_weighted:0.6,0.4_rerank_component0p02_stable_tfidf0p4_metadata0p06_agreement0p1",sbert,"weighted:0.6,0.4+rerank_component0p02+stable_tfidf0p4_metadata0p06_agreement0p1",mean,0,0,160,0.6550931815653881,0.6426044037547338,0.8991087768680008,0.19057618615177688,0.8057724768484118,0.7332537539726441,sentence-transformers/all-MiniLM-L6-v2,1,2000,872.9561130000002
"sbert_top1_mined_weighted:0.6,0.4_rerank_component0p02_product0p01_stable_tfidf0p2_metadata0p05_agreement0p05",sbert,"weighted:0.6,0.4+rerank_component0p02_product0p01+stable_tfidf0p2_metadata0p05_agreement0p05",mean,0,0,160,0.6835280814616181,0.6625887640750753,0.9115549514766121,0.1991670637865272,0.830873109578449,0.7492916811467072,sentence-transformers/all-MiniLM-L6-v2,1,2000,872.9561130000002
"sbert_top1_mined_weighted:0.6,0.4_rerank_component0p02_product0p01_stable_tfidf0p3_metadata0p08_agreement0p08",sbert,"weighted:0.6,0.4+rerank_component0p02_product0p01+stable_tfidf0p3_metadata0p08_agreement0p08",mean,0,0,160,0.6728848806503921,0.6615089304374205,0.9028855481241325,0.19531409663343288,0.8165765826643281,0.7476322003734075,sentence-transformers/all-MiniLM-L6-v2,1,2000,872.9561130000002
"sbert_top1_mined_weighted:0.6,0.4_rerank_component0p02_product0p01_stable_tfidf0p4_metadata0p06_agreement0p1",sbert,"weighted:0.6,0.4+rerank_component0p02_product0p01+stable_tfidf0p4_metadata0p06_agreement0p1",mean,0,0,160,0.6552919088047162,0.6450435188318857,0.8966387940206595,0.19020488896881166,0.8021315910962429,0.7343973630685265,sentence-transformers/all-MiniLM-L6-v2,1,2000,872.9561130000002
"sbert_top1_mined_weighted:0.6,0.4_rerank_component0p02_product0p01_severity0p005_stable_tfidf0p2_metadata0p05_agreement0p05",sbert,"weighted:0.6,0.4+rerank_component0p02_product0p01_severity0p005+stable_tfidf0p2_metadata0p05_agreement0p05",mean,0,0,160,0.6841111261697378,0.6625887640750753,0.9115549514766121,0.1991708516653151,0.8307892351195744,0.7497874586069979,sentence-transformers/all-MiniLM-L6-v2,1,2000,872.9561130000002
"sbert_top1_mined_weighted:0.6,0.4_rerank_component0p02_product0p01_severity0p005_stable_tfidf0p3_metadata0p08_agreement0p08",sbert,"weighted:0.6,0.4+rerank_component0p02_product0p01_severity0p005+stable_tfidf0p3_metadata0p08_agreement0p08",mean,0,0,160,0.670789914139957,0.6590776769954887,0.9041355481241323,0.19519369786042676,0.8170597114986838,0.7462831826703662,sentence-transformers/all-MiniLM-L6-v2,1,2000,872.9561130000002
"sbert_top1_mined_weighted:0.6,0.4_rerank_component0p02_product0p01_severity0p005_stable_tfidf0p4_metadata0p06_agreement0p1",sbert,"weighted:0.6,0.4+rerank_component0p02_product0p01_severity0p005+stable_tfidf0p4_metadata0p06_agreement0p1",mean,0,0,160,0.6552272997406862,0.6451068475475001,0.8966387940206595,0.18995718958230862,0.8015117443814344,0.7343554826330317,sentence-transformers/all-MiniLM-L6-v2,1,2000,872.9561130000002
"sbert_top1_mined_weighted:0.6,0.4_rerank_component0p02_product0p01_severity0p005_priority0p005_stable_tfidf0p2_metadata0p05_agreement0p05",sbert,"weighted:0.6,0.4+rerank_component0p02_product0p01_severity0p005_priority0p005+stable_tfidf0p2_metadata0p05_agreement0p05",mean,0,0,160,0.68410396706288,0.6625887640750753,0.9115549514766121,0.1991708516653151,0.8307892351195744,0.7497832418665382,sentence-transformers/all-MiniLM-L6-v2,1,2000,872.9561130000002
"sbert_top1_mined_weighted:0.6,0.4_rerank_component0p02_product0p01_severity0p005_priority0p005_stable_tfidf0p3_metadata0p08_agreement0p08",sbert,"weighted:0.6,0.4+rerank_component0p02_product0p01_severity0p005_priority0p005+stable_tfidf0p3_metadata0p08_agreement0p08",mean,0,0,160,0.6706836510372317,0.6590776769954887,0.9041355481241323,0.19519369786042676,0.8170597114986838,0.7462831826703662,sentence-transformers/all-MiniLM-L6-v2,1,2000,872.9561130000002
"sbert_top1_mined_weighted:0.6,0.4_rerank_component0p02_product0p01_severity0p005_priority0p005_stable_tfidf0p4_metadata0p06_agreement0p1",sbert,"weighted:0.6,0.4+rerank_component0p02_product0p01_severity0p005_priority0p005+stable_tfidf0p4_metadata0p06_agreement0p1",mean,0,0,160,0.6552272997406862,0.6451068475475001,0.8966387940206595,0.18995718958230862,0.8015117443814344,0.7343554826330317,sentence-transformers/all-MiniLM-L6-v2,1,2000,872.9561130000002
"sbert_top1_mined_weighted:0.6,0.4_rerank_component0p05_product0p02_stable_tfidf0p2_metadata0p05_agreement0p05",sbert,"weighted:0.6,0.4+rerank_component0p05_product0p02+stable_tfidf0p2_metadata0p05_agreement0p05",mean,0,0,160,0.6831857788793086,0.6639440085465704,0.9115858192468016,0.19929260557077258,0.8307082161636078,0.750696426801657,sentence-transformers/all-MiniLM-L6-v2,1,2000,872.9561130000002
"sbert_top1_mined_weighted:0.6,0.4_rerank_component0p05_product0p02_stable_tfidf0p3_metadata0p08_agreement0p08",sbert,"weighted:0.6,0.4+rerank_component0p05_product0p02+stable_tfidf0p3_metadata0p08_agreement0p08",mean,0,0,160,0.670632812896065,0.6615698153602686,0.9016885714117603,0.1959520067558324,0.8170033274016193,0.7456510409882081,sentence-transformers/all-MiniLM-L6-v2,1,2000,872.9561130000002
"sbert_top1_mined_weighted:0.6,0.4_rerank_component0p05_product0p02_stable_tfidf0p4_metadata0p06_agreement0p1",sbert,"weighted:0.6,0.4+rerank_component0p05_product0p02+stable_tfidf0p4_metadata0p06_agreement0p1",mean,0,0,160,0.6527823535447357,0.6424628736705954,0.8929109495380981,0.18934777197894428,0.797734830279038,0.7321919185769402,sentence-transformers/all-MiniLM-L6-v2,1,2000,872.9561130000002
"sbert_top1_mined_weighted:0.6,0.4_rerank_component0p05_product0p02_severity0p01_priority0p01_stable_tfidf0p2_metadata0p05_agreement0p05",sbert,"weighted:0.6,0.4+rerank_component0p05_product0p02_severity0p01_priority0p01+stable_tfidf0p2_metadata0p05_agreement0p05",mean,0,0,160,0.6831079336275865,0.6626940085465705,0.9128436808820217,0.19965851536322188,0.8323567007239602,0.7506270779032417,sentence-transformers/all-MiniLM-L6-v2,1,2000,872.9561130000002
"sbert_top1_mined_weighted:0.6,0.4_rerank_component0p05_product0p02_severity0p01_priority0p01_stable_tfidf0p3_metadata0p08_agreement0p08",sbert,"weighted:0.6,0.4+rerank_component0p05_product0p02_severity0p01_priority0p01+stable_tfidf0p3_metadata0p08_agreement0p08",mean,0,0,160,0.6673304642172786,0.6565755050495621,0.9016885714117603,0.1951992445684662,0.8153094899585291,0.742543353493024,sentence-transformers/all-MiniLM-L6-v2,1,2000,872.9561130000002
"sbert_top1_mined_weighted:0.6,0.4_rerank_component0p05_product0p02_severity0p01_priority0p01_stable_tfidf0p4_metadata0p06_agreement0p1",sbert,"weighted:0.6,0.4+rerank_component0p05_product0p02_severity0p01_priority0p01+stable_tfidf0p4_metadata0p06_agreement0p1",mean,0,0,160,0.6521868291436219,0.6412910750391194,0.8929109495380981,0.18922507259244123,0.7971213333465228,0.7321676200551738,sentence-transformers/all-MiniLM-L6-v2,1,2000,872.9561130000002
sbert_top1_mined_mean,sbert,mean,mean,0,0,160,0.67039302116039,0.6360067420562168,0.8816799187050653,0.1969949796592936,0.809652818428052,0.7220628395896311,sentence-transformers/all-MiniLM-L6-v2,1,2000,872.9561130000002
sbert_top1_mined_mean_rerank_component0p02,sbert,mean+rerank_component0p02,mean,0,0,160,0.6722496544314303,0.6371555345527234,0.8917154022139477,0.19961165328195796,0.8200419453124752,0.7249128334787406,sentence-transformers/all-MiniLM-L6-v2,1,2000,872.9561130000002
sbert_top1_mined_mean_rerank_component0p02_product0p01,sbert,mean+rerank_component0p02_product0p01,mean,0,0,160,0.6701259176092327,0.6360524824793157,0.8892075405787278,0.19923586711843594,0.8167557094441262,0.722964494186655,sentence-transformers/all-MiniLM-L6-v2,1,2000,872.9561130000002
sbert_top1_mined_mean_rerank_component0p02_product0p01_severity0p005,sbert,mean+rerank_component0p02_product0p01_severity0p005,mean,0,0,160,0.6702712968843926,0.6385294763443463,0.8891926679258182,0.19935707923964807,0.8170475852574743,0.7239212642674432,sentence-transformers/all-MiniLM-L6-v2,1,2000,872.9561130000002
sbert_top1_mined_mean_rerank_component0p02_product0p01_severity0p005_priority0p005,sbert,mean+rerank_component0p02_product0p01_severity0p005_priority0p005,mean,0,0,160,0.6701702867833825,0.6385294763443463,0.8891926679258182,0.19935707923964807,0.8170475852574743,0.7238202541664331,sentence-transformers/all-MiniLM-L6-v2,1,2000,872.9561130000002
sbert_top1_mined_mean_rerank_component0p05_product0p02,sbert,mean+rerank_component0p05_product0p02,mean,0,0,160,0.6653770830168486,0.6337700419860514,0.8891157878856901,0.19994727507912977,0.8187404588165739,0.7210213586919563,sentence-transformers/all-MiniLM-L6-v2,1,2000,872.9561130000002
sbert_top1_mined_mean_rerank_component0p05_product0p02_severity0p01_priority0p01,sbert,mean+rerank_component0p05_product0p02_severity0p01_priority0p01,mean,0,0,160,0.6659346416207212,0.636247035851082,0.8878887940206595,0.19983009521598216,0.8178331779418974,0.722971092310518,sentence-transformers/all-MiniLM-L6-v2,1,2000,872.9561130000002
sbert_top1_mined_mean_stable_tfidf0p2_metadata0p05_agreement0p05,sbert,mean+stable_tfidf0p2_metadata0p05_agreement0p05,mean,0,0,160,0.6820785204441703,0.6588587961603571,0.9016258214668369,0.20018162399944242,0.8281778025677449,0.7451521812018044,sentence-transformers/all-MiniLM-L6-v2,1,2000,872.9561130000002
sbert_top1_mined_mean_stable_tfidf0p3_metadata0p08_agreement0p08,sbert,mean+stable_tfidf0p3_metadata0p08_agreement0p08,mean,0,0,160,0.6732663444842839,0.6627676426901714,0.9003506433859411,0.19682043920774836,0.8194984826258009,0.7465127311188876,sentence-transformers/all-MiniLM-L6-v2,1,2000,872.9561130000002
sbert_top1_mined_mean_stable_tfidf0p4_metadata0p06_agreement0p1,sbert,mean+stable_tfidf0p4_metadata0p06_agreement0p1,mean,0,0,160,0.6573982605671157,0.6475846920300616,0.8930294734872671,0.19196087491741345,0.803563497695662,0.7351351538064074,sentence-transformers/all-MiniLM-L6-v2,1,2000,872.9561130000002
sbert_top1_mined_mean_rerank_component0p02_stable_tfidf0p2_metadata0p05_agreement0p05,sbert,mean+rerank_component0p02+stable_tfidf0p2_metadata0p05_agreement0p05,mean,0,0,160,0.6829837348128072,0.6637819161202291,0.9040879426789582,0.20016922982028013,0.8288297853579982,0.748462345865444,sentence-transformers/all-MiniLM-L6-v2,1,2000,872.9561130000002
sbert_top1_mined_mean_rerank_component0p02_stable_tfidf0p3_metadata0p08_agreement0p08,sbert,mean+rerank_component0p02+stable_tfidf0p3_metadata0p08_agreement0p08,mean,0,0,160,0.6733177637373411,0.6639719022670725,0.9003506433859411,0.1968083424335548,0.8190753370367435,0.7468172530882349,sentence-transformers/all-MiniLM-L6-v2,1,2000,872.9561130000002
sbert_top1_mined_mean_rerank_component0p02_stable_tfidf0p4_metadata0p06_agreement0p1,sbert,mean+rerank_component0p02+stable_tfidf0p4_metadata0p06_agreement0p1,mean,0,0,160,0.6573490443166945,0.6512667960895242,0.8917391509066219,0.19219602080723067,0.8043100759897583,0.7367419226674679,sentence-transformers/all-MiniLM-L6-v2,1,2000,872.9561130000002
sbert_top1_mined_mean_rerank_component0p02_product0p01_stable_tfidf0p2_metadata0p05_agreement0p05,sbert,mean+rerank_component0p02_product0p01+stable_tfidf0p2_metadata0p05_agreement0p05,mean,0,0,160,0.6823491109886284,0.6650643770656541,0.9028609488139274,0.20028895467620128,0.8278105837007598,0.7488904650131673,sentence-transformers/all-MiniLM-L6-v2,1,2000,872.9561130000002
sbert_top1_mined_mean_rerank_component0p02_product0p01_stable_tfidf0p3_metadata0p08_agreement0p08,sbert,mean+rerank_component0p02_product0p01+stable_tfidf0p3_metadata0p08_agreement0p08,mean,0,0,160,0.6719812152114706,0.6626815796864274,0.8991385221738197,0.1965644309258396,0.8176178170516162,0.7452777055890222,sentence-transformers/all-MiniLM-L6-v2,1,2000,872.9561130000002
sbert_top1_mined_mean_rerank_component0p02_product0p01_stable_tfidf0p4_metadata0p06_agreement0p1,sbert,mean+rerank_component0p02_product0p01+stable_tfidf0p4_metadata0p06_agreement0p1,mean,0,0,160,0.6563368520358789,0.6500089344543041,0.8930427529649411,0.19170573786077982,0.8028820868927357,0.7357368817616664,sentence-transformers/all-MiniLM-L6-v2,1,2000,872.9561130000002
sbert_top1_mined_mean_rerank_component0p02_product0p01_severity0p005_stable_tfidf0p2_metadata0p05_agreement0p05,sbert,mean+rerank_component0p02_product0p01_severity0p005+stable_tfidf0p2_metadata0p05_agreement0p05,mean,0,0,160,0.6817870519485181,0.6650643770656541,0.9028609488139274,0.2002922007707438,0.8276493610051487,0.7483734060303675,sentence-transformers/all-MiniLM-L6-v2,1,2000,872.9561130000002
sbert_top1_mined_mean_rerank_component0p02_product0p01_severity0p005_stable_tfidf0p3_metadata0p08_agreement0p08,sbert,mean+rerank_component0p02_product0p01_severity0p005+stable_tfidf0p3_metadata0p08_agreement0p08,mean,0,0,160,0.6713662121409446,0.6614545858213967,0.897879067363364,0.19643848544479406,0.8179237689302561,0.7448988834040673,sentence-transformers/all-MiniLM-L6-v2,1,2000,872.9561130000002
sbert_top1_mined_mean_rerank_component0p02_product0p01_severity0p005_stable_tfidf0p4_metadata0p06_agreement0p1,sbert,mean+rerank_component0p02_product0p01_severity0p005+stable_tfidf0p4_metadata0p06_agreement0p1,mean,0,0,160,0.6564047163572806,0.6512667960895242,0.8942857419472517,0.19208176840357843,0.804800582174934,0.7363928171651803,sentence-transformers/all-MiniLM-L6-v2,1,2000,872.9561130000002
sbert_top1_mined_mean_rerank_component0p02_product0p01_severity0p005_priority0p005_stable_tfidf0p2_metadata0p05_agreement0p05,sbert,mean+rerank_component0p02_product0p01_severity0p005_priority0p005+stable_tfidf0p2_metadata0p05_agreement0p05,mean,0,0,160,0.6817870519485181,0.6650643770656541,0.9028609488139274,0.2002922007707438,0.8276493610051487,0.7483734060303675,sentence-transformers/all-MiniLM-L6-v2,1,2000,872.9561130000002
sbert_top1_mined_mean_rerank_component0p02_product0p01_severity0p005_priority0p005_stable_tfidf0p3_metadata0p08_agreement0p08,sbert,mean+rerank_component0p02_product0p01_severity0p005_priority0p005+stable_tfidf0p3_metadata0p08_agreement0p08,mean,0,0,160,0.6713662121409446,0.6614545858213967,0.897879067363364,0.19643848544479406,0.8179237689302561,0.7448988834040673,sentence-transformers/all-MiniLM-L6-v2,1,2000,872.9561130000002
sbert_top1_mined_mean_rerank_component0p02_product0p01_severity0p005_priority0p005_stable_tfidf0p4_metadata0p06_agreement0p1,sbert,mean+rerank_component0p02_product0p01_severity0p005_priority0p005+stable_tfidf0p4_metadata0p06_agreement0p1,mean,0,0,160,0.656402264385282,0.6512667960895242,0.8942857419472517,0.19208176840357843,0.804800582174934,0.7363928171651803,sentence-transformers/all-MiniLM-L6-v2,1,2000,872.9561130000002
sbert_top1_mined_mean_rerank_component0p05_product0p02_stable_tfidf0p2_metadata0p05_agreement0p05,sbert,mean+rerank_component0p05_product0p02+stable_tfidf0p2_metadata0p05_agreement0p05,mean,0,0,160,0.6821595591955202,0.6687386194898965,0.9029164158943217,0.2002888696144482,0.8262616883053884,0.7507296008957197,sentence-transformers/all-MiniLM-L6-v2,1,2000,872.9561130000002
sbert_top1_mined_mean_rerank_component0p05_product0p02_stable_tfidf0p3_metadata0p08_agreement0p08,sbert,mean+rerank_component0p05_product0p02+stable_tfidf0p3_metadata0p08_agreement0p08,mean,0,0,160,0.6709421285372733,0.6638382338181541,0.9003979769842754,0.19691650634492222,0.8195263781223799,0.7452614678582345,sentence-transformers/all-MiniLM-L6-v2,1,2000,872.9561130000002
sbert_top1_mined_mean_rerank_component0p05_product0p02_stable_tfidf0p4_metadata0p06_agreement0p1,sbert,mean+rerank_component0p05_product0p02+stable_tfidf0p4_metadata0p06_agreement0p1,mean,0,0,160,0.6591482808544231,0.6587421372332634,0.8917540235595315,0.19070770903324702,0.7996766562830221,0.7403160895159766,sentence-transformers/all-MiniLM-L6-v2,1,2000,872.9561130000002
sbert_top1_mined_mean_rerank_component0p05_product0p02_severity0p01_priority0p01_stable_tfidf0p2_metadata0p05_agreement0p05,sbert,mean+rerank_component0p05_product0p02_severity0p01_priority0p01+stable_tfidf0p2_metadata0p05_agreement0p05,mean,0,0,160,0.6795734720951907,0.6612661928497887,0.9029164158943217,0.20054693413057723,0.8267053851191623,0.7468838598884042,sentence-transformers/all-MiniLM-L6-v2,1,2000,872.9561130000002
sbert_top1_mined_mean_rerank_component0p05_product0p02_severity0p01_priority0p01_stable_tfidf0p3_metadata0p08_agreement0p08,sbert,mean+rerank_component0p05_product0p02_severity0p01_priority0p01+stable_tfidf0p3_metadata0p08_agreement0p08,mean,0,0,160,0.6701968761452752,0.6638233611652448,0.8991385221738197,0.19653882921930904,0.8178195043368979,0.7450914585118584,sentence-transformers/all-MiniLM-L6-v2,1,2000,872.9561130000002
sbert_top1_mined_mean_rerank_component0p05_product0p02_severity0p01_priority0p01_stable_tfidf0p4_metadata0p06_agreement0p1,sbert,mean+rerank_component0p05_product0p02_severity0p01_priority0p01+stable_tfidf0p4_metadata0p06_agreement0p1,mean,0,0,160,0.6590338409419882,0.6587421372332634,0.8930118851947515,0.19108671410662756,0.8017751106654251,0.7404689958516375,sentence-transformers/all-MiniLM-L6-v2,1,2000,872.9561130000002
sbert_top1_mined_title75,sbert,title75,mean,0,0,160,0.6549551643370982,0.6248784633881429,0.8791972351507413,0.19147915605162746,0.798744385467118,0.7125629041541032,sentence-transformers/all-MiniLM-L6-v2,1,2000,872.9561130000002
sbert_top1_mined_title75_rerank_component0p02,sbert,title75+rerank_component0p02,mean,0,0,160,0.6579467492498857,0.628701246914213,0.8830032810018267,0.19422673166436913,0.8070790429828177,0.7152473771045077,sentence-transformers/all-MiniLM-L6-v2,1,2000,872.9561130000002
sbert_top1_mined_title75_rerank_component0p02_product0p01,sbert,title75+rerank_component0p02_product0p01,mean,0,0,160,0.6560176442469012,0.6274891257020918,0.8804796960961662,0.1938546483178819,0.8034871368278547,0.7147397353893641,sentence-transformers/all-MiniLM-L6-v2,1,2000,872.9561130000002
sbert_top1_mined_title75_rerank_component0p02_product0p01_severity0p005,sbert,title75+rerank_component0p02_product0p01_severity0p005,mean,0,0,160,0.6563686712536989,0.6261988031214467,0.8816918173082875,0.193975074275572,0.804727896853992,0.7143113663527506,sentence-transformers/all-MiniLM-L6-v2,1,2000,872.9561130000002
sbert_top1_mined_title75_rerank_component0p02_product0p01_severity0p005_priority0p005,sbert,title75+rerank_component0p02_product0p01_severity0p005_priority0p005,mean,0,0,160,0.6563674360758334,0.6261988031214467,0.8816918173082875,0.193975074275572,0.804727896853992,0.7143113663527506,sentence-transformers/all-MiniLM-L6-v2,1,2000,872.9561130000002
sbert_top1_mined_title75_rerank_component0p05_product0p02,sbert,title75+rerank_component0p05_product0p02,mean,0,0,160,0.6555606647582791,0.6285951518251871,0.8842700186768114,0.19574053289844628,0.8080561565801169,0.7140010229344096,sentence-transformers/all-MiniLM-L6-v2,1,2000,872.9561130000002
sbert_top1_mined_title75_rerank_component0p05_product0p02_severity0p01_priority0p01,sbert,title75+rerank_component0p05_product0p02_severity0p01_priority0p01,mean,0,0,160,0.6556891933219078,0.6310897339827333,0.8830430248117807,0.1956220250875313,0.807411427767525,0.7154395604336952,sentence-transformers/all-MiniLM-L6-v2,1,2000,872.9561130000002
sbert_top1_mined_title75_stable_tfidf0p2_metadata0p05_agreement0p05,sbert,title75+stable_tfidf0p2_metadata0p05_agreement0p05,mean,0,0,160,0.673048690721326,0.6514306805551265,0.9091315596699004,0.19707910933979747,0.8268664735064586,0.738722715465137,sentence-transformers/all-MiniLM-L6-v2,1,2000,872.9561130000002
sbert_top1_mined_title75_stable_tfidf0p3_metadata0p08_agreement0p08,sbert,title75+stable_tfidf0p3_metadata0p08_agreement0p08,mean,0,0,160,0.6514056469830596,0.6378354550399272,0.9040985199537843,0.1919583950999904,0.811810689503174,0.7269733032930662,sentence-transformers/all-MiniLM-L6-v2,1,2000,872.9561130000002
sbert_top1_mined_title75_stable_tfidf0p4_metadata0p06_agreement0p1,sbert,title75+stable_tfidf0p4_metadata0p06_agreement0p1,mean,0,0,160,0.6366025502789753,0.6303443906257479,0.891554324192151,0.18571744006102495,0.7908243250792201,0.7198039437377592,sentence-transformers/all-MiniLM-L6-v2,1,2000,872.9561130000002
sbert_top1_mined_title75_rerank_component0p02_stable_tfidf0p2_metadata0p05_agreement0p05,sbert,title75+rerank_component0p02+stable_tfidf0p2_metadata0p05_agreement0p05,mean,0,0,160,0.6706674278519202,0.6463676236863518,0.9116797438857658,0.19758780070192494,0.8286517998904415,0.7354617620462198,sentence-transformers/all-MiniLM-L6-v2,1,2000,872.9561130000002
sbert_top1_mined_title75_rerank_component0p02_stable_tfidf0p3_metadata0p08_agreement0p08,sbert,title75+rerank_component0p02+stable_tfidf0p3_metadata0p08_agreement0p08,mean,0,0,160,0.6514250431687448,0.6403581893280569,0.9053563815890044,0.19247103365842935,0.8132626173768152,0.7280479416834902,sentence-transformers/all-MiniLM-L6-v2,1,2000,872.9561130000002
sbert_top1_mined_title75_rerank_component0p02_stable_tfidf0p4_metadata0p06_agreement0p1,sbert,title75+rerank_component0p02+stable_tfidf0p4_metadata0p06_agreement0p1,mean,0,0,160,0.634620937794536,0.6266379591029201,0.8903746639254548,0.18598559814281934,0.7898624337504522,0.7177495298711449,sentence-transformers/all-MiniLM-L6-v2,1,2000,872.9561130000002
sbert_top1_mined_title75_rerank_component0p02_product0p01_stable_tfidf0p2_metadata0p05_agreement0p05,sbert,title75+rerank_component0p02_product0p01+stable_tfidf0p2_metadata0p05_agreement0p05,mean,0,0,160,0.6700690220459204,0.6464458250548757,0.910452750020735,0.1968491915229726,0.8252115175310737,0.735423113352424,sentence-transformers/all-MiniLM-L6-v2,1,2000,872.9561130000002
sbert_top1_mined_title75_rerank_component0p02_product0p01_stable_tfidf0p3_metadata0p08_agreement0p08,sbert,title75+rerank_component0p02_product0p01+stable_tfidf0p3_metadata0p08_agreement0p08,mean,0,0,160,0.6498512198462938,0.6404363906965808,0.9041442603768832,0.1920917570210882,0.8118222489188336,0.7278114001191348,sentence-transformers/all-MiniLM-L6-v2,1,2000,872.9561130000002
sbert_top1_mined_title75_rerank_component0p02_product0p01_stable_tfidf0p4_metadata0p06_agreement0p1,sbert,title75+rerank_component0p02_product0p01+stable_tfidf0p4_metadata0p06_agreement0p1,mean,0,0,160,0.6336089251005185,0.625347636522275,0.8891476700604241,0.1861136849198383,0.789813009144981,0.7168388487528812,sentence-transformers/all-MiniLM-L6-v2,1,2000,872.9561130000002
sbert_top1_mined_title75_rerank_component0p02_product0p01_severity0p005_stable_tfidf0p2_metadata0p05_agreement0p05,sbert,title75+rerank_component0p02_product0p01_severity0p005+stable_tfidf0p2_metadata0p05_agreement0p05,mean,0,0,160,0.6693406522449346,0.6464688311898451,0.9091624274400898,0.19672015926490807,0.8245663562407511,0.7354647728773213,sentence-transformers/all-MiniLM-L6-v2,1,2000,872.9561130000002
sbert_top1_mined_title75_rerank_component0p02_product0p01_severity0p005_stable_tfidf0p3_metadata0p08_agreement0p08,sbert,title75+rerank_component0p02_product0p01_severity0p005+stable_tfidf0p3_metadata0p08_agreement0p08,mean,0,0,160,0.6502511746518562,0.6416942523318009,0.9041442603768832,0.1919627247630237,0.811196637970642,0.7283852080431376,sentence-transformers/all-MiniLM-L6-v2,1,2000,872.9561130000002
sbert_top1_mined_title75_rerank_component0p02_product0p01_severity0p005_stable_tfidf0p4_metadata0p06_agreement0p1,sbert,title75+rerank_component0p02_product0p01_severity0p005+stable_tfidf0p4_metadata0p06_agreement0p1,mean,0,0,160,0.6333761606526539,0.624097636522275,0.8891476700604241,0.18623638430634135,0.7899663833781098,0.7161856005025695,sentence-transformers/all-MiniLM-L6-v2,1,2000,872.9561130000002
sbert_top1_mined_title75_rerank_component0p02_product0p01_severity0p005_priority0p005_stable_tfidf0p2_metadata0p05_agreement0p05,sbert,title75+rerank_component0p02_product0p01_severity0p005_priority0p005+stable_tfidf0p2_metadata0p05_agreement0p05,mean,0,0,160,0.6693355037222875,0.6464688311898451,0.9091624274400898,0.19659515926490806,0.8244527198771147,0.7354647728773213,sentence-transformers/all-MiniLM-L6-v2,1,2000,872.9561130000002
sbert_top1_mined_title75_rerank_component0p02_product0p01_severity0p005_priority0p005_stable_tfidf0p3_metadata0p08_agreement0p08,sbert,title75+rerank_component0p02_product0p01_severity0p005_priority0p005+stable_tfidf0p3_metadata0p08_agreement0p08,mean,0,0,160,0.6502490782157975,0.6416942523318009,0.9041442603768832,0.1919627247630237,0.811196637970642,0.7283852080431376,sentence-transformers/all-MiniLM-L6-v2,1,2000,872.9561130000002
sbert_top1_mined_title75_rerank_component0p02_product0p01_severity0p005_priority0p005_stable_tfidf0p4_metadata0p06_agreement0p1,sbert,title75+rerank_component0p02_product0p01_severity0p005_priority0p005+stable_tfidf0p4_metadata0p06_agreement0p1,mean,0,0,160,0.6333761606526539,0.624097636522275,0.8891476700604241,0.18623638430634135,0.7899663833781098,0.7161856005025695,sentence-transformers/all-MiniLM-L6-v2,1,2000,872.9561130000002
sbert_top1_mined_title75_rerank_component0p05_product0p02_stable_tfidf0p2_metadata0p05_agreement0p05,sbert,title75+rerank_component0p05_product0p02+stable_tfidf0p2_metadata0p05_agreement0p05,mean,0,0,160,0.6659374568488308,0.6415045380317972,0.9079424445927486,0.19746713036495822,0.8240813270728321,0.7336659980416524,sentence-transformers/all-MiniLM-L6-v2,1,2000,872.9561130000002
sbert_top1_mined_title75_rerank_component0p05_product0p02_stable_tfidf0p3_metadata0p08_agreement0p08,sbert,title75+rerank_component0p05_product0p02+stable_tfidf0p3_metadata0p08_agreement0p08,mean,0,0,160,0.6455316662078785,0.6353557455352904,0.9003839549488968,0.19172906613849738,0.8079195763826984,0.7245395619814562,sentence-transformers/all-MiniLM-L6-v2,1,2000,872.9561130000002
sbert_top1_mined_title75_rerank_component0p05_product0p02_stable_tfidf0p4_metadata0p06_agreement0p1,sbert,title75+rerank_component0p05_product0p02+stable_tfidf0p4_metadata0p06_agreement0p1,mean,0,0,160,0.6307491859950763,0.6228167687520856,0.8904055316956443,0.18573373436541218,0.788687218496141,0.7140351499214909,sentence-transformers/all-MiniLM-L6-v2,1,2000,872.9561130000002
sbert_top1_mined_title75_rerank_component0p05_product0p02_severity0p01_priority0p01_stable_tfidf0p2_metadata0p05_agreement0p05,sbert,title75+rerank_component0p05_product0p02_severity0p01_priority0p01+stable_tfidf0p2_metadata0p05_agreement0p05,mean,0,0,160,0.6644896191702434,0.6390275441667665,0.9079424445927486,0.19746713036495822,0.8241765651680701,0.73183756142163,sentence-transformers/all-MiniLM-L6-v2,1,2000,872.9561130000002
sbert_top1_mined_title75_rerank_component0p05_product0p02_severity0p01_priority0p01_stable_tfidf0p3_metadata0p08_agreement0p08,sbert,title75+rerank_component0p05_product0p02_severity0p01_priority0p01+stable_tfidf0p3_metadata0p08_agreement0p08,mean,0,0,160,0.6449342543852129,0.6353636071705105,0.8991260933136767,0.19160097936147844,0.8067639177591905,0.7240072912578212,sentence-transformers/all-MiniLM-L6-v2,1,2000,872.9561130000002
sbert_top1_mined_title75_rerank_component0p05_product0p02_severity0p01_priority0p01_stable_tfidf0p4_metadata0p06_agreement0p1,sbert,title75+rerank_component0p05_product0p02_severity0p01_priority0p01+stable_tfidf0p4_metadata0p06_agreement0p1,mean,0,0,160,0.630288984371276,0.6228167687520856,0.8891476700604241,0.18574076833874256,0.7872758924937469,0.7137730334114349,sentence-transformers/all-MiniLM-L6-v2,1,2000,872.9561130000002
sbert_top1_mined_content75,sbert,content75,mean,0,0,160,0.6132961636000867,0.5835193567679453,0.8542740316000877,0.19015238872468698,0.7740035764074331,0.6740388913422084,sentence-transformers/all-MiniLM-L6-v2,1,2000,872.9561130000002
sbert_top1_mined_content75_rerank_component0p02,sbert,content75+rerank_component0p02,mean,0,0,160,0.6201462063018727,0.5897355149480685,0.8542904974282328,0.1912631753922996,0.7751924127405719,0.6797984105488284,sentence-transformers/all-MiniLM-L6-v2,1,2000,872.9561130000002
sbert_top1_mined_content75_rerank_component0p02_product0p01,sbert,content75+rerank_component0p02_product0p01,mean,0,0,160,0.6185701382710487,0.591016382718258,0.8530326357930125,0.1911373892287776,0.7736724965980143,0.6798355114600744,sentence-transformers/all-MiniLM-L6-v2,1,2000,872.9561130000002
sbert_top1_mined_content75_rerank_component0p02_product0p01_severity0p005,sbert,content75+rerank_component0p02_product0p01_severity0p005,mean,0,0,160,0.6190262420140148,0.5922203704483193,0.8542904974282328,0.1913935355981315,0.7754081278430796,0.6802911897228051,sentence-transformers/all-MiniLM-L6-v2,1,2000,872.9561130000002
sbert_top1_mined_content75_rerank_component0p02_product0p01_severity0p005_priority0p005,sbert,content75+rerank_component0p02_product0p01_severity0p005_priority0p005,mean,0,0,160,0.61922749987565,0.5922203704483193,0.8542904974282328,0.1913935355981315,0.7754081278430796,0.6805008333286751,sentence-transformers/all-MiniLM-L6-v2,1,2000,872.9561130000002
sbert_top1_mined_content75_rerank_component0p05_product0p02,sbert,content75+rerank_component0p05_product0p02,mean,0,0,160,0.617146535273742,0.5861086061221605,0.8579647398524752,0.19248598498002364,0.778150125483473,0.6783874616174955,sentence-transformers/all-MiniLM-L6-v2,1,2000,872.9561130000002
sbert_top1_mined_content75_rerank_component0p05_product0p02_severity0p01_priority0p01,sbert,content75+rerank_component0p05_product0p02_severity0p01_priority0p01,mean,0,0,160,0.6193596525115511,0.5898759225678364,0.8579647398524752,0.19273447053004872,0.778342232922021,0.6806946463001003,sentence-transformers/all-MiniLM-L6-v2,1,2000,872.9561130000002
sbert_top1_mined_content75_stable_tfidf0p2_metadata0p05_agreement0p05,sbert,content75+stable_tfidf0p2_metadata0p05_agreement0p05,mean,0,0,160,0.6585204803099092,0.641087917474428,0.8791173325471556,0.1972133637162487,0.8033682534700708,0.7266946643631786,sentence-transformers/all-MiniLM-L6-v2,1,2000,872.9561130000002
sbert_top1_mined_content75_stable_tfidf0p3_metadata0p08_agreement0p08,sbert,content75+stable_tfidf0p3_metadata0p08_agreement0p08,mean,0,0,160,0.653030127947993,0.6448828207167546,0.8753175551560547,0.19392687257777677,0.7930653859420618,0.7273014200184807,sentence-transformers/all-MiniLM-L6-v2,1,2000,872.9561130000002
sbert_top1_mined_content75_stable_tfidf0p4_metadata0p06_agreement0p1,sbert,content75+stable_tfidf0p4_metadata0p06_agreement0p1,mean,0,0,160,0.6424218388863241,0.642323588515198,0.8640374894896261,0.18918026939031743,0.7738483472706884,0.7234729422957278,sentence-transformers/all-MiniLM-L6-v2,1,2000,872.9561130000002
sbert_top1_mined_content75_rerank_component0p02_stable_tfidf0p2_metadata0p05_agreement0p05,sbert,content75+rerank_component0p02+stable_tfidf0p2_metadata0p05_agreement0p05,mean,0,0,160,0.6614557072872199,0.6485213428622864,0.880329453759277,0.19832965002081424,0.8057907511611718,0.7302717183874232,sentence-transformers/all-MiniLM-L6-v2,1,2000,872.9561130000002
sbert_top1_mined_content75_rerank_component0p02_stable_tfidf0p3_metadata0p08_agreement0p08,sbert,content75+rerank_component0p02+stable_tfidf0p3_metadata0p08_agreement0p08,mean,0,0,160,0.6521641419385974,0.6460464858661707,0.8752772325754096,0.19353479806447313,0.789884400759793,0.7275048221800173,sentence-transformers/all-MiniLM-L6-v2,1,2000,872.9561130000002
sbert_top1_mined_content75_rerank_component0p02_stable_tfidf0p4_metadata0p06_agreement0p1,sbert,content75+rerank_component0p02+stable_tfidf0p4_metadata0p06_agreement0p1,mean,0,0,160,0.6451404474173325,0.6472881535200856,0.8640374894896261,0.1894290265043031,0.7748980136390894,0.7266699772228605,sentence-transformers/all-MiniLM-L6-v2,1,2000,872.9561130000002
sbert_top1_mined_content75_rerank_component0p02_product0p01_stable_tfidf0p2_metadata0p05_agreement0p05,sbert,content75+rerank_component0p02_product0p01+stable_tfidf0p2_metadata0p05_agreement0p05,mean,0,0,160,0.6594720363177374,0.6461209571905441,0.8815564476243075,0.19819392960915044,0.8055813544515292,0.7285758422151335,sentence-transformers/all-MiniLM-L6-v2,1,2000,872.9561130000002
sbert_top1_mined_content75_rerank_component0p02_product0p01_stable_tfidf0p3_metadata0p08_agreement0p08,sbert,content75+rerank_component0p02_product0p01+stable_tfidf0p3_metadata0p08_agreement0p08,mean,0,0,160,0.6513145406848413,0.6460922262892697,0.8740193709401896,0.19316052635092604,0.7880319670749714,0.7272286748625941,sentence-transformers/all-MiniLM-L6-v2,1,2000,872.9561130000002
sbert_top1_mined_content75_rerank_component0p02_product0p01_stable_tfidf0p4_metadata0p06_agreement0p1,sbert,content75+rerank_component0p02_product0p01+stable_tfidf0p4_metadata0p06_agreement0p1,mean,0,0,160,0.6429430706729352,0.6423032980198349,0.8640374894896261,0.189307814383091,0.7742919530330288,0.7240812152591432,sentence-transformers/all-MiniLM-L6-v2,1,2000,872.9561130000002
sbert_top1_mined_content75_rerank_component0p02_product0p01_severity0p005_stable_tfidf0p2_metadata0p05_agreement0p05,sbert,content75+rerank_component0p02_product0p01_severity0p005+stable_tfidf0p2_metadata0p05_agreement0p05,mean,0,0,160,0.6585337156968263,0.6448939633255134,0.8816197763399221,0.19806814344562843,0.8053493825362213,0.72782824695703,sentence-transformers/all-MiniLM-L6-v2,1,2000,872.9561130000002
sbert_top1_mined_content75_rerank_component0p02_product0p01_severity0p005_stable_tfidf0p3_metadata0p08_agreement0p08,sbert,content75+rerank_component0p02_product0p01_severity0p005+stable_tfidf0p3_metadata0p08_agreement0p08,mean,0,0,160,0.6512915797034976,0.6460922262892697,0.8740193709401896,0.19328013896041016,0.7882670765912476,0.726867823689049,sentence-transformers/all-MiniLM-L6-v2,1,2000,872.9561130000002
sbert_top1_mined_content75_rerank_component0p02_product0p01_severity0p005_stable_tfidf0p4_metadata0p06_agreement0p1,sbert,content75+rerank_component0p02_product0p01_severity0p005+stable_tfidf0p4_metadata0p06_agreement0p1,mean,0,0,160,0.6424424793233403,0.6423032980198349,0.8640374894896261,0.1894290265043031,0.7744939732350489,0.7238273550631137,sentence-transformers/all-MiniLM-L6-v2,1,2000,872.9561130000002
sbert_top1_mined_content75_rerank_component0p02_product0p01_severity0p005_priority0p005_stable_tfidf0p2_metadata0p05_agreement0p05,sbert,content75+rerank_component0p02_product0p01_severity0p005_priority0p005+stable_tfidf0p2_metadata0p05_agreement0p05,mean,0,0,160,0.6585337156968263,0.6448939633255134,0.8816197763399221,0.19806814344562843,0.8053493825362213,0.72782824695703,sentence-transformers/all-MiniLM-L6-v2,1,2000,872.9561130000002
sbert_top1_mined_content75_rerank_component0p02_product0p01_severity0p005_priority0p005_stable_tfidf0p3_metadata0p08_agreement0p08,sbert,content75+rerank_component0p02_product0p01_severity0p005_priority0p005+stable_tfidf0p3_metadata0p08_agreement0p08,mean,0,0,160,0.6519004624797444,0.6473192201543003,0.8740193709401896,0.19328013896041016,0.7882670765912476,0.727480689308433,sentence-transformers/all-MiniLM-L6-v2,1,2000,872.9561130000002
sbert_top1_mined_content75_rerank_component0p02_product0p01_severity0p005_priority0p005_stable_tfidf0p4_metadata0p06_agreement0p1,sbert,content75+rerank_component0p02_product0p01_severity0p005_priority0p005+stable_tfidf0p4_metadata0p06_agreement0p1,mean,0,0,160,0.6424344423052747,0.6423032980198349,0.8640374894896261,0.1894290265043031,0.7744939732350489,0.7238273550631137,sentence-transformers/all-MiniLM-L6-v2,1,2000,872.9561130000002
sbert_top1_mined_content75_rerank_component0p05_product0p02_stable_tfidf0p2_metadata0p05_agreement0p05,sbert,content75+rerank_component0p05_product0p02+stable_tfidf0p2_metadata0p05_agreement0p05,mean,0,0,160,0.6555716631580502,0.641026181934049,0.8828310469345124,0.19793445208350097,0.8053826366962674,0.72496700052583,sentence-transformers/all-MiniLM-L6-v2,1,2000,872.9561130000002
sbert_top1_mined_content75_rerank_component0p05_product0p02_stable_tfidf0p3_metadata0p08_agreement0p08,sbert,content75+rerank_component0p05_product0p02+stable_tfidf0p3_metadata0p08_agreement0p08,mean,0,0,160,0.646144981988089,0.6373770825136911,0.8690645325925974,0.19291853298998599,0.7841466500037629,0.7219974847915624,sentence-transformers/all-MiniLM-L6-v2,1,2000,872.9561130000002
sbert_top1_mined_content75_rerank_component0p05_product0p02_stable_tfidf0p4_metadata0p06_agreement0p1,sbert,content75+rerank_component0p05_product0p02+stable_tfidf0p4_metadata0p06_agreement0p1,mean,0,0,160,0.6415199829321419,0.6448814993883587,0.8603335017595647,0.18880944107950295,0.7695477704092448,0.7244727950883723,sentence-transformers/all-MiniLM-L6-v2,1,2000,872.9561130000002
sbert_top1_mined_content75_rerank_component0p05_product0p02_severity0p01_priority0p01_stable_tfidf0p2_metadata0p05_agreement0p05,sbert,content75+rerank_component0p05_product0p02_severity0p01_priority0p01+stable_tfidf0p2_metadata0p05_agreement0p05,mean,0,0,160,0.6554533080844813,0.639768320298829,0.8828310469345124,0.1976781192119395,0.804870928364112,0.7243281760865556,sentence-transformers/all-MiniLM-L6-v2,1,2000,872.9561130000002
sbert_top1_mined_content75_rerank_component0p05_product0p02_severity0p01_priority0p01_stable_tfidf0p3_metadata0p08_agreement0p08,sbert,content75+rerank_component0p05_product0p02_severity0p01_priority0p01+stable_tfidf0p3_metadata0p08_agreement0p08,mean,0,0,160,0.6459223338735199,0.6361270825136911,0.8677742100119522,0.19266195573914788,0.7825927936088221,0.7213172898366023,sentence-transformers/all-MiniLM-L6-v2,1,2000,872.9561130000002
sbert_top1_mined_content75_rerank_component0p05_product0p02_severity0p01_priority0p01_stable_tfidf0p4_metadata0p06_agreement0p1,sbert,content75+rerank_component0p05_product0p02_severity0p01_priority0p01+stable_tfidf0p4_metadata0p06_agreement0p1,mean,0,0,160,0.6406642589072107,0.6423790555955924,0.8590756401243447,0.18818949902898913,0.7684022976474523,0.7240861776348899,sentence-transformers/all-MiniLM-L6-v2,1,2000,872.9561130000002
