baseline,ticket_id,product,component,priority,expected_assignee,predicted_assignee,rank,reciprocal_rank,is_top1_correct,is_hit_at_3,is_hit_at_5,is_hit_at_10,error_type,ranked_candidates,title
global_majority,bmo_1884275,core,audio/video: playback,P2,dev_0003,dev_0060,,0.0,False,False,False,False,wrong_assignee,dev_0060|dev_0019|dev_0054|dev_0011|dev_0038|dev_0048|dev_0007|dev_0055|dev_0006|dev_0022,Crash in [@ D3DKMTUnregisterTrimNotification]
global_majority,bmo_1884278,firefox,firefox view,P3,dev_0007,dev_0060,7,0.14285714285714285,False,False,False,True,long_tail_assignee,dev_0060|dev_0019|dev_0054|dev_0011|dev_0038|dev_0048|dev_0007|dev_0055|dev_0006|dev_0022,Add an exception from a11y_checks for clicks on a not focusable pinned media button on Firefox View
global_majority,bmo_1884281,core,dom: editor,--,dev_0040,dev_0060,,0.0,False,False,False,False,wrong_assignee,dev_0060|dev_0019|dev_0054|dev_0011|dev_0038|dev_0048|dev_0007|dev_0055|dev_0006|dev_0022,"Assertion failure: mStart.EqualsOrIsBefore(mEnd), at /builds/worker/workspace/obj-build/dist/include/mozilla/EditorDOMPoint.h:1290"
global_majority,bmo_1884297,core,gecko profiler,--,dev_0043,dev_0060,,0.0,False,False,False,False,long_tail_assignee,dev_0060|dev_0019|dev_0054|dev_0011|dev_0038|dev_0048|dev_0007|dev_0055|dev_0006|dev_0022,tools/profiler/core/platform.cpp:118:12: fatal error: 'nsCocoaFeatures.h' file not found
global_majority,bmo_1884314,core,graphics: text,--,dev_0026,dev_0060,,0.0,False,False,False,False,wrong_assignee,dev_0060|dev_0019|dev_0054|dev_0011|dev_0038|dev_0048|dev_0007|dev_0055|dev_0006|dev_0022,IOSPlatformFontList::InitSystemFontNames and IOSPlatformFontList::GetDefaultFontForPlatform return empty strings
global_majority,bmo_1884322,firefox,firefox view,--,dev_0033,dev_0060,,0.0,False,False,False,False,wrong_assignee,dev_0060|dev_0019|dev_0054|dev_0011|dev_0038|dev_0048|dev_0007|dev_0055|dev_0006|dev_0022,Any key will toggle mute/unmute button in Fx View
global_majority,bmo_1884347,core,security: process sandboxing,P1,dev_0028,dev_0060,,0.0,False,False,False,False,wrong_assignee,dev_0060|dev_0019|dev_0054|dev_0011|dev_0038|dev_0048|dev_0007|dev_0055|dev_0006|dev_0022,AppArmor user namespace creation restrictions cause many applications (including Firefox tabs) to crash with SIGTRAP or SIGSEGV
global_majority,bmo_1884349,core,networking: http,P1,dev_0034,dev_0060,,0.0,False,False,False,False,wrong_assignee,dev_0060|dev_0019|dev_0054|dev_0011|dev_0038|dev_0048|dev_0007|dev_0055|dev_0006|dev_0022,firefox didn't load any page
global_majority,bmo_1884360,core,javascript engine,P2,dev_0025,dev_0060,,0.0,False,False,False,False,wrong_assignee,dev_0060|dev_0019|dev_0054|dev_0011|dev_0038|dev_0048|dev_0007|dev_0055|dev_0006|dev_0022,Reimplement Array.prototype.sort with a JIT trampoline
global_majority,bmo_1884368,core,javascript engine: jit,--,dev_0025,dev_0060,,0.0,False,False,False,False,wrong_assignee,dev_0060|dev_0019|dev_0054|dev_0011|dev_0038|dev_0048|dev_0007|dev_0055|dev_0006|dev_0022,Retire jit::GetPcScript and PcScriptCache
global_majority,bmo_1884407,firefox,profile backup,P1,dev_0041,dev_0060,,0.0,False,False,False,False,cold_start_component,dev_0060|dev_0019|dev_0054|dev_0011|dev_0038|dev_0048|dev_0007|dev_0055|dev_0006|dev_0022,Add a probe to measure available disk space for profile directory storage device
global_majority,bmo_1884417,firefox,tabbed browser,P2,dev_0015,dev_0060,,0.0,False,False,False,False,wrong_assignee,dev_0060|dev_0019|dev_0054|dev_0011|dev_0038|dev_0048|dev_0007|dev_0055|dev_0006|dev_0022,Address UX feedback for Tab Hover Preview
global_majority,bmo_1884427,core,javascript: gc,P1,dev_0024,dev_0060,,0.0,False,False,False,False,wrong_assignee,dev_0060|dev_0019|dev_0054|dev_0011|dev_0038|dev_0048|dev_0007|dev_0055|dev_0006|dev_0022,Crash [@ js::CheckTracedThing]
global_majority,bmo_1884435,firefox,address bar,P1,dev_0001,dev_0060,,0.0,False,False,False,False,wrong_assignee,dev_0060|dev_0019|dev_0054|dev_0011|dev_0038|dev_0048|dev_0007|dev_0055|dev_0006|dev_0022,Remove bounding box / stroke from Yelp Suggestions UI
global_majority,bmo_1884452,core,widget: gtk,P3,dev_0019,dev_0060,2,0.5,False,True,True,True,wrong_assignee,dev_0060|dev_0019|dev_0054|dev_0011|dev_0038|dev_0048|dev_0007|dev_0055|dev_0006|dev_0022,Provide about:config entry to disable changing of titlebar buttons in firefox for every themes
global_majority,bmo_1884457,core,javascript: gc,P3,dev_0024,dev_0060,,0.0,False,False,False,False,wrong_assignee,dev_0060|dev_0019|dev_0054|dev_0011|dev_0038|dev_0048|dev_0007|dev_0055|dev_0006|dev_0022,Potential use of uninitialized storage on self-assignment in MarkStack::operator=()
global_majority,bmo_1884464,core,graphics: text,--,dev_0019,dev_0060,2,0.5,False,True,True,True,long_tail_assignee,dev_0060|dev_0019|dev_0054|dev_0011|dev_0038|dev_0048|dev_0007|dev_0055|dev_0006|dev_0022,Make worker font loads more similar to style system font loads.
global_majority,bmo_1884466,core,dom: web authentication,P3,dev_0029,dev_0060,,0.0,False,False,False,False,wrong_assignee,dev_0060|dev_0019|dev_0054|dev_0011|dev_0038|dev_0048|dev_0007|dev_0055|dev_0006|dev_0022,Implement getClientCapabilities
global_majority,bmo_1884496,core,xpconnect,--,dev_0054,dev_0060,3,0.3333333333333333,False,True,True,True,long_tail_assignee,dev_0060|dev_0019|dev_0054|dev_0011|dev_0038|dev_0048|dev_0007|dev_0055|dev_0006|dev_0022,Switch to do_importESModule in extension files and drop do_importModule
global_majority,bmo_1884505,core,layout,--,dev_0021,dev_0060,,0.0,False,False,False,False,wrong_assignee,dev_0060|dev_0019|dev_0054|dev_0011|dev_0038|dev_0048|dev_0007|dev_0055|dev_0006|dev_0022,Perma infrastructure/reftest-zoom/clamp-full-zoom-001.html | Testing infrastructure/reftest-zoom/clamp-full-zoom-001.html == infrastructure/reftest-zoom/clamp-full-zoom-001-ref.html when when Gecko 125 merges to Beta on 2024-03-18
global_majority,bmo_1884518,core,javascript: webassembly,P1,dev_0049,dev_0060,,0.0,False,False,False,False,wrong_assignee,dev_0060|dev_0019|dev_0054|dev_0011|dev_0038|dev_0048|dev_0007|dev_0055|dev_0006|dev_0022,Invalid stack pointer when delegate is combined with try_table and params
global_majority,bmo_1884539,core,layout: form controls,--,dev_0026,dev_0060,,0.0,False,False,False,False,long_tail_assignee,dev_0060|dev_0019|dev_0054|dev_0011|dev_0038|dev_0048|dev_0007|dev_0055|dev_0006|dev_0022,<select> popups don't respect minimum font size
global_majority,bmo_1884553,core,javascript engine,P3,dev_0004,dev_0060,,0.0,False,False,False,False,wrong_assignee,dev_0060|dev_0019|dev_0054|dev_0011|dev_0038|dev_0048|dev_0007|dev_0055|dev_0006|dev_0022,"Assertion failure: js::gc::IsCellPointerValid(&obj), at js/Value.h:633 with CalendarFields"
global_majority,bmo_1884565,core,javascript: webassembly,P1,dev_0049,dev_0060,,0.0,False,False,False,False,wrong_assignee,dev_0060|dev_0019|dev_0054|dev_0011|dev_0038|dev_0048|dev_0007|dev_0055|dev_0006|dev_0022,Assertion failure: aIndex < mLength (issue 1883785 patch bypass)
global_majority,bmo_1884574,core,dom: web authentication,P1,dev_0029,dev_0060,,0.0,False,False,False,False,wrong_assignee,dev_0060|dev_0019|dev_0054|dev_0011|dev_0038|dev_0048|dev_0007|dev_0055|dev_0006|dev_0022,Firefox crashes after clicking `Create a passkey` in Google Account > Security > Passkeys
global_majority,bmo_1884600,core,graphics,--,dev_0052,dev_0060,,0.0,False,False,False,False,wrong_assignee,dev_0060|dev_0019|dev_0054|dev_0011|dev_0038|dev_0048|dev_0007|dev_0055|dev_0006|dev_0022,Block NVIDIA RTX Video Super Resolution depends on driver version
global_majority,bmo_1884624,core,widget: cocoa,P3,dev_0009,dev_0060,,0.0,False,False,False,False,wrong_assignee,dev_0060|dev_0019|dev_0054|dev_0011|dev_0038|dev_0048|dev_0007|dev_0055|dev_0006|dev_0022,[macOS 14] Crash in [@ __CFCheckCFInfoPACSignature] and [@ _CFAssertMismatchedTypeID] on 124 branch and up
global_majority,bmo_1884628,core,networking: dns,P1,dev_0034,dev_0060,,0.0,False,False,False,False,long_tail_assignee,dev_0060|dev_0019|dev_0054|dev_0011|dev_0038|dev_0048|dev_0007|dev_0055|dev_0006|dev_0022,Crash Report [@ pthread_kill@@GLIBC_2.34 | raise | __netlink_assert_response ]
global_majority,bmo_1884631,core,widget: cocoa,P3,dev_0019,dev_0060,2,0.5,False,True,True,True,long_tail_assignee,dev_0060|dev_0019|dev_0054|dev_0011|dev_0038|dev_0048|dev_0007|dev_0055|dev_0006|dev_0022,Consider removing WindowType::Sheet (native macOS sheet support)
global_majority,bmo_1884635,core,widget: cocoa,--,dev_0019,dev_0060,2,0.5,False,True,True,True,long_tail_assignee,dev_0060|dev_0019|dev_0054|dev_0011|dev_0038|dev_0048|dev_0007|dev_0055|dev_0006|dev_0022,[macOS] XUL notification does not stay frontmost
global_majority,bmo_1884645,core,networking,P2,dev_0059,dev_0060,,0.0,False,False,False,False,wrong_assignee,dev_0060|dev_0019|dev_0054|dev_0011|dev_0038|dev_0048|dev_0007|dev_0055|dev_0006|dev_0022,Send an observer notification with the decodedBodySize before calling OnStopRequest listeners
global_majority,bmo_1884649,core,javascript engine: jit,P1,dev_0004,dev_0060,,0.0,False,False,False,False,wrong_assignee,dev_0060|dev_0019|dev_0054|dev_0011|dev_0038|dev_0048|dev_0007|dev_0055|dev_0006|dev_0022,"Assertion failure: from->hasLatin1Chars(), at builtin/String.cpp:570"
global_majority,bmo_1884652,core,xul,--,dev_0019,dev_0060,2,0.5,False,True,True,True,long_tail_assignee,dev_0060|dev_0019|dev_0054|dev_0011|dev_0038|dev_0048|dev_0007|dev_0055|dev_0006|dev_0022,Remove support for titlebars on panels.
global_majority,bmo_1884671,firefox,sidebar,--,dev_0047,dev_0060,,0.0,False,False,False,False,wrong_assignee,dev_0060|dev_0019|dev_0054|dev_0011|dev_0038|dev_0048|dev_0007|dev_0055|dev_0006|dev_0022,Create pref and directory for the new sidebar
global_majority,bmo_1884693,core,privacy: anti-tracking,--,dev_0058,dev_0060,,0.0,False,False,False,False,wrong_assignee,dev_0060|dev_0019|dev_0054|dev_0011|dev_0038|dev_0048|dev_0007|dev_0055|dev_0006|dev_0022,Collect more fingerprintable pref values
global_majority,bmo_1884701,firefox,search,P3,dev_0054,dev_0060,3,0.3333333333333333,False,True,True,True,wrong_assignee,dev_0060|dev_0019|dev_0054|dev_0011|dev_0038|dev_0048|dev_0007|dev_0055|dev_0006|dev_0022,Simplify removing engines during reload engines with search-config-v2
global_majority,bmo_1884705,firefox,remote settings client,--,dev_0054,dev_0060,3,0.3333333333333333,False,True,True,True,long_tail_assignee,dev_0060|dev_0019|dev_0054|dev_0011|dev_0038|dev_0048|dev_0007|dev_0055|dev_0006|dev_0022,Add a function to allow getting attachments from the cache or dumps without downloading them
global_majority,bmo_1884719,core,audio/video: playback,P1,dev_0003,dev_0060,,0.0,False,False,False,False,wrong_assignee,dev_0060|dev_0019|dev_0054|dev_0011|dev_0038|dev_0048|dev_0007|dev_0055|dev_0006|dev_0022,[wmfme] ensure the hardware decoding is available before starting the media engine
global_majority,bmo_1884725,core,dom: web authentication,--,dev_0029,dev_0060,,0.0,False,False,False,False,wrong_assignee,dev_0060|dev_0019|dev_0054|dev_0011|dev_0038|dev_0048|dev_0007|dev_0055|dev_0006|dev_0022,"In Windows, passkeys authentication under Firefox in anonymous/private mode is logged as it was non-private to Windows Log Event"
global_majority,bmo_1884732,core,dom: content processes,--,dev_0057,dev_0060,,0.0,False,False,False,False,long_tail_assignee,dev_0060|dev_0019|dev_0054|dev_0011|dev_0038|dev_0048|dev_0007|dev_0055|dev_0006|dev_0022,Add logging for window actor messages
global_majority,bmo_1884734,core,dom: css object model,P4,dev_0060,dev_0060,1,1.0,True,True,True,True,correct,dev_0060|dev_0019|dev_0054|dev_0011|dev_0038|dev_0048|dev_0007|dev_0055|dev_0006|dev_0022,"[wpt-sync] Sync PR 45028 - Revert ""Return currentcolor as a computed value on computedStyleMap"""
global_majority,bmo_1884736,core,dom: service workers,P4,dev_0060,dev_0060,1,1.0,True,True,True,True,correct,dev_0060|dev_0019|dev_0054|dev_0011|dev_0038|dev_0048|dev_0007|dev_0055|dev_0006|dev_0022,[wpt-sync] Sync PR 44998 - Add WPT for the length of router rules
global_majority,bmo_1884737,core,graphics: canvas2d,P3,dev_0005,dev_0060,,0.0,False,False,False,False,wrong_assignee,dev_0060|dev_0019|dev_0054|dev_0011|dev_0038|dev_0048|dev_0007|dev_0055|dev_0006|dev_0022,Ensure CanvasChild::ReturnDataSurfaceShmem is threadsafe
global_majority,bmo_1884746,core,javascript: gc,P2,dev_0024,dev_0060,,0.0,False,False,False,False,wrong_assignee,dev_0060|dev_0019|dev_0054|dev_0011|dev_0038|dev_0048|dev_0007|dev_0055|dev_0006|dev_0022,"Assertion failure: !zone->uniqueIds().has(tgt), at gc/StableCellHasher-inl.h:140"
global_majority,bmo_1884759,core,networking: http,--,dev_0019,dev_0060,2,0.5,False,True,True,True,long_tail_assignee,dev_0060|dev_0019|dev_0054|dev_0011|dev_0038|dev_0048|dev_0007|dev_0055|dev_0006|dev_0022,Don't use a mutex to handle parse promise blocking.
global_majority,bmo_1884765,core,css parsing and computation,P4,dev_0060,dev_0060,1,1.0,True,True,True,True,correct,dev_0060|dev_0019|dev_0054|dev_0011|dev_0038|dev_0048|dev_0007|dev_0055|dev_0006|dev_0022,[wpt-sync] Sync PR 44991 - update test to expect shadow trees to find document keyframes
global_majority,bmo_1884774,core,dom: networking,P4,dev_0060,dev_0060,1,1.0,True,True,True,True,correct,dev_0060|dev_0019|dev_0054|dev_0011|dev_0038|dev_0048|dev_0007|dev_0055|dev_0006|dev_0022,"[wpt-sync] Sync PR 44997 - Reapply ""ReadableStream should be cancelled on aborting fetch streaming upload"""
global_majority,bmo_1884776,core,layout: text and fonts,P4,dev_0060,dev_0060,1,1.0,True,True,True,True,correct,dev_0060|dev_0019|dev_0054|dev_0011|dev_0038|dev_0048|dev_0007|dev_0055|dev_0006|dev_0022,[wpt-sync] Sync PR 44995 - Ensure the -webkit-text-stroke property is computed properly.
global_majority,bmo_1884777,core,javascript: webassembly,P1,dev_0049,dev_0060,,0.0,False,False,False,False,wrong_assignee,dev_0060|dev_0019|dev_0054|dev_0011|dev_0038|dev_0048|dev_0007|dev_0055|dev_0006|dev_0022,Update wasm-smith
global_majority,bmo_1884778,core,graphics: text,P5,dev_0043,dev_0060,,0.0,False,False,False,False,wrong_assignee,dev_0060|dev_0019|dev_0054|dev_0011|dev_0038|dev_0048|dev_0007|dev_0055|dev_0006|dev_0022,Permanent /builds/worker/checkouts/gecko/gfx/thebes/gfxPlatformMac.cpp:123:46: error: allocating an object of abstract class type 'PlatformFontListClass' (aka 'IOSPlatformFontList')
global_majority,bmo_1884781,firefox,theme,--,dev_0019,dev_0060,2,0.5,False,True,True,True,wrong_assignee,dev_0060|dev_0019|dev_0054|dev_0011|dev_0038|dev_0048|dev_0007|dev_0055|dev_0006|dev_0022,Remove unused rule in windows/browser.css
global_majority,bmo_1884783,core,javascript: webassembly,P3,dev_0049,dev_0060,,0.0,False,False,False,False,wrong_assignee,dev_0060|dev_0019|dev_0054|dev_0011|dev_0038|dev_0048|dev_0007|dev_0055|dev_0006|dev_0022,AnyRef::fromUint32Trunace assumes that unknown architectures are 32-bit
global_majority,bmo_1884786,core,css parsing and computation,P4,dev_0060,dev_0060,1,1.0,True,True,True,True,correct,dev_0060|dev_0019|dev_0054|dev_0011|dev_0038|dev_0048|dev_0007|dev_0055|dev_0006|dev_0022,[wpt-sync] Sync PR 44993 - @font-face tests for shadow dom
global_majority,bmo_1884792,core,css parsing and computation,P3,dev_0019,dev_0060,2,0.5,False,True,True,True,wrong_assignee,dev_0060|dev_0019|dev_0054|dev_0011|dev_0038|dev_0048|dev_0007|dev_0055|dev_0006|dev_0022,Remove chrome-only :-moz-lwtheme pseudo-class
global_majority,bmo_1884794,core,dom: credential management,P4,dev_0060,dev_0060,1,1.0,True,True,True,True,correct,dev_0060|dev_0019|dev_0054|dev_0011|dev_0038|dev_0048|dev_0007|dev_0055|dev_0006|dev_0022,[wpt-sync] Sync PR 44994 - [FedCM] Split button flow web tests into multiple files
global_majority,bmo_1884797,core,css parsing and computation,P4,dev_0060,dev_0060,1,1.0,True,True,True,True,correct,dev_0060|dev_0019|dev_0054|dev_0011|dev_0038|dev_0048|dev_0007|dev_0055|dev_0006|dev_0022,"[wpt-sync] Sync PR 45004 - [css-anchor-position] Apply position-try-options, not position-fallback"
global_majority,bmo_1884809,core,css parsing and computation,P4,dev_0060,dev_0060,1,1.0,True,True,True,True,correct,dev_0060|dev_0019|dev_0054|dev_0011|dev_0038|dev_0048|dev_0007|dev_0055|dev_0006|dev_0022,[wpt-sync] Sync PR 45014 - [css-color-5] relative color : multiply channel keywords by percentages
global_majority,bmo_1884811,core,svg,P4,dev_0060,dev_0060,1,1.0,True,True,True,True,correct,dev_0060|dev_0019|dev_0054|dev_0011|dev_0038|dev_0048|dev_0007|dev_0055|dev_0006|dev_0022,[wpt-sync] Sync PR 45015 - Fix `animateColor` test to work across browsers
global_majority,bmo_1884813,core,graphics: webrender,--,dev_0052,dev_0060,,0.0,False,False,False,False,long_tail_assignee,dev_0060|dev_0019|dev_0054|dev_0011|dev_0038|dev_0048|dev_0007|dev_0055|dev_0006|dev_0022,"Assertion failure: false (MOZ_ASSERT_UNREACHABLE: unexpected to be called), at /builds/worker/checkouts/gecko/gfx/webrender_bindings/WebRenderAPI.cpp:547"
global_majority,bmo_1884819,core,dom: css object model,P4,dev_0060,dev_0060,1,1.0,True,True,True,True,correct,dev_0060|dev_0019|dev_0054|dev_0011|dev_0038|dev_0048|dev_0007|dev_0055|dev_0006|dev_0022,[wpt-sync] Sync PR 45030 - Add `getComputedStyle()` cases with lacking leading colons
global_majority,bmo_1884826,core,css parsing and computation,P4,dev_0060,dev_0060,1,1.0,True,True,True,True,correct,dev_0060|dev_0019|dev_0054|dev_0011|dev_0038|dev_0048|dev_0007|dev_0055|dev_0006|dev_0022,[wpt-sync] Sync PR 45020 - [css-nesting-1] Change serialization of relative selectors within nesting.
global_majority,bmo_1884827,core,graphics: canvas2d,P4,dev_0060,dev_0060,1,1.0,True,True,True,True,correct,dev_0060|dev_0019|dev_0054|dev_0011|dev_0038|dev_0048|dev_0007|dev_0055|dev_0006|dev_0022,[wpt-sync] Sync PR 45009 - Migrate Canvas WebGPU Access tests into WebGPU test directory.
global_majority,bmo_1884828,core,dom: credential management,P4,dev_0060,dev_0060,1,1.0,True,True,True,True,correct,dev_0060|dev_0019|dev_0054|dev_0011|dev_0038|dev_0048|dev_0007|dev_0055|dev_0006|dev_0022,[wpt-sync] Sync PR 45008 - [RWI] Make navigator.identity.get() return DigitalCredential object
global_majority,bmo_1884829,core,disability access apis,P4,dev_0060,dev_0060,1,1.0,True,True,True,True,correct,dev_0060|dev_0019|dev_0054|dev_0011|dev_0038|dev_0048|dev_0007|dev_0055|dev_0006|dev_0022,[wpt-sync] Sync PR 45032 - Move orphaned role tests to tentative file
global_majority,bmo_1884832,core,xpcom,--,dev_0043,dev_0060,,0.0,False,False,False,False,long_tail_assignee,dev_0060|dev_0019|dev_0054|dev_0011|dev_0038|dev_0048|dev_0007|dev_0055|dev_0006|dev_0022,Move CFTypeRefPtr.h to xpcom
global_majority,bmo_1884833,core,dom: credential management,P4,dev_0060,dev_0060,1,1.0,True,True,True,True,correct,dev_0060|dev_0019|dev_0054|dev_0011|dev_0038|dev_0048|dev_0007|dev_0055|dev_0006|dev_0022,[wpt-sync] Sync PR 45033 - Disable digital credential API when called from cross-origin <iframe>
global_majority,bmo_1884836,core,graphics,--,dev_0043,dev_0060,,0.0,False,False,False,False,wrong_assignee,dev_0060|dev_0019|dev_0054|dev_0011|dev_0038|dev_0048|dev_0007|dev_0055|dev_0006|dev_0022,Base graphics support for iOS
global_majority,bmo_1884839,core,dom: networking,P4,dev_0060,dev_0060,1,1.0,True,True,True,True,correct,dev_0060|dev_0019|dev_0054|dev_0011|dev_0038|dev_0048|dev_0007|dev_0055|dev_0006|dev_0022,[wpt-sync] Sync PR 45034 - Add tests
global_majority,bmo_1884840,core,graphics: canvas2d,P4,dev_0060,dev_0060,1,1.0,True,True,True,True,correct,dev_0060|dev_0019|dev_0054|dev_0011|dev_0038|dev_0048|dev_0007|dev_0055|dev_0006|dev_0022,"[wpt-sync] Sync PR 45035 - Revert ""Migrate Canvas WebGPU Access tests into WebGPU test directory."""
global_majority,bmo_1884841,core,css parsing and computation,P4,dev_0060,dev_0060,1,1.0,True,True,True,True,correct,dev_0060|dev_0019|dev_0054|dev_0011|dev_0038|dev_0048|dev_0007|dev_0055|dev_0006|dev_0022,[wpt-sync] Sync PR 45036 - [css-values-4] Add viewport unit tests for scrollbars
global_majority,bmo_1884854,firefox,address bar,P3,dev_0001,dev_0060,,0.0,False,False,False,False,wrong_assignee,dev_0060|dev_0019|dev_0054|dev_0011|dev_0038|dev_0048|dev_0007|dev_0055|dev_0006|dev_0022,Simplify urlbar weather fetching
global_majority,bmo_1884856,core,dom: core & html,P4,dev_0060,dev_0060,1,1.0,True,True,True,True,correct,dev_0060|dev_0019|dev_0054|dev_0011|dev_0038|dev_0048|dev_0007|dev_0055|dev_0006|dev_0022,[wpt-sync] Sync PR 45023 - Fix sandbox top navigation tests using external URLs.
global_majority,bmo_1884857,core,storage: indexeddb,P4,dev_0060,dev_0060,1,1.0,True,True,True,True,correct,dev_0060|dev_0019|dev_0054|dev_0011|dev_0038|dev_0048|dev_0007|dev_0055|dev_0006|dev_0022,[wpt-sync] Sync PR 44999 - IDB: idbobjectstore_put WPT extended to workers in addition to window.
global_majority,bmo_1884859,core,graphics: imagelib,--,dev_0035,dev_0060,,0.0,False,False,False,False,wrong_assignee,dev_0060|dev_0019|dev_0054|dev_0011|dev_0038|dev_0048|dev_0007|dev_0055|dev_0006|dev_0022,Update libjxl to new version f06a34c77b1bd11bafbe82989241e68c756ccca2 from 2024-03-11 15:14:53
global_majority,bmo_1884862,core,layout: text and fonts,P4,dev_0060,dev_0060,1,1.0,True,True,True,True,correct,dev_0060|dev_0019|dev_0054|dev_0011|dev_0038|dev_0048|dev_0007|dev_0055|dev_0006|dev_0022,[wpt-sync] Sync PR 45045 - Fuzz Fluent failing wpt tests.
global_majority,bmo_1884870,core,dom: ui events & focus handling,--,dev_0050,dev_0060,,0.0,False,False,False,False,long_tail_assignee,dev_0060|dev_0019|dev_0054|dev_0011|dev_0038|dev_0048|dev_0007|dev_0055|dev_0006|dev_0022,`iframe` with another `iframe` inside returns a different `activeElement` when is not focussed after the first focus
global_majority,bmo_1884875,core,layout: scrolling and overflow,P4,dev_0060,dev_0060,1,1.0,True,True,True,True,correct,dev_0060|dev_0019|dev_0054|dev_0011|dev_0038|dev_0048|dev_0007|dev_0055|dev_0006|dev_0022,[wpt-sync] Sync PR 44931 - [css-scroll-snap-2] Fix targeted snap point selection
global_majority,bmo_1884879,core,css parsing and computation,--,dev_0019,dev_0060,2,0.5,False,True,True,True,wrong_assignee,dev_0060|dev_0019|dev_0054|dev_0011|dev_0038|dev_0048|dev_0007|dev_0055|dev_0006|dev_0022,"New wpt failures in /css/ [css-nesting/parsing.html, css-syntax/custom-property-rule-ambiguity.html]"
global_majority,bmo_1884880,core,layout: scrolling and overflow,P4,dev_0060,dev_0060,1,1.0,True,True,True,True,correct,dev_0060|dev_0019|dev_0054|dev_0011|dev_0038|dev_0048|dev_0007|dev_0055|dev_0006|dev_0022,[wpt-sync] Sync PR 44938 - [css-scroll-snap-2] Prioritize tree-order among aligned snap targets
global_majority,bmo_1884887,core,javascript: webassembly,P1,dev_0049,dev_0060,,0.0,False,False,False,False,wrong_assignee,dev_0060|dev_0019|dev_0054|dev_0011|dev_0038|dev_0048|dev_0007|dev_0055|dev_0006|dev_0022,Exported global with literal initializers and subtyping can change the type of the global after creation
global_majority,bmo_1884906,core,css parsing and computation,P4,dev_0060,dev_0060,1,1.0,True,True,True,True,correct,dev_0060|dev_0019|dev_0054|dev_0011|dev_0038|dev_0048|dev_0007|dev_0055|dev_0006|dev_0022,[wpt-sync] Sync PR 45052 - Apply standard parsing of pseudo-elements for web animations
global_majority,bmo_1884907,core,css parsing and computation,P4,dev_0060,dev_0060,1,1.0,True,True,True,True,correct,dev_0060|dev_0019|dev_0054|dev_0011|dev_0038|dev_0048|dev_0007|dev_0055|dev_0006|dev_0022,[wpt-sync] Sync PR 45054 - [anchor] Order-preserving <try-tactic>
global_majority,bmo_1884908,core,css parsing and computation,P4,dev_0060,dev_0060,1,1.0,True,True,True,True,correct,dev_0060|dev_0019|dev_0054|dev_0011|dev_0038|dev_0048|dev_0007|dev_0055|dev_0006|dev_0022,[wpt-sync] Sync PR 45022 - [css-anchor-position] Fall back to no options applied
global_majority,bmo_1884909,core,layout,P5,dev_0026,dev_0060,,0.0,False,False,False,False,long_tail_assignee,dev_0060|dev_0019|dev_0054|dev_0011|dev_0038|dev_0048|dev_0007|dev_0055|dev_0006|dev_0022,"Perma bugs/1721223-1.html != bugs/1721223-1-notref.html | image comparison, max difference: 0, number of differing pixels: 0"
global_majority,bmo_1884910,core,audio/video: playback,P1,dev_0003,dev_0060,,0.0,False,False,False,False,wrong_assignee,dev_0060|dev_0019|dev_0054|dev_0011|dev_0038|dev_0048|dev_0007|dev_0055|dev_0006|dev_0022,The variant `wmf-media-engine` expiration is on 2024-04-10
global_majority,bmo_1884923,firefox,search,P2,dev_0032,dev_0060,,0.0,False,False,False,False,wrong_assignee,dev_0060|dev_0019|dev_0054|dev_0011|dev_0038|dev_0048|dev_0007|dev_0055|dev_0006|dev_0022,Update search-telemetry-v2 with nonAdsLinkQueryParamNames to extract the redirect URL associated with the load for non ads links on Google
global_majority,bmo_1884936,firefox,screenshots,P1,dev_0045,dev_0060,,0.0,False,False,False,False,wrong_assignee,dev_0060|dev_0019|dev_0054|dev_0011|dev_0038|dev_0048|dev_0007|dev_0055|dev_0006|dev_0022,Black lines appear in screenshots
global_majority,bmo_1884946,core,graphics: webgpu,P1,dev_0018,dev_0060,,0.0,False,False,False,False,wrong_assignee,dev_0060|dev_0019|dev_0054|dev_0011|dev_0038|dev_0048|dev_0007|dev_0055|dev_0006|dev_0022,Update WGPU to `trunk` upstream (week of 2024-03-11)
global_majority,bmo_1884952,firefox,search,P2,dev_0054,dev_0060,3,0.3333333333333333,False,True,True,True,wrong_assignee,dev_0060|dev_0019|dev_0054|dev_0011|dev_0038|dev_0048|dev_0007|dev_0055|dev_0006|dev_0022,Add support for downloading new search engine icons from remote settings
global_majority,bmo_1884958,core,javascript engine,P3,dev_0042,dev_0060,,0.0,False,False,False,False,wrong_assignee,dev_0060|dev_0019|dev_0054|dev_0011|dev_0038|dev_0048|dev_0007|dev_0055|dev_0006|dev_0022,"Assertion failure: idval.isSymbol(), at /js/src/vm/Interpreter-inl.h:561"
global_majority,bmo_1884970,firefox,tabbed browser,P1,dev_0007,dev_0060,7,0.14285714285714285,False,False,False,True,wrong_assignee,dev_0060|dev_0019|dev_0054|dev_0011|dev_0038|dev_0048|dev_0007|dev_0055|dev_0006|dev_0022,Close current tab button is missing an accessible name and role
global_majority,bmo_1884981,firefox,firefox view,P2,dev_0007,dev_0060,7,0.14285714285714285,False,False,False,True,long_tail_assignee,dev_0060|dev_0019|dev_0054|dev_0011|dev_0038|dev_0048|dev_0007|dev_0055|dev_0006|dev_0022,Import history from another browser section on Firefox View History tab would not announce the context for buttons on it
global_majority,bmo_1884984,core,dom: security,P4,dev_0060,dev_0060,1,1.0,True,True,True,True,correct,dev_0060|dev_0019|dev_0054|dev_0011|dev_0038|dev_0048|dev_0007|dev_0055|dev_0006|dev_0022,[wpt-sync] Sync PR 45058 - WebKit export of https://bugs.webkit.org/show_bug.cgi?id=267692
global_majority,bmo_1884986,firefox,firefox view,P2,dev_0007,dev_0060,7,0.14285714285714285,False,False,False,True,long_tail_assignee,dev_0060|dev_0019|dev_0054|dev_0011|dev_0038|dev_0048|dev_0007|dev_0055|dev_0006|dev_0022,Empty card on Firefox View Tabs From Other Devices tab would not announce the context for its button
global_majority,bmo_1884989,core,graphics: canvas2d,P4,dev_0060,dev_0060,1,1.0,True,True,True,True,correct,dev_0060|dev_0019|dev_0054|dev_0011|dev_0038|dev_0048|dev_0007|dev_0055|dev_0006|dev_0022,"[wpt-sync] Sync PR 45059 - Reland ""Migrate Canvas WebGPU Access tests into WebGPU test directory."""
global_majority,bmo_1885005,core,graphics: canvaswebgl,P1,dev_0027,dev_0060,,0.0,False,False,False,False,wrong_assignee,dev_0060|dev_0019|dev_0054|dev_0011|dev_0038|dev_0048|dev_0007|dev_0055|dev_0006|dev_0022,Update dom/canvas/test/webgl-conf webgl cts tests to 2024Apr
global_majority,bmo_1885017,core,layout,P4,dev_0060,dev_0060,1,1.0,True,True,True,True,correct,dev_0060|dev_0019|dev_0054|dev_0011|dev_0038|dev_0048|dev_0007|dev_0055|dev_0006|dev_0022,[wpt-sync] Sync PR 45064 - Make clicking only selected option in multi-select deselect it
global_majority,bmo_1885021,core,dom: core & html,P4,dev_0060,dev_0060,1,1.0,True,True,True,True,correct,dev_0060|dev_0019|dev_0054|dev_0011|dev_0038|dev_0048|dev_0007|dev_0055|dev_0006|dev_0022,[wpt-sync] Sync PR 45065 - content: Don't populate activation info for cross-origin redirects.
global_majority,bmo_1885025,core,dom: credential management,P4,dev_0060,dev_0060,1,1.0,True,True,True,True,correct,dev_0060|dev_0019|dev_0054|dev_0011|dev_0038|dev_0048|dev_0007|dev_0055|dev_0006|dev_0022,[wpt-sync] Sync PR 45066 - [FedCM] Don't send SameSite=Strict cookies for FedCM requests
global_majority,bmo_1885026,core,audio/video: playback,P1,dev_0003,dev_0060,,0.0,False,False,False,False,wrong_assignee,dev_0060|dev_0019|dev_0054|dev_0011|dev_0038|dev_0048|dev_0007|dev_0055|dev_0006|dev_0022,Don't show warning for `NS_ERROR_DOM_MEDIA_EXTERNAL_ENGINE_NOT_SUPPORTED_ERR`
global_majority,bmo_1885028,core,graphics: canvaswebgl,P1,dev_0027,dev_0060,,0.0,False,False,False,False,wrong_assignee,dev_0060|dev_0019|dev_0054|dev_0011|dev_0038|dev_0048|dev_0007|dev_0055|dev_0006|dev_0022,WebGL should use ParamTraits_TiedFields not PlainOldDataSerializer
global_majority,bmo_1885032,core,graphics: canvaswebgl,--,dev_0027,dev_0060,,0.0,False,False,False,False,wrong_assignee,dev_0060|dev_0019|dev_0054|dev_0011|dev_0038|dev_0048|dev_0007|dev_0055|dev_0006|dev_0022,Implement EXT_depth_clamp
global_majority,bmo_1885051,core,dom: core & html,P4,dev_0060,dev_0060,1,1.0,True,True,True,True,correct,dev_0060|dev_0019|dev_0054|dev_0011|dev_0038|dev_0048|dev_0007|dev_0055|dev_0006|dev_0022,[wpt-sync] Sync PR 45069 - Don't run button popover code when default is handled
global_majority,bmo_1885052,core,layout,P4,dev_0060,dev_0060,1,1.0,True,True,True,True,correct,dev_0060|dev_0019|dev_0054|dev_0011|dev_0038|dev_0048|dev_0007|dev_0055|dev_0006|dev_0022,[wpt-sync] Sync PR 45070 - [aspect-ratio] Fix aspect-ratio under-invalidation.
global_majority,bmo_1885053,core,css parsing and computation,P4,dev_0060,dev_0060,1,1.0,True,True,True,True,correct,dev_0060|dev_0019|dev_0054|dev_0011|dev_0038|dev_0048|dev_0007|dev_0055|dev_0006|dev_0022,[wpt-sync] Sync PR 45071 - [anchor] Generate flips using the try-tactics layer
global_majority,bmo_1885059,core,css parsing and computation,P4,dev_0060,dev_0060,1,1.0,True,True,True,True,correct,dev_0060|dev_0019|dev_0054|dev_0011|dev_0038|dev_0048|dev_0007|dev_0055|dev_0006|dev_0022,[wpt-sync] Sync PR 45073 - Add tests of Oklab and Oklch with lightness 99.9999%
global_majority,bmo_1885061,core,audio/video,--,dev_0043,dev_0060,,0.0,False,False,False,False,long_tail_assignee,dev_0060|dev_0019|dev_0054|dev_0011|dev_0038|dev_0048|dev_0007|dev_0055|dev_0006|dev_0022,dom/media/platforms/apple/AppleVTDecoder.cpp:10:10: fatal error: 'IOSurface/IOSurface.h' file not found
global_majority,bmo_1885063,core,css parsing and computation,P4,dev_0060,dev_0060,1,1.0,True,True,True,True,correct,dev_0060|dev_0019|dev_0054|dev_0011|dev_0038|dev_0048|dev_0007|dev_0055|dev_0006|dev_0022,[wpt-sync] Sync PR 45074 - Fix vertical alignment at the root of an IFC
global_majority,bmo_1885065,core,dom: networking,P4,dev_0060,dev_0060,1,1.0,True,True,True,True,correct,dev_0060|dev_0019|dev_0054|dev_0011|dev_0038|dev_0048|dev_0007|dev_0055|dev_0006|dev_0022,"[wpt-sync] Sync PR 45075 - Reapply ""Reapply ""ReadableStream should be cancelled on aborting fetch streaming upload"""""
global_majority,bmo_1885078,core,dom: workers,P4,dev_0060,dev_0060,1,1.0,True,True,True,True,correct,dev_0060|dev_0019|dev_0054|dev_0011|dev_0038|dev_0048|dev_0007|dev_0055|dev_0006|dev_0022,[wpt-sync] Sync PR 44990 - Pluralize Sec-CH-UA-Form-Factor/formFactor
global_majority,bmo_1885088,core,javascript engine,P1,dev_0006,dev_0060,9,0.1111111111111111,False,False,False,True,wrong_assignee,dev_0060|dev_0019|dev_0054|dev_0011|dev_0038|dev_0048|dev_0007|dev_0055|dev_0006|dev_0022,"Assertion failure: input.options.lineno != 0 (Module cannot be compiled with lineNumber == 0), at frontend/BytecodeCompiler.cpp:1148"
global_majority,bmo_1885092,core,layout: block and inline,P4,dev_0060,dev_0060,1,1.0,True,True,True,True,correct,dev_0060|dev_0019|dev_0054|dev_0011|dev_0038|dev_0048|dev_0007|dev_0055|dev_0006|dev_0022,[wpt-sync] Sync PR 45077 - text-box-trim: Handle the start side's inline box
global_majority,bmo_1885107,core,dom: core & html,P4,dev_0060,dev_0060,1,1.0,True,True,True,True,correct,dev_0060|dev_0019|dev_0054|dev_0011|dev_0038|dev_0048|dev_0007|dev_0055|dev_0006|dev_0022,[wpt-sync] Sync PR 45079 - [Invokers] Only dispatch invoke for built-ins or actions containing '-'
global_majority,bmo_1885114,core,javascript: gc,P3,dev_0024,dev_0060,,0.0,False,False,False,False,wrong_assignee,dev_0060|dev_0019|dev_0054|dev_0011|dev_0038|dev_0048|dev_0007|dev_0055|dev_0006|dev_0022,Zone class memory is not added to heap size measurements
global_majority,bmo_1885116,core,dom: core & html,P4,dev_0060,dev_0060,1,1.0,True,True,True,True,correct,dev_0060|dev_0019|dev_0054|dev_0011|dev_0038|dev_0048|dev_0007|dev_0055|dev_0006|dev_0022,[wpt-sync] Sync PR 45080 - [PEPC] Add restrictions to word-spacing for PEPC
global_majority,bmo_1885117,core,gecko profiler,--,dev_0048,dev_0060,6,0.16666666666666666,False,False,False,True,long_tail_assignee,dev_0060|dev_0019|dev_0054|dev_0011|dev_0038|dev_0048|dev_0007|dev_0055|dev_0006|dev_0022,Teach MicroGeckoProfiler.h to capture stacks
global_majority,bmo_1885119,core,dom: core & html,P4,dev_0060,dev_0060,1,1.0,True,True,True,True,correct,dev_0060|dev_0019|dev_0054|dev_0011|dev_0038|dev_0048|dev_0007|dev_0055|dev_0006|dev_0022,[wpt-sync] Sync PR 45081 - Add insertion-step test for MutationObserver.takeRecords
global_majority,bmo_1885121,firefox,search,P2,dev_0054,dev_0060,3,0.3333333333333333,False,True,True,True,wrong_assignee,dev_0060|dev_0019|dev_0054|dev_0011|dev_0038|dev_0048|dev_0007|dev_0055|dev_0006|dev_0022,Fix a few more tests that are broken with search-config-v2 enabled
global_majority,bmo_1885134,firefox,firefox view,P3,dev_0033,dev_0060,,0.0,False,False,False,False,wrong_assignee,dev_0060|dev_0019|dev_0054|dev_0011|dev_0038|dev_0048|dev_0007|dev_0055|dev_0006|dev_0022,Firefox View selected and focused category is displayed with extra border frame
global_majority,bmo_1885136,core,css parsing and computation,--,dev_0019,dev_0060,2,0.5,False,True,True,True,wrong_assignee,dev_0060|dev_0019|dev_0054|dev_0011|dev_0038|dev_0048|dev_0007|dev_0055|dev_0006|dev_0022,Allow servo to not start the style traversal from outside the thread pool.
global_majority,bmo_1885146,firefox,tabbed browser,P2,dev_0015,dev_0060,,0.0,False,False,False,False,wrong_assignee,dev_0060|dev_0019|dev_0054|dev_0011|dev_0038|dev_0048|dev_0007|dev_0055|dev_0006|dev_0022,Tab hover preview panel colors don't integrate well with themes
global_majority,bmo_1885162,core,dom: core & html,P4,dev_0060,dev_0060,1,1.0,True,True,True,True,correct,dev_0060|dev_0019|dev_0054|dev_0011|dev_0038|dev_0048|dev_0007|dev_0055|dev_0006|dev_0022,[wpt-sync] Sync PR 45085 - WPT: Script child removal does not trigger execution
global_majority,bmo_1885178,core,dom: animation,P4,dev_0060,dev_0060,1,1.0,True,True,True,True,correct,dev_0060|dev_0019|dev_0054|dev_0011|dev_0038|dev_0048|dev_0007|dev_0055|dev_0006|dev_0022,"[wpt-sync] Sync PR 45021 - Reland ""Skip static animations on compositor and main"""
global_majority,bmo_1885190,core,css parsing and computation,P4,dev_0060,dev_0060,1,1.0,True,True,True,True,correct,dev_0060|dev_0019|dev_0054|dev_0011|dev_0038|dev_0048|dev_0007|dev_0055|dev_0006|dev_0022,[wpt-sync] Sync PR 45087 - [css-color] rgba and hsla relative colors are valid
global_majority,bmo_1885193,firefox,search,P2,dev_0054,dev_0060,3,0.3333333333333333,False,True,True,True,wrong_assignee,dev_0060|dev_0019|dev_0054|dev_0011|dev_0038|dev_0048|dev_0007|dev_0055|dev_0006|dev_0022,Update mozilla-central copy of search-config-overrides-v2.json
global_majority,bmo_1885197,core,graphics,--,dev_0009,dev_0060,,0.0,False,False,False,False,wrong_assignee,dev_0060|dev_0019|dev_0054|dev_0011|dev_0038|dev_0048|dev_0007|dev_0055|dev_0006|dev_0022,DeviceManagerDx::GetDXGIAdapterLocked needs to recreate the adapter in response to hot-plugging another monitor
global_majority,bmo_1885201,core,graphics: canvaswebgl,P1,dev_0027,dev_0060,,0.0,False,False,False,False,wrong_assignee,dev_0060|dev_0019|dev_0054|dev_0011|dev_0038|dev_0048|dev_0007|dev_0055|dev_0006|dev_0022,WebGLChild::FlushPendingCmds merely MOZ_ASSERTs non-null GetCurrentSerialEventTarget()
global_majority,bmo_1885208,core,css parsing and computation,P4,dev_0060,dev_0060,1,1.0,True,True,True,True,correct,dev_0060|dev_0019|dev_0054|dev_0011|dev_0038|dev_0048|dev_0007|dev_0055|dev_0006|dev_0022,[wpt-sync] Sync PR 45089 - [css-scroll-snap-2] Mark obsolete SnapEvent interface as deprecated.
global_majority,bmo_1885209,core,graphics: imagelib,--,dev_0056,dev_0060,,0.0,False,False,False,False,wrong_assignee,dev_0060|dev_0019|dev_0054|dev_0011|dev_0038|dev_0048|dev_0007|dev_0055|dev_0006|dev_0022,"Assertion failure: aInFormat == gfx::SurfaceFormat::R8G8B8 || aInFormat == gfx::SurfaceFormat::R8G8B8A8 || aInFormat == gfx::SurfaceFormat::R8G8B8X8 || aInFormat == gfx::SurfaceFormat::OS_RGBA || aInFormat == gfx::SurfaceFormat::OS_RGBX, at /builds/worker"
global_majority,bmo_1885213,core,css parsing and computation,P4,dev_0060,dev_0060,1,1.0,True,True,True,True,correct,dev_0060|dev_0019|dev_0054|dev_0011|dev_0038|dev_0048|dev_0007|dev_0055|dev_0006|dev_0022,[wpt-sync] Sync PR 45090 - End ongoing IFC when inserting anonymous block-level table
global_majority,bmo_1885215,core,css parsing and computation,P4,dev_0060,dev_0060,1,1.0,True,True,True,True,correct,dev_0060|dev_0019|dev_0054|dev_0011|dev_0038|dev_0048|dev_0007|dev_0055|dev_0006|dev_0022,[wpt-sync] Sync PR 44939 - Add support for auto keyword in CSS calc-size().
global_majority,bmo_1885216,core,layout: grid,P4,dev_0060,dev_0060,1,1.0,True,True,True,True,correct,dev_0060|dev_0019|dev_0054|dev_0011|dev_0038|dev_0048|dev_0007|dev_0055|dev_0006|dev_0022,[wpt-sync] Sync PR 45091 - Use clearer variable names in grid WPT to avoid spurious MISSING test results.
global_majority,bmo_1885218,core,security: process sandboxing,P1,dev_0028,dev_0060,,0.0,False,False,False,False,wrong_assignee,dev_0060|dev_0019|dev_0054|dev_0011|dev_0038|dev_0048|dev_0007|dev_0055|dev_0006|dev_0022,Add more logging for fatal errors in sandboxed process launch on Linux
global_majority,bmo_1885220,core,css parsing and computation,P4,dev_0060,dev_0060,1,1.0,True,True,True,True,correct,dev_0060|dev_0019|dev_0054|dev_0011|dev_0038|dev_0048|dev_0007|dev_0055|dev_0006|dev_0022,[wpt-sync] Sync PR 45092 - Add borders to (ok)lab L over 100% tests
global_majority,bmo_1885223,core,dom: events,--,dev_0017,dev_0060,,0.0,False,False,False,False,wrong_assignee,dev_0060|dev_0019|dev_0054|dev_0011|dev_0038|dev_0048|dev_0007|dev_0055|dev_0006|dev_0022,Failing WPTs in /pointerevents/pointerevent_after_target_appended.html?mouse
global_majority,bmo_1885224,core,css parsing and computation,P4,dev_0060,dev_0060,1,1.0,True,True,True,True,correct,dev_0060|dev_0019|dev_0054|dev_0011|dev_0038|dev_0048|dev_0007|dev_0055|dev_0006|dev_0022,[wpt-sync] Sync PR 45093 - Allow finishing anonymous inline-table at the end of inline elements
global_majority,bmo_1885229,core,dom: core & html,P4,dev_0060,dev_0060,1,1.0,True,True,True,True,correct,dev_0060|dev_0019|dev_0054|dev_0011|dev_0038|dev_0048|dev_0007|dev_0055|dev_0006|dev_0022,[wpt-sync] Sync PR 45094 - DOM: Correct script-in-script atomic move WPT expectations
global_majority,bmo_1885232,core,dom: ui events & focus handling,--,dev_0040,dev_0060,,0.0,False,False,False,False,wrong_assignee,dev_0060|dev_0019|dev_0054|dev_0011|dev_0038|dev_0048|dev_0007|dev_0055|dev_0006|dev_0022,Failing WPTs in /pointerevents/pointerevent_click_during_capture.html?mouse-[click|auxclick]
global_majority,bmo_1885236,core,dom: core & html,P4,dev_0060,dev_0060,1,1.0,True,True,True,True,correct,dev_0060|dev_0019|dev_0054|dev_0011|dev_0038|dev_0048|dev_0007|dev_0055|dev_0006|dev_0022,[wpt-sync] Sync PR 45096 - Implement <selectedoption> for StylableSelect
global_majority,bmo_1885238,core,graphics: webgpu,P1,dev_0018,dev_0060,,0.0,False,False,False,False,wrong_assignee,dev_0060|dev_0019|dev_0054|dev_0011|dev_0038|dev_0048|dev_0007|dev_0055|dev_0006|dev_0022,GPUCompilationInfo positions wrong
global_majority,bmo_1885245,core,ipc,P1,dev_0027,dev_0060,,0.0,False,False,False,False,long_tail_assignee,dev_0060|dev_0019|dev_0054|dev_0011|dev_0038|dev_0048|dev_0007|dev_0055|dev_0006|dev_0022,Remove PlainOldDataSerializer
global_majority,bmo_1885246,core,ipc,P1,dev_0027,dev_0060,,0.0,False,False,False,False,long_tail_assignee,dev_0060|dev_0019|dev_0054|dev_0011|dev_0038|dev_0048|dev_0007|dev_0055|dev_0006|dev_0022,Remove PlainOldDataSerializer except in gfx/vr and gfx/layers/wr
global_majority,bmo_1885249,core,dom: ui events & focus handling,--,dev_0017,dev_0060,,0.0,False,False,False,False,long_tail_assignee,dev_0060|dev_0019|dev_0054|dev_0011|dev_0038|dev_0048|dev_0007|dev_0055|dev_0006|dev_0022,Failing WPTs in /pointerevents/pointerevent_mouse_capture_change_hover.html
global_majority,bmo_1885251,core,panning and zooming,P3,dev_0022,dev_0060,10,0.1,False,False,False,True,long_tail_assignee,dev_0060|dev_0019|dev_0054|dev_0011|dev_0038|dev_0048|dev_0007|dev_0055|dev_0006|dev_0022,"Have the ""Zoom on all websites"" setting force-enable pinch zooming on sites that disable it using `touch-action` values, other than `touch-action: none`"
global_majority,bmo_1885252,core,storage: indexeddb,P4,dev_0060,dev_0060,1,1.0,True,True,True,True,correct,dev_0060|dev_0019|dev_0054|dev_0011|dev_0038|dev_0048|dev_0007|dev_0055|dev_0006|dev_0022,[wpt-sync] Sync PR 45098 - IDB: idbobjectstore_delete WPT extended to workers in addition to window
global_majority,bmo_1885254,core,layout,P4,dev_0060,dev_0060,1,1.0,True,True,True,True,correct,dev_0060|dev_0019|dev_0054|dev_0011|dev_0038|dev_0048|dev_0007|dev_0055|dev_0006|dev_0022,[wpt-sync] Sync PR 45099 - Make css grid not push content too far into next fragmentainer
global_majority,bmo_1885258,core,layout: text and fonts,--,dev_0057,dev_0060,,0.0,False,False,False,False,long_tail_assignee,dev_0060|dev_0019|dev_0054|dev_0011|dev_0038|dev_0048|dev_0007|dev_0055|dev_0006|dev_0022,Remove the IsHidden Exemption for Font Allowlist
global_majority,bmo_1885259,core,dom: ui events & focus handling,P1,dev_0040,dev_0060,,0.0,False,False,False,False,wrong_assignee,dev_0060|dev_0019|dev_0054|dev_0011|dev_0038|dev_0048|dev_0007|dev_0055|dev_0006|dev_0022,Crash in [@ nsCOMPtr<T>::get | nsCOMPtr<T>::operator nsIContent* | nsIFrame::GetContent]
global_majority,bmo_1885264,firefox,address bar,P5,dev_0001,dev_0060,,0.0,False,False,False,False,wrong_assignee,dev_0060|dev_0019|dev_0054|dev_0011|dev_0038|dev_0048|dev_0007|dev_0055|dev_0006|dev_0022,Intermittent browser/components/urlbar/tests/quicksuggest/browser/browser_weather.js | single tracking bug
global_majority,bmo_1885290,core,dom: core & html,P4,dev_0060,dev_0060,1,1.0,True,True,True,True,correct,dev_0060|dev_0019|dev_0054|dev_0011|dev_0038|dev_0048|dev_0007|dev_0055|dev_0006|dev_0022,"[wpt-sync] Sync PR 45103 - Revert ""Add HandleInvokeInternal on HTMLDialogElement"""
global_majority,bmo_1885302,firefox,search,P3,dev_0054,dev_0060,3,0.3333333333333333,False,True,True,True,wrong_assignee,dev_0060|dev_0019|dev_0054|dev_0011|dev_0038|dev_0048|dev_0007|dev_0055|dev_0006|dev_0022,Fix jsdoc @type documentation issues in search code
global_majority,bmo_1885306,firefox,pdf viewer,--,dev_0011,dev_0060,4,0.25,False,False,True,True,wrong_assignee,dev_0060|dev_0019|dev_0054|dev_0011|dev_0038|dev_0048|dev_0007|dev_0055|dev_0006|dev_0022,Update PDF.js to new version 30e69956db3110b4a14d24af9f3ee74ae1ea03a7 from 2024-03-12 17:24:37
global_majority,bmo_1885309,core,networking: jar,P2,dev_0034,dev_0060,,0.0,False,False,False,False,long_tail_assignee,dev_0060|dev_0019|dev_0054|dev_0011|dev_0038|dev_0048|dev_0007|dev_0055|dev_0006|dev_0022,Extend zero_byte_length telemetry to include mjs files
global_majority,bmo_1885333,core,layout: text and fonts,P4,dev_0060,dev_0060,1,1.0,True,True,True,True,correct,dev_0060|dev_0019|dev_0054|dev_0011|dev_0038|dev_0048|dev_0007|dev_0055|dev_0006|dev_0022,[wpt-sync] Sync PR 45105 - Make trailing space hanging behavior depend on the item's style
global_majority,bmo_1885337,core,javascript: standard library,P2,dev_0004,dev_0060,,0.0,False,False,False,False,wrong_assignee,dev_0060|dev_0019|dev_0054|dev_0011|dev_0038|dev_0048|dev_0007|dev_0055|dev_0006|dev_0022,Initial implementation of Uint8Array to/from base64 proposal
global_majority,bmo_1885350,core,audio/video: playback,P1,dev_0003,dev_0060,,0.0,False,False,False,False,wrong_assignee,dev_0060|dev_0019|dev_0054|dev_0011|dev_0038|dev_0048|dev_0007|dev_0055|dev_0006|dev_0022,navigator.requestMediaKeySystemAccess > 1000x slowdown
global_majority,bmo_1885365,core,graphics: canvas2d,P3,dev_0005,dev_0060,,0.0,False,False,False,False,wrong_assignee,dev_0060|dev_0019|dev_0054|dev_0011|dev_0038|dev_0048|dev_0007|dev_0055|dev_0006|dev_0022,Improve canvas error throwing for draw target creation failures
global_majority,bmo_1885366,firefox,profile backup,P3,dev_0041,dev_0060,,0.0,False,False,False,False,cold_start_component,dev_0060|dev_0019|dev_0054|dev_0011|dev_0038|dev_0048|dev_0007|dev_0055|dev_0006|dev_0022,Make sure the BackupResource class exists in source docs
global_majority,bmo_1885372,firefox,profile backup,P1,dev_0041,dev_0060,,0.0,False,False,False,False,cold_start_component,dev_0060|dev_0019|dev_0054|dev_0011|dev_0038|dev_0048|dev_0007|dev_0055|dev_0006|dev_0022,Implement a basic `createBackup` method on BackupService
global_majority,bmo_1885376,core,graphics: webrender,--,dev_0009,dev_0060,,0.0,False,False,False,False,wrong_assignee,dev_0060|dev_0019|dev_0054|dev_0011|dev_0038|dev_0048|dev_0007|dev_0055|dev_0006|dev_0022,6.2% ts_paint_webext (Windows) regression on Thu March 7 2024
global_majority,bmo_1885388,core,css parsing and computation,P4,dev_0060,dev_0060,1,1.0,True,True,True,True,correct,dev_0060|dev_0019|dev_0054|dev_0011|dev_0038|dev_0048|dev_0007|dev_0055|dev_0006|dev_0022,[wpt-sync] Sync PR 45106 - [css-anchor-position] Limit position options list to five
global_majority,bmo_1885390,core,dom: credential management,P4,dev_0060,dev_0060,1,1.0,True,True,True,True,correct,dev_0060|dev_0019|dev_0054|dev_0011|dev_0038|dev_0048|dev_0007|dev_0055|dev_0006|dev_0022,[wpt-sync] Sync PR 45107 - [FedCM] Enable CORS in ID assertion endpoint
global_majority,bmo_1885396,core,audio/video: playback,P1,dev_0003,dev_0060,,0.0,False,False,False,False,wrong_assignee,dev_0060|dev_0019|dev_0054|dev_0011|dev_0038|dev_0048|dev_0007|dev_0055|dev_0006|dev_0022,[wmfme] disable media engine pref on Dev Edition
global_majority,bmo_1885401,core,javascript engine,--,dev_0006,dev_0060,9,0.1111111111111111,False,False,False,True,wrong_assignee,dev_0060|dev_0019|dev_0054|dev_0011|dev_0038|dev_0048|dev_0007|dev_0055|dev_0006|dev_0022,JSString::dumpCharsNoQuote stack exhaustion
global_majority,bmo_1885403,firefox,profile backup,--,dev_0041,dev_0060,,0.0,False,False,False,False,cold_start_component,dev_0060|dev_0019|dev_0054|dev_0011|dev_0038|dev_0048|dev_0007|dev_0055|dev_0006|dev_0022,Add legacy telemetry mirror for browser.backup.prof_d_disk_space Glean probe
global_majority,bmo_1885409,core,css parsing and computation,P4,dev_0060,dev_0060,1,1.0,True,True,True,True,correct,dev_0060|dev_0019|dev_0054|dev_0011|dev_0038|dev_0048|dev_0007|dev_0055|dev_0006|dev_0022,[wpt-sync] Sync PR 45109 - [css-scroll-snap-2] Switch snapchanged to updated SnapEvent interface
global_majority,bmo_1885412,core,layout,P4,dev_0060,dev_0060,1,1.0,True,True,True,True,correct,dev_0060|dev_0019|dev_0054|dev_0011|dev_0038|dev_0048|dev_0007|dev_0055|dev_0006|dev_0022,[wpt-sync] Sync PR 45111 - Add new print mode grid overflow test
global_majority,bmo_1885416,core,dom: credential management,P4,dev_0060,dev_0060,1,1.0,True,True,True,True,correct,dev_0060|dev_0019|dev_0054|dev_0011|dev_0038|dev_0048|dev_0007|dev_0055|dev_0006|dev_0022,[wpt-sync] Sync PR 45112 - [FedCM] Don't allow popups for mediation:silent or without user gesture
global_majority,bmo_1885441,core,css parsing and computation,P4,dev_0060,dev_0060,1,1.0,True,True,True,True,correct,dev_0060|dev_0019|dev_0054|dev_0011|dev_0038|dev_0048|dev_0007|dev_0055|dev_0006|dev_0022,[wpt-sync] Sync PR 45114 - [css-scroll-snap-2] Switch snapchanging to updated SnapEvents interface
global_majority,bmo_1885443,core,javascript engine,--,dev_0024,dev_0060,,0.0,False,False,False,False,wrong_assignee,dev_0060|dev_0019|dev_0054|dev_0011|dev_0038|dev_0048|dev_0007|dev_0055|dev_0006|dev_0022,"Assertion failure: mModuleScript->HadImportMap() == childScript->HadImportMap(), at /builds/worker/checkouts/gecko/js/loader/ModuleLoadRequest.cpp:219"
global_majority,bmo_1885446,core,graphics: canvaswebgl,P2,dev_0009,dev_0060,,0.0,False,False,False,False,long_tail_assignee,dev_0060|dev_0019|dev_0054|dev_0011|dev_0038|dev_0048|dev_0007|dev_0055|dev_0006|dev_0022,webgl.unpackColorSpace not supported
global_majority,bmo_1885447,core,graphics: color management,P1,dev_0027,dev_0060,,0.0,False,False,False,False,long_tail_assignee,dev_0060|dev_0019|dev_0054|dev_0011|dev_0038|dev_0048|dev_0007|dev_0055|dev_0006|dev_0022,Tonemap/color-manage webgl sdr/wcg output into Display profile as pre-compositor post-process.
global_majority,bmo_1885451,core,graphics: webrender,P2,dev_0009,dev_0060,,0.0,False,False,False,False,wrong_assignee,dev_0060|dev_0019|dev_0054|dev_0011|dev_0038|dev_0048|dev_0007|dev_0055|dev_0006|dev_0022,ExternalSurfaces can't be relied on to reach e.g. DCLayerTree
global_majority,bmo_1885475,core,javascript engine,P1,dev_0006,dev_0060,9,0.1111111111111111,False,False,False,True,wrong_assignee,dev_0060|dev_0019|dev_0054|dev_0011|dev_0038|dev_0048|dev_0007|dev_0055|dev_0006|dev_0022,[loongarch] Failed to dumpValue for floating-point value
global_majority,bmo_1885489,core,javascript engine: jit,P1,dev_0004,dev_0060,,0.0,False,False,False,False,wrong_assignee,dev_0060|dev_0019|dev_0054|dev_0011|dev_0038|dev_0048|dev_0007|dev_0055|dev_0006|dev_0022,"Assertion failure: isInt32(), at js/Value.h:942"
global_majority,bmo_1885490,core,graphics,--,dev_0052,dev_0060,,0.0,False,False,False,False,wrong_assignee,dev_0060|dev_0019|dev_0054|dev_0011|dev_0038|dev_0048|dev_0007|dev_0055|dev_0006|dev_0022,Add a capability to disable RemoteTexture recycling
global_majority,bmo_1885491,core,graphics: canvaswebgl,P1,dev_0027,dev_0060,,0.0,False,False,False,False,wrong_assignee,dev_0060|dev_0019|dev_0054|dev_0011|dev_0038|dev_0048|dev_0007|dev_0055|dev_0006|dev_0022,Ship webgl.drawingBufferColorSpace
global_majority,bmo_1885500,core,graphics: webgpu,--,dev_0052,dev_0060,,0.0,False,False,False,False,wrong_assignee,dev_0060|dev_0019|dev_0054|dev_0011|dev_0038|dev_0048|dev_0007|dev_0055|dev_0006|dev_0022,"[WebGPU] with sw-wr and dx12-no-readback, webgpu demo  will crash the whole browser"
global_majority,bmo_1885502,core,dom: core & html,P4,dev_0060,dev_0060,1,1.0,True,True,True,True,correct,dev_0060|dev_0019|dev_0054|dev_0011|dev_0038|dev_0048|dev_0007|dev_0055|dev_0006|dev_0022,[wpt-sync] Sync PR 45119 - Avoid firing blur & focusout events when removing a node
global_majority,bmo_1885505,firefox,pdf viewer,P1,dev_0011,dev_0060,4,0.25,False,False,True,True,wrong_assignee,dev_0060|dev_0019|dev_0054|dev_0011|dev_0038|dev_0048|dev_0007|dev_0055|dev_0006|dev_0022,Screen readers will not read highlighted text inside a PDF
global_majority,bmo_1885507,core,css parsing and computation,P4,dev_0060,dev_0060,1,1.0,True,True,True,True,correct,dev_0060|dev_0019|dev_0054|dev_0011|dev_0038|dev_0048|dev_0007|dev_0055|dev_0006|dev_0022,[wpt-sync] Sync PR 45120 - [css-position-anchor] anchor-default -> position-anchor
global_majority,bmo_1885521,core,widget: gtk,--,dev_0019,dev_0060,2,0.5,False,True,True,True,wrong_assignee,dev_0060|dev_0019|dev_0054|dev_0011|dev_0038|dev_0048|dev_0007|dev_0055|dev_0006|dev_0022,"Use GetWidgetScreen in Element.screen, so as to make it work on Wayland."
global_majority,bmo_1885526,core,css parsing and computation,P4,dev_0060,dev_0060,1,1.0,True,True,True,True,correct,dev_0060|dev_0019|dev_0054|dev_0011|dev_0038|dev_0048|dev_0007|dev_0055|dev_0006|dev_0022,[wpt-sync] Sync PR 45122 - View-transitions should only be allowed when page is visible
global_majority,bmo_1885529,core,networking: dns,P2,dev_0059,dev_0060,,0.0,False,False,False,False,wrong_assignee,dev_0060|dev_0019|dev_0054|dev_0011|dev_0038|dev_0048|dev_0007|dev_0055|dev_0006|dev_0022,Investigate increase in DNS queueing time with native HTTPS records
global_majority,bmo_1885545,core,css parsing and computation,P4,dev_0060,dev_0060,1,1.0,True,True,True,True,correct,dev_0060|dev_0019|dev_0054|dev_0011|dev_0038|dev_0048|dev_0007|dev_0055|dev_0006|dev_0022,[wpt-sync] Sync PR 45125 - Fix separator handling for legacy syntax colors
global_majority,bmo_1885546,core,graphics: canvas2d,P4,dev_0060,dev_0060,1,1.0,True,True,True,True,correct,dev_0060|dev_0019|dev_0054|dev_0011|dev_0038|dev_0048|dev_0007|dev_0055|dev_0006|dev_0022,[wpt-sync] Sync PR 45126 - CanvasGradient addColorStop supports color-mix
global_majority,bmo_1885548,core,css parsing and computation,P4,dev_0060,dev_0060,1,1.0,True,True,True,True,correct,dev_0060|dev_0019|dev_0054|dev_0011|dev_0038|dev_0048|dev_0007|dev_0055|dev_0006|dev_0022,[wpt-sync] Sync PR 45127 - Simplify control flow in parts of ColorFunctionParser
global_majority,bmo_1885549,core,dom: core & html,P4,dev_0060,dev_0060,1,1.0,True,True,True,True,correct,dev_0060|dev_0019|dev_0054|dev_0011|dev_0038|dev_0048|dev_0007|dev_0055|dev_0006|dev_0022,"[wpt-sync] Sync PR 45124 - Revert ""[PEPC] Add restrictions to word-spacing for PEPC"""
global_majority,bmo_1885558,core,dom: animation,P4,dev_0060,dev_0060,1,1.0,True,True,True,True,correct,dev_0060|dev_0019|dev_0054|dev_0011|dev_0038|dev_0048|dev_0007|dev_0055|dev_0006|dev_0022,[wpt-sync] Sync PR 45129 - Port flaky animations/reponsive tests to WPT
global_majority,bmo_1885598,core,dom: navigation,--,dev_0057,dev_0060,,0.0,False,False,False,False,long_tail_assignee,dev_0060|dev_0019|dev_0054|dev_0011|dev_0038|dev_0048|dev_0007|dev_0055|dev_0006|dev_0022,Improve and Clean up some privileged-mozilla-content-process code
global_majority,bmo_1885600,core,dom: core & html,P4,dev_0060,dev_0060,1,1.0,True,True,True,True,correct,dev_0060|dev_0019|dev_0054|dev_0011|dev_0038|dev_0048|dev_0007|dev_0055|dev_0006|dev_0022,[wpt-sync] Sync PR 45133 - Attempt to de-flake sandbox top navigation WPTs.
global_majority,bmo_1885601,core,css transitions and animations,P4,dev_0060,dev_0060,1,1.0,True,True,True,True,correct,dev_0060|dev_0019|dev_0054|dev_0011|dev_0038|dev_0048|dev_0007|dev_0055|dev_0006|dev_0022,[wpt-sync] Sync PR 45134 - Port flaky animations/stability tests to WPT
component_majority,bmo_1884275,core,audio/video: playback,P2,dev_0003,dev_0003,1,1.0,True,True,True,True,correct,dev_0003|dev_0048|dev_0010|dev_0009|dev_0022|dev_0060|dev_0019|dev_0054|dev_0011|dev_0038,Crash in [@ D3DKMTUnregisterTrimNotification]
component_majority,bmo_1884278,firefox,firefox view,P3,dev_0007,dev_0047,3,0.3333333333333333,False,True,True,True,long_tail_assignee,dev_0047|dev_0033|dev_0007|dev_0060|dev_0019|dev_0054|dev_0011|dev_0038|dev_0048|dev_0055,Add an exception from a11y_checks for clicks on a not focusable pinned media button on Firefox View
component_majority,bmo_1884281,core,dom: editor,--,dev_0040,dev_0040,1,1.0,True,True,True,True,correct,dev_0040|dev_0060|dev_0017|dev_0019|dev_0054|dev_0011|dev_0038|dev_0048|dev_0007|dev_0055,"Assertion failure: mStart.EqualsOrIsBefore(mEnd), at /builds/worker/workspace/obj-build/dist/include/mozilla/EditorDOMPoint.h:1290"
component_majority,bmo_1884297,core,gecko profiler,--,dev_0043,dev_0019,2,0.5,False,True,True,True,long_tail_assignee,dev_0019|dev_0043|dev_0048|dev_0060|dev_0054|dev_0011|dev_0038|dev_0007|dev_0055|dev_0006,tools/profiler/core/platform.cpp:118:12: fatal error: 'nsCocoaFeatures.h' file not found
component_majority,bmo_1884314,core,graphics: text,--,dev_0026,dev_0026,1,1.0,True,True,True,True,correct,dev_0026|dev_0043|dev_0057|dev_0060|dev_0019|dev_0054|dev_0011|dev_0038|dev_0048|dev_0007,IOSPlatformFontList::InitSystemFontNames and IOSPlatformFontList::GetDefaultFontForPlatform return empty strings
component_majority,bmo_1884322,firefox,firefox view,--,dev_0033,dev_0047,2,0.5,False,True,True,True,wrong_assignee,dev_0047|dev_0033|dev_0007|dev_0060|dev_0019|dev_0054|dev_0011|dev_0038|dev_0048|dev_0055,Any key will toggle mute/unmute button in Fx View
component_majority,bmo_1884347,core,security: process sandboxing,P1,dev_0028,dev_0028,1,1.0,True,True,True,True,correct,dev_0028|dev_0023|dev_0019|dev_0060|dev_0054|dev_0011|dev_0038|dev_0048|dev_0007|dev_0055,AppArmor user namespace creation restrictions cause many applications (including Firefox tabs) to crash with SIGTRAP or SIGSEGV
component_majority,bmo_1884349,core,networking: http,P1,dev_0034,dev_0034,1,1.0,True,True,True,True,correct,dev_0034|dev_0021|dev_0060|dev_0019|dev_0054|dev_0011|dev_0038|dev_0048|dev_0007|dev_0055,firefox didn't load any page
component_majority,bmo_1884360,core,javascript engine,P2,dev_0025,dev_0006,3,0.3333333333333333,False,True,True,True,wrong_assignee,dev_0006|dev_0004|dev_0025|dev_0053|dev_0024|dev_0042|dev_0059|dev_0050|dev_0058|dev_0060,Reimplement Array.prototype.sort with a JIT trampoline
component_majority,bmo_1884368,core,javascript engine: jit,--,dev_0025,dev_0004,2,0.5,False,True,True,True,wrong_assignee,dev_0004|dev_0025|dev_0042|dev_0024|dev_0060|dev_0019|dev_0054|dev_0011|dev_0038|dev_0048,Retire jit::GetPcScript and PcScriptCache
component_majority,bmo_1884407,firefox,profile backup,P1,dev_0041,dev_0060,,0.0,False,False,False,False,cold_start_component,dev_0060|dev_0019|dev_0054|dev_0011|dev_0038|dev_0048|dev_0007|dev_0055|dev_0006|dev_0022,Add a probe to measure available disk space for profile directory storage device
component_majority,bmo_1884417,firefox,tabbed browser,P2,dev_0015,dev_0015,1,1.0,True,True,True,True,correct,dev_0015|dev_0007|dev_0041|dev_0039|dev_0006|dev_0019|dev_0060|dev_0054|dev_0011|dev_0038,Address UX feedback for Tab Hover Preview
component_majority,bmo_1884427,core,javascript: gc,P1,dev_0024,dev_0024,1,1.0,True,True,True,True,correct,dev_0024|dev_0053|dev_0025|dev_0060|dev_0019|dev_0054|dev_0011|dev_0038|dev_0048|dev_0007,Crash [@ js::CheckTracedThing]
component_majority,bmo_1884435,firefox,address bar,P1,dev_0001,dev_0001,1,1.0,True,True,True,True,correct,dev_0001|dev_0012|dev_0039|dev_0007|dev_0032|dev_0060|dev_0019|dev_0054|dev_0011|dev_0038,Remove bounding box / stroke from Yelp Suggestions UI
component_majority,bmo_1884452,core,widget: gtk,P3,dev_0019,dev_0055,2,0.5,False,True,True,True,wrong_assignee,dev_0055|dev_0019|dev_0013|dev_0060|dev_0054|dev_0011|dev_0038|dev_0048|dev_0007|dev_0006,Provide about:config entry to disable changing of titlebar buttons in firefox for every themes
component_majority,bmo_1884457,core,javascript: gc,P3,dev_0024,dev_0024,1,1.0,True,True,True,True,correct,dev_0024|dev_0053|dev_0025|dev_0060|dev_0019|dev_0054|dev_0011|dev_0038|dev_0048|dev_0007,Potential use of uninitialized storage on self-assignment in MarkStack::operator=()
component_majority,bmo_1884464,core,graphics: text,--,dev_0019,dev_0026,5,0.2,False,False,True,True,long_tail_assignee,dev_0026|dev_0043|dev_0057|dev_0060|dev_0019|dev_0054|dev_0011|dev_0038|dev_0048|dev_0007,Make worker font loads more similar to style system font loads.
component_majority,bmo_1884466,core,dom: web authentication,P3,dev_0029,dev_0029,1,1.0,True,True,True,True,correct,dev_0029|dev_0014|dev_0060|dev_0019|dev_0054|dev_0011|dev_0038|dev_0048|dev_0007|dev_0055,Implement getClientCapabilities
component_majority,bmo_1884496,core,xpconnect,--,dev_0054,dev_0006,5,0.2,False,False,True,True,long_tail_assignee,dev_0006|dev_0022|dev_0060|dev_0019|dev_0054|dev_0011|dev_0038|dev_0048|dev_0007|dev_0055,Switch to do_importESModule in extension files and drop do_importModule
component_majority,bmo_1884505,core,layout,--,dev_0021,dev_0060,6,0.16666666666666666,False,False,False,True,wrong_assignee,dev_0060|dev_0019|dev_0002|dev_0013|dev_0022|dev_0021|dev_0005|dev_0043|dev_0054|dev_0011,Perma infrastructure/reftest-zoom/clamp-full-zoom-001.html | Testing infrastructure/reftest-zoom/clamp-full-zoom-001.html == infrastructure/reftest-zoom/clamp-full-zoom-001-ref.html when when Gecko 125 merges to Beta on 2024-03-18
component_majority,bmo_1884518,core,javascript: webassembly,P1,dev_0049,dev_0049,1,1.0,True,True,True,True,correct,dev_0049|dev_0025|dev_0060|dev_0019|dev_0054|dev_0011|dev_0038|dev_0048|dev_0007|dev_0055,Invalid stack pointer when delegate is combined with try_table and params
component_majority,bmo_1884539,core,layout: form controls,--,dev_0026,dev_0019,,0.0,False,False,False,False,long_tail_assignee,dev_0019|dev_0013|dev_0002|dev_0060|dev_0054|dev_0011|dev_0038|dev_0048|dev_0007|dev_0055,<select> popups don't respect minimum font size
component_majority,bmo_1884553,core,javascript engine,P3,dev_0004,dev_0006,2,0.5,False,True,True,True,wrong_assignee,dev_0006|dev_0004|dev_0025|dev_0053|dev_0024|dev_0042|dev_0059|dev_0050|dev_0058|dev_0060,"Assertion failure: js::gc::IsCellPointerValid(&obj), at js/Value.h:633 with CalendarFields"
component_majority,bmo_1884565,core,javascript: webassembly,P1,dev_0049,dev_0049,1,1.0,True,True,True,True,correct,dev_0049|dev_0025|dev_0060|dev_0019|dev_0054|dev_0011|dev_0038|dev_0048|dev_0007|dev_0055,Assertion failure: aIndex < mLength (issue 1883785 patch bypass)
component_majority,bmo_1884574,core,dom: web authentication,P1,dev_0029,dev_0029,1,1.0,True,True,True,True,correct,dev_0029|dev_0014|dev_0060|dev_0019|dev_0054|dev_0011|dev_0038|dev_0048|dev_0007|dev_0055,Firefox crashes after clicking `Create a passkey` in Google Account > Security > Passkeys
component_majority,bmo_1884600,core,graphics,--,dev_0052,dev_0005,2,0.5,False,True,True,True,wrong_assignee,dev_0005|dev_0052|dev_0038|dev_0027|dev_0009|dev_0043|dev_0037|dev_0055|dev_0060|dev_0019,Block NVIDIA RTX Video Super Resolution depends on driver version
component_majority,bmo_1884624,core,widget: cocoa,P3,dev_0009,dev_0009,1,1.0,True,True,True,True,correct,dev_0009|dev_0019|dev_0060|dev_0054|dev_0011|dev_0038|dev_0048|dev_0007|dev_0055|dev_0006,[macOS 14] Crash in [@ __CFCheckCFInfoPACSignature] and [@ _CFAssertMismatchedTypeID] on 124 branch and up
component_majority,bmo_1884628,core,networking: dns,P1,dev_0034,dev_0059,,0.0,False,False,False,False,long_tail_assignee,dev_0059|dev_0060|dev_0019|dev_0054|dev_0011|dev_0038|dev_0048|dev_0007|dev_0055|dev_0006,Crash Report [@ pthread_kill@@GLIBC_2.34 | raise | __netlink_assert_response ]
component_majority,bmo_1884631,core,widget: cocoa,P3,dev_0019,dev_0009,2,0.5,False,True,True,True,long_tail_assignee,dev_0009|dev_0019|dev_0060|dev_0054|dev_0011|dev_0038|dev_0048|dev_0007|dev_0055|dev_0006,Consider removing WindowType::Sheet (native macOS sheet support)
component_majority,bmo_1884635,core,widget: cocoa,--,dev_0019,dev_0009,2,0.5,False,True,True,True,long_tail_assignee,dev_0009|dev_0019|dev_0060|dev_0054|dev_0011|dev_0038|dev_0048|dev_0007|dev_0055|dev_0006,[macOS] XUL notification does not stay frontmost
component_majority,bmo_1884645,core,networking,P2,dev_0059,dev_0021,2,0.5,False,True,True,True,wrong_assignee,dev_0021|dev_0059|dev_0034|dev_0060|dev_0019|dev_0054|dev_0011|dev_0038|dev_0048|dev_0007,Send an observer notification with the decodedBodySize before calling OnStopRequest listeners
component_majority,bmo_1884649,core,javascript engine: jit,P1,dev_0004,dev_0004,1,1.0,True,True,True,True,correct,dev_0004|dev_0025|dev_0042|dev_0024|dev_0060|dev_0019|dev_0054|dev_0011|dev_0038|dev_0048,"Assertion failure: from->hasLatin1Chars(), at builtin/String.cpp:570"
component_majority,bmo_1884652,core,xul,--,dev_0019,dev_0019,1,1.0,True,True,True,True,correct,dev_0019|dev_0060|dev_0054|dev_0011|dev_0038|dev_0048|dev_0007|dev_0055|dev_0006|dev_0022,Remove support for titlebars on panels.
component_majority,bmo_1884671,firefox,sidebar,--,dev_0047,dev_0047,1,1.0,True,True,True,True,correct,dev_0047|dev_0033|dev_0060|dev_0019|dev_0054|dev_0011|dev_0038|dev_0048|dev_0007|dev_0055,Create pref and directory for the new sidebar
component_majority,bmo_1884693,core,privacy: anti-tracking,--,dev_0058,dev_0036,5,0.2,False,False,True,True,wrong_assignee,dev_0036|dev_0008|dev_0020|dev_0057|dev_0058|dev_0015|dev_0025|dev_0060|dev_0019|dev_0054,Collect more fingerprintable pref values
component_majority,bmo_1884701,firefox,search,P3,dev_0054,dev_0054,1,1.0,True,True,True,True,correct,dev_0054|dev_0032|dev_0007|dev_0019|dev_0060|dev_0011|dev_0038|dev_0048|dev_0055|dev_0006,Simplify removing engines during reload engines with search-config-v2
component_majority,bmo_1884705,firefox,remote settings client,--,dev_0054,dev_0054,1,1.0,True,True,True,True,correct,dev_0054|dev_0060|dev_0019|dev_0011|dev_0038|dev_0048|dev_0007|dev_0055|dev_0006|dev_0022,Add a function to allow getting attachments from the cache or dumps without downloading them
component_majority,bmo_1884719,core,audio/video: playback,P1,dev_0003,dev_0003,1,1.0,True,True,True,True,correct,dev_0003|dev_0048|dev_0010|dev_0009|dev_0022|dev_0060|dev_0019|dev_0054|dev_0011|dev_0038,[wmfme] ensure the hardware decoding is available before starting the media engine
component_majority,bmo_1884725,core,dom: web authentication,--,dev_0029,dev_0029,1,1.0,True,True,True,True,correct,dev_0029|dev_0014|dev_0060|dev_0019|dev_0054|dev_0011|dev_0038|dev_0048|dev_0007|dev_0055,"In Windows, passkeys authentication under Firefox in anonymous/private mode is logged as it was non-private to Windows Log Event"
component_majority,bmo_1884732,core,dom: content processes,--,dev_0057,dev_0046,,0.0,False,False,False,False,long_tail_assignee,dev_0046|dev_0035|dev_0060|dev_0019|dev_0054|dev_0011|dev_0038|dev_0048|dev_0007|dev_0055,Add logging for window actor messages
component_majority,bmo_1884734,core,dom: css object model,P4,dev_0060,dev_0019,2,0.5,False,True,True,True,wrong_assignee,dev_0019|dev_0060|dev_0013|dev_0054|dev_0011|dev_0038|dev_0048|dev_0007|dev_0055|dev_0006,"[wpt-sync] Sync PR 45028 - Revert ""Return currentcolor as a computed value on computedStyleMap"""
component_majority,bmo_1884736,core,dom: service workers,P4,dev_0060,dev_0060,1,1.0,True,True,True,True,correct,dev_0060|dev_0019|dev_0054|dev_0011|dev_0038|dev_0048|dev_0007|dev_0055|dev_0006|dev_0022,[wpt-sync] Sync PR 44998 - Add WPT for the length of router rules
component_majority,bmo_1884737,core,graphics: canvas2d,P3,dev_0005,dev_0038,3,0.3333333333333333,False,True,True,True,wrong_assignee,dev_0038|dev_0060|dev_0005|dev_0026|dev_0058|dev_0052|dev_0019|dev_0054|dev_0011|dev_0048,Ensure CanvasChild::ReturnDataSurfaceShmem is threadsafe
component_majority,bmo_1884746,core,javascript: gc,P2,dev_0024,dev_0024,1,1.0,True,True,True,True,correct,dev_0024|dev_0053|dev_0025|dev_0060|dev_0019|dev_0054|dev_0011|dev_0038|dev_0048|dev_0007,"Assertion failure: !zone->uniqueIds().has(tgt), at gc/StableCellHasher-inl.h:140"
component_majority,bmo_1884759,core,networking: http,--,dev_0019,dev_0034,4,0.25,False,False,True,True,long_tail_assignee,dev_0034|dev_0021|dev_0060|dev_0019|dev_0054|dev_0011|dev_0038|dev_0048|dev_0007|dev_0055,Don't use a mutex to handle parse promise blocking.
component_majority,bmo_1884765,core,css parsing and computation,P4,dev_0060,dev_0060,1,1.0,True,True,True,True,correct,dev_0060|dev_0019|dev_0016|dev_0007|dev_0022|dev_0043|dev_0018|dev_0021|dev_0013|dev_0026,[wpt-sync] Sync PR 44991 - update test to expect shadow trees to find document keyframes
component_majority,bmo_1884774,core,dom: networking,P4,dev_0060,dev_0060,1,1.0,True,True,True,True,correct,dev_0060|dev_0019|dev_0054|dev_0011|dev_0038|dev_0048|dev_0007|dev_0055|dev_0006|dev_0022,"[wpt-sync] Sync PR 44997 - Reapply ""ReadableStream should be cancelled on aborting fetch streaming upload"""
component_majority,bmo_1884776,core,layout: text and fonts,P4,dev_0060,dev_0060,1,1.0,True,True,True,True,correct,dev_0060|dev_0026|dev_0022|dev_0019|dev_0054|dev_0011|dev_0038|dev_0048|dev_0007|dev_0055,[wpt-sync] Sync PR 44995 - Ensure the -webkit-text-stroke property is computed properly.
component_majority,bmo_1884777,core,javascript: webassembly,P1,dev_0049,dev_0049,1,1.0,True,True,True,True,correct,dev_0049|dev_0025|dev_0060|dev_0019|dev_0054|dev_0011|dev_0038|dev_0048|dev_0007|dev_0055,Update wasm-smith
component_majority,bmo_1884778,core,graphics: text,P5,dev_0043,dev_0026,2,0.5,False,True,True,True,wrong_assignee,dev_0026|dev_0043|dev_0057|dev_0060|dev_0019|dev_0054|dev_0011|dev_0038|dev_0048|dev_0007,Permanent /builds/worker/checkouts/gecko/gfx/thebes/gfxPlatformMac.cpp:123:46: error: allocating an object of abstract class type 'PlatformFontListClass' (aka 'IOSPlatformFontList')
component_majority,bmo_1884781,firefox,theme,--,dev_0019,dev_0019,1,1.0,True,True,True,True,correct,dev_0019|dev_0060|dev_0054|dev_0011|dev_0038|dev_0048|dev_0007|dev_0055|dev_0006|dev_0022,Remove unused rule in windows/browser.css
component_majority,bmo_1884783,core,javascript: webassembly,P3,dev_0049,dev_0049,1,1.0,True,True,True,True,correct,dev_0049|dev_0025|dev_0060|dev_0019|dev_0054|dev_0011|dev_0038|dev_0048|dev_0007|dev_0055,AnyRef::fromUint32Trunace assumes that unknown architectures are 32-bit
component_majority,bmo_1884786,core,css parsing and computation,P4,dev_0060,dev_0060,1,1.0,True,True,True,True,correct,dev_0060|dev_0019|dev_0016|dev_0007|dev_0022|dev_0043|dev_0018|dev_0021|dev_0013|dev_0026,[wpt-sync] Sync PR 44993 - @font-face tests for shadow dom
component_majority,bmo_1884792,core,css parsing and computation,P3,dev_0019,dev_0060,2,0.5,False,True,True,True,wrong_assignee,dev_0060|dev_0019|dev_0016|dev_0007|dev_0022|dev_0043|dev_0018|dev_0021|dev_0013|dev_0026,Remove chrome-only :-moz-lwtheme pseudo-class
component_majority,bmo_1884794,core,dom: credential management,P4,dev_0060,dev_0060,1,1.0,True,True,True,True,correct,dev_0060|dev_0019|dev_0054|dev_0011|dev_0038|dev_0048|dev_0007|dev_0055|dev_0006|dev_0022,[wpt-sync] Sync PR 44994 - [FedCM] Split button flow web tests into multiple files
component_majority,bmo_1884797,core,css parsing and computation,P4,dev_0060,dev_0060,1,1.0,True,True,True,True,correct,dev_0060|dev_0019|dev_0016|dev_0007|dev_0022|dev_0043|dev_0018|dev_0021|dev_0013|dev_0026,"[wpt-sync] Sync PR 45004 - [css-anchor-position] Apply position-try-options, not position-fallback"
component_majority,bmo_1884809,core,css parsing and computation,P4,dev_0060,dev_0060,1,1.0,True,True,True,True,correct,dev_0060|dev_0019|dev_0016|dev_0007|dev_0022|dev_0043|dev_0018|dev_0021|dev_0013|dev_0026,[wpt-sync] Sync PR 45014 - [css-color-5] relative color : multiply channel keywords by percentages
component_majority,bmo_1884811,core,svg,P4,dev_0060,dev_0060,1,1.0,True,True,True,True,correct,dev_0060|dev_0037|dev_0038|dev_0013|dev_0019|dev_0054|dev_0011|dev_0048|dev_0007|dev_0055,[wpt-sync] Sync PR 45015 - Fix `animateColor` test to work across browsers
component_majority,bmo_1884813,core,graphics: webrender,--,dev_0052,dev_0043,,0.0,False,False,False,False,long_tail_assignee,dev_0043|dev_0056|dev_0009|dev_0038|dev_0037|dev_0005|dev_0060|dev_0019|dev_0054|dev_0011,"Assertion failure: false (MOZ_ASSERT_UNREACHABLE: unexpected to be called), at /builds/worker/checkouts/gecko/gfx/webrender_bindings/WebRenderAPI.cpp:547"
component_majority,bmo_1884819,core,dom: css object model,P4,dev_0060,dev_0019,2,0.5,False,True,True,True,wrong_assignee,dev_0019|dev_0060|dev_0013|dev_0054|dev_0011|dev_0038|dev_0048|dev_0007|dev_0055|dev_0006,[wpt-sync] Sync PR 45030 - Add `getComputedStyle()` cases with lacking leading colons
component_majority,bmo_1884826,core,css parsing and computation,P4,dev_0060,dev_0060,1,1.0,True,True,True,True,correct,dev_0060|dev_0019|dev_0016|dev_0007|dev_0022|dev_0043|dev_0018|dev_0021|dev_0013|dev_0026,[wpt-sync] Sync PR 45020 - [css-nesting-1] Change serialization of relative selectors within nesting.
component_majority,bmo_1884827,core,graphics: canvas2d,P4,dev_0060,dev_0038,2,0.5,False,True,True,True,wrong_assignee,dev_0038|dev_0060|dev_0005|dev_0026|dev_0058|dev_0052|dev_0019|dev_0054|dev_0011|dev_0048,[wpt-sync] Sync PR 45009 - Migrate Canvas WebGPU Access tests into WebGPU test directory.
component_majority,bmo_1884828,core,dom: credential management,P4,dev_0060,dev_0060,1,1.0,True,True,True,True,correct,dev_0060|dev_0019|dev_0054|dev_0011|dev_0038|dev_0048|dev_0007|dev_0055|dev_0006|dev_0022,[wpt-sync] Sync PR 45008 - [RWI] Make navigator.identity.get() return DigitalCredential object
component_majority,bmo_1884829,core,disability access apis,P4,dev_0060,dev_0031,4,0.25,False,False,True,True,long_tail_assignee,dev_0031|dev_0007|dev_0009|dev_0060|dev_0019|dev_0054|dev_0011|dev_0038|dev_0048|dev_0055,[wpt-sync] Sync PR 45032 - Move orphaned role tests to tentative file
component_majority,bmo_1884832,core,xpcom,--,dev_0043,dev_0048,3,0.3333333333333333,False,True,True,True,long_tail_assignee,dev_0048|dev_0006|dev_0043|dev_0027|dev_0030|dev_0013|dev_0046|dev_0060|dev_0019|dev_0054,Move CFTypeRefPtr.h to xpcom
component_majority,bmo_1884833,core,dom: credential management,P4,dev_0060,dev_0060,1,1.0,True,True,True,True,correct,dev_0060|dev_0019|dev_0054|dev_0011|dev_0038|dev_0048|dev_0007|dev_0055|dev_0006|dev_0022,[wpt-sync] Sync PR 45033 - Disable digital credential API when called from cross-origin <iframe>
component_majority,bmo_1884836,core,graphics,--,dev_0043,dev_0005,6,0.16666666666666666,False,False,False,True,wrong_assignee,dev_0005|dev_0052|dev_0038|dev_0027|dev_0009|dev_0043|dev_0037|dev_0055|dev_0060|dev_0019,Base graphics support for iOS
component_majority,bmo_1884839,core,dom: networking,P4,dev_0060,dev_0060,1,1.0,True,True,True,True,correct,dev_0060|dev_0019|dev_0054|dev_0011|dev_0038|dev_0048|dev_0007|dev_0055|dev_0006|dev_0022,[wpt-sync] Sync PR 45034 - Add tests
component_majority,bmo_1884840,core,graphics: canvas2d,P4,dev_0060,dev_0038,2,0.5,False,True,True,True,wrong_assignee,dev_0038|dev_0060|dev_0005|dev_0026|dev_0058|dev_0052|dev_0019|dev_0054|dev_0011|dev_0048,"[wpt-sync] Sync PR 45035 - Revert ""Migrate Canvas WebGPU Access tests into WebGPU test directory."""
component_majority,bmo_1884841,core,css parsing and computation,P4,dev_0060,dev_0060,1,1.0,True,True,True,True,correct,dev_0060|dev_0019|dev_0016|dev_0007|dev_0022|dev_0043|dev_0018|dev_0021|dev_0013|dev_0026,[wpt-sync] Sync PR 45036 - [css-values-4] Add viewport unit tests for scrollbars
component_majority,bmo_1884854,firefox,address bar,P3,dev_0001,dev_0001,1,1.0,True,True,True,True,correct,dev_0001|dev_0012|dev_0039|dev_0007|dev_0032|dev_0060|dev_0019|dev_0054|dev_0011|dev_0038,Simplify urlbar weather fetching
component_majority,bmo_1884856,core,dom: core & html,P4,dev_0060,dev_0060,1,1.0,True,True,True,True,correct,dev_0060|dev_0019|dev_0022|dev_0054|dev_0050|dev_0035|dev_0007|dev_0006|dev_0058|dev_0040,[wpt-sync] Sync PR 45023 - Fix sandbox top navigation tests using external URLs.
component_majority,bmo_1884857,core,storage: indexeddb,P4,dev_0060,dev_0060,1,1.0,True,True,True,True,correct,dev_0060|dev_0035|dev_0019|dev_0054|dev_0011|dev_0038|dev_0048|dev_0007|dev_0055|dev_0006,[wpt-sync] Sync PR 44999 - IDB: idbobjectstore_put WPT extended to workers in addition to window.
component_majority,bmo_1884859,core,graphics: imagelib,--,dev_0035,dev_0056,2,0.5,False,True,True,True,wrong_assignee,dev_0056|dev_0035|dev_0005|dev_0019|dev_0043|dev_0060|dev_0054|dev_0011|dev_0038|dev_0048,Update libjxl to new version f06a34c77b1bd11bafbe82989241e68c756ccca2 from 2024-03-11 15:14:53
component_majority,bmo_1884862,core,layout: text and fonts,P4,dev_0060,dev_0060,1,1.0,True,True,True,True,correct,dev_0060|dev_0026|dev_0022|dev_0019|dev_0054|dev_0011|dev_0038|dev_0048|dev_0007|dev_0055,[wpt-sync] Sync PR 45045 - Fuzz Fluent failing wpt tests.
component_majority,bmo_1884870,core,dom: ui events & focus handling,--,dev_0050,dev_0040,4,0.25,False,False,True,True,long_tail_assignee,dev_0040|dev_0007|dev_0017|dev_0050|dev_0019|dev_0060|dev_0054|dev_0011|dev_0038|dev_0048,`iframe` with another `iframe` inside returns a different `activeElement` when is not focussed after the first focus
component_majority,bmo_1884875,core,layout: scrolling and overflow,P4,dev_0060,dev_0060,1,1.0,True,True,True,True,correct,dev_0060|dev_0002|dev_0019|dev_0054|dev_0011|dev_0038|dev_0048|dev_0007|dev_0055|dev_0006,[wpt-sync] Sync PR 44931 - [css-scroll-snap-2] Fix targeted snap point selection
component_majority,bmo_1884879,core,css parsing and computation,--,dev_0019,dev_0060,2,0.5,False,True,True,True,wrong_assignee,dev_0060|dev_0019|dev_0016|dev_0007|dev_0022|dev_0043|dev_0018|dev_0021|dev_0013|dev_0026,"New wpt failures in /css/ [css-nesting/parsing.html, css-syntax/custom-property-rule-ambiguity.html]"
component_majority,bmo_1884880,core,layout: scrolling and overflow,P4,dev_0060,dev_0060,1,1.0,True,True,True,True,correct,dev_0060|dev_0002|dev_0019|dev_0054|dev_0011|dev_0038|dev_0048|dev_0007|dev_0055|dev_0006,[wpt-sync] Sync PR 44938 - [css-scroll-snap-2] Prioritize tree-order among aligned snap targets
component_majority,bmo_1884887,core,javascript: webassembly,P1,dev_0049,dev_0049,1,1.0,True,True,True,True,correct,dev_0049|dev_0025|dev_0060|dev_0019|dev_0054|dev_0011|dev_0038|dev_0048|dev_0007|dev_0055,Exported global with literal initializers and subtyping can change the type of the global after creation
component_majority,bmo_1884906,core,css parsing and computation,P4,dev_0060,dev_0060,1,1.0,True,True,True,True,correct,dev_0060|dev_0019|dev_0016|dev_0007|dev_0022|dev_0043|dev_0018|dev_0021|dev_0013|dev_0026,[wpt-sync] Sync PR 45052 - Apply standard parsing of pseudo-elements for web animations
component_majority,bmo_1884907,core,css parsing and computation,P4,dev_0060,dev_0060,1,1.0,True,True,True,True,correct,dev_0060|dev_0019|dev_0016|dev_0007|dev_0022|dev_0043|dev_0018|dev_0021|dev_0013|dev_0026,[wpt-sync] Sync PR 45054 - [anchor] Order-preserving <try-tactic>
component_majority,bmo_1884908,core,css parsing and computation,P4,dev_0060,dev_0060,1,1.0,True,True,True,True,correct,dev_0060|dev_0019|dev_0016|dev_0007|dev_0022|dev_0043|dev_0018|dev_0021|dev_0013|dev_0026,[wpt-sync] Sync PR 45022 - [css-anchor-position] Fall back to no options applied
component_majority,bmo_1884909,core,layout,P5,dev_0026,dev_0060,,0.0,False,False,False,False,long_tail_assignee,dev_0060|dev_0019|dev_0002|dev_0013|dev_0022|dev_0021|dev_0005|dev_0043|dev_0054|dev_0011,"Perma bugs/1721223-1.html != bugs/1721223-1-notref.html | image comparison, max difference: 0, number of differing pixels: 0"
component_majority,bmo_1884910,core,audio/video: playback,P1,dev_0003,dev_0003,1,1.0,True,True,True,True,correct,dev_0003|dev_0048|dev_0010|dev_0009|dev_0022|dev_0060|dev_0019|dev_0054|dev_0011|dev_0038,The variant `wmf-media-engine` expiration is on 2024-04-10
component_majority,bmo_1884923,firefox,search,P2,dev_0032,dev_0054,2,0.5,False,True,True,True,wrong_assignee,dev_0054|dev_0032|dev_0007|dev_0019|dev_0060|dev_0011|dev_0038|dev_0048|dev_0055|dev_0006,Update search-telemetry-v2 with nonAdsLinkQueryParamNames to extract the redirect URL associated with the load for non ads links on Google
component_majority,bmo_1884936,firefox,screenshots,P1,dev_0045,dev_0045,1,1.0,True,True,True,True,correct,dev_0045|dev_0019|dev_0060|dev_0054|dev_0011|dev_0038|dev_0048|dev_0007|dev_0055|dev_0006,Black lines appear in screenshots
component_majority,bmo_1884946,core,graphics: webgpu,P1,dev_0018,dev_0018,1,1.0,True,True,True,True,correct,dev_0018|dev_0052|dev_0038|dev_0009|dev_0027|dev_0060|dev_0019|dev_0054|dev_0011|dev_0048,Update WGPU to `trunk` upstream (week of 2024-03-11)
component_majority,bmo_1884952,firefox,search,P2,dev_0054,dev_0054,1,1.0,True,True,True,True,correct,dev_0054|dev_0032|dev_0007|dev_0019|dev_0060|dev_0011|dev_0038|dev_0048|dev_0055|dev_0006,Add support for downloading new search engine icons from remote settings
component_majority,bmo_1884958,core,javascript engine,P3,dev_0042,dev_0006,6,0.16666666666666666,False,False,False,True,wrong_assignee,dev_0006|dev_0004|dev_0025|dev_0053|dev_0024|dev_0042|dev_0059|dev_0050|dev_0058|dev_0060,"Assertion failure: idval.isSymbol(), at /js/src/vm/Interpreter-inl.h:561"
component_majority,bmo_1884970,firefox,tabbed browser,P1,dev_0007,dev_0015,2,0.5,False,True,True,True,wrong_assignee,dev_0015|dev_0007|dev_0041|dev_0039|dev_0006|dev_0019|dev_0060|dev_0054|dev_0011|dev_0038,Close current tab button is missing an accessible name and role
component_majority,bmo_1884981,firefox,firefox view,P2,dev_0007,dev_0047,3,0.3333333333333333,False,True,True,True,long_tail_assignee,dev_0047|dev_0033|dev_0007|dev_0060|dev_0019|dev_0054|dev_0011|dev_0038|dev_0048|dev_0055,Import history from another browser section on Firefox View History tab would not announce the context for buttons on it
component_majority,bmo_1884984,core,dom: security,P4,dev_0060,dev_0060,1,1.0,True,True,True,True,correct,dev_0060|dev_0058|dev_0019|dev_0054|dev_0011|dev_0038|dev_0048|dev_0007|dev_0055|dev_0006,[wpt-sync] Sync PR 45058 - WebKit export of https://bugs.webkit.org/show_bug.cgi?id=267692
component_majority,bmo_1884986,firefox,firefox view,P2,dev_0007,dev_0047,3,0.3333333333333333,False,True,True,True,long_tail_assignee,dev_0047|dev_0033|dev_0007|dev_0060|dev_0019|dev_0054|dev_0011|dev_0038|dev_0048|dev_0055,Empty card on Firefox View Tabs From Other Devices tab would not announce the context for its button
component_majority,bmo_1884989,core,graphics: canvas2d,P4,dev_0060,dev_0038,2,0.5,False,True,True,True,wrong_assignee,dev_0038|dev_0060|dev_0005|dev_0026|dev_0058|dev_0052|dev_0019|dev_0054|dev_0011|dev_0048,"[wpt-sync] Sync PR 45059 - Reland ""Migrate Canvas WebGPU Access tests into WebGPU test directory."""
component_majority,bmo_1885005,core,graphics: canvaswebgl,P1,dev_0027,dev_0027,1,1.0,True,True,True,True,correct,dev_0027|dev_0060|dev_0019|dev_0054|dev_0011|dev_0038|dev_0048|dev_0007|dev_0055|dev_0006,Update dom/canvas/test/webgl-conf webgl cts tests to 2024Apr
component_majority,bmo_1885017,core,layout,P4,dev_0060,dev_0060,1,1.0,True,True,True,True,correct,dev_0060|dev_0019|dev_0002|dev_0013|dev_0022|dev_0021|dev_0005|dev_0043|dev_0054|dev_0011,[wpt-sync] Sync PR 45064 - Make clicking only selected option in multi-select deselect it
component_majority,bmo_1885021,core,dom: core & html,P4,dev_0060,dev_0060,1,1.0,True,True,True,True,correct,dev_0060|dev_0019|dev_0022|dev_0054|dev_0050|dev_0035|dev_0007|dev_0006|dev_0058|dev_0040,[wpt-sync] Sync PR 45065 - content: Don't populate activation info for cross-origin redirects.
component_majority,bmo_1885025,core,dom: credential management,P4,dev_0060,dev_0060,1,1.0,True,True,True,True,correct,dev_0060|dev_0019|dev_0054|dev_0011|dev_0038|dev_0048|dev_0007|dev_0055|dev_0006|dev_0022,[wpt-sync] Sync PR 45066 - [FedCM] Don't send SameSite=Strict cookies for FedCM requests
component_majority,bmo_1885026,core,audio/video: playback,P1,dev_0003,dev_0003,1,1.0,True,True,True,True,correct,dev_0003|dev_0048|dev_0010|dev_0009|dev_0022|dev_0060|dev_0019|dev_0054|dev_0011|dev_0038,Don't show warning for `NS_ERROR_DOM_MEDIA_EXTERNAL_ENGINE_NOT_SUPPORTED_ERR`
component_majority,bmo_1885028,core,graphics: canvaswebgl,P1,dev_0027,dev_0027,1,1.0,True,True,True,True,correct,dev_0027|dev_0060|dev_0019|dev_0054|dev_0011|dev_0038|dev_0048|dev_0007|dev_0055|dev_0006,WebGL should use ParamTraits_TiedFields not PlainOldDataSerializer
component_majority,bmo_1885032,core,graphics: canvaswebgl,--,dev_0027,dev_0027,1,1.0,True,True,True,True,correct,dev_0027|dev_0060|dev_0019|dev_0054|dev_0011|dev_0038|dev_0048|dev_0007|dev_0055|dev_0006,Implement EXT_depth_clamp
component_majority,bmo_1885051,core,dom: core & html,P4,dev_0060,dev_0060,1,1.0,True,True,True,True,correct,dev_0060|dev_0019|dev_0022|dev_0054|dev_0050|dev_0035|dev_0007|dev_0006|dev_0058|dev_0040,[wpt-sync] Sync PR 45069 - Don't run button popover code when default is handled
component_majority,bmo_1885052,core,layout,P4,dev_0060,dev_0060,1,1.0,True,True,True,True,correct,dev_0060|dev_0019|dev_0002|dev_0013|dev_0022|dev_0021|dev_0005|dev_0043|dev_0054|dev_0011,[wpt-sync] Sync PR 45070 - [aspect-ratio] Fix aspect-ratio under-invalidation.
component_majority,bmo_1885053,core,css parsing and computation,P4,dev_0060,dev_0060,1,1.0,True,True,True,True,correct,dev_0060|dev_0019|dev_0016|dev_0007|dev_0022|dev_0043|dev_0018|dev_0021|dev_0013|dev_0026,[wpt-sync] Sync PR 45071 - [anchor] Generate flips using the try-tactics layer
component_majority,bmo_1885059,core,css parsing and computation,P4,dev_0060,dev_0060,1,1.0,True,True,True,True,correct,dev_0060|dev_0019|dev_0016|dev_0007|dev_0022|dev_0043|dev_0018|dev_0021|dev_0013|dev_0026,[wpt-sync] Sync PR 45073 - Add tests of Oklab and Oklch with lightness 99.9999%
component_majority,bmo_1885061,core,audio/video,--,dev_0043,dev_0010,3,0.3333333333333333,False,True,True,True,long_tail_assignee,dev_0010|dev_0022|dev_0043|dev_0003|dev_0060|dev_0019|dev_0054|dev_0011|dev_0038|dev_0048,dom/media/platforms/apple/AppleVTDecoder.cpp:10:10: fatal error: 'IOSurface/IOSurface.h' file not found
component_majority,bmo_1885063,core,css parsing and computation,P4,dev_0060,dev_0060,1,1.0,True,True,True,True,correct,dev_0060|dev_0019|dev_0016|dev_0007|dev_0022|dev_0043|dev_0018|dev_0021|dev_0013|dev_0026,[wpt-sync] Sync PR 45074 - Fix vertical alignment at the root of an IFC
component_majority,bmo_1885065,core,dom: networking,P4,dev_0060,dev_0060,1,1.0,True,True,True,True,correct,dev_0060|dev_0019|dev_0054|dev_0011|dev_0038|dev_0048|dev_0007|dev_0055|dev_0006|dev_0022,"[wpt-sync] Sync PR 45075 - Reapply ""Reapply ""ReadableStream should be cancelled on aborting fetch streaming upload"""""
component_majority,bmo_1885078,core,dom: workers,P4,dev_0060,dev_0030,2,0.5,False,True,True,True,wrong_assignee,dev_0030|dev_0060|dev_0006|dev_0019|dev_0054|dev_0011|dev_0038|dev_0048|dev_0007|dev_0055,[wpt-sync] Sync PR 44990 - Pluralize Sec-CH-UA-Form-Factor/formFactor
component_majority,bmo_1885088,core,javascript engine,P1,dev_0006,dev_0006,1,1.0,True,True,True,True,correct,dev_0006|dev_0004|dev_0025|dev_0053|dev_0024|dev_0042|dev_0059|dev_0050|dev_0058|dev_0060,"Assertion failure: input.options.lineno != 0 (Module cannot be compiled with lineNumber == 0), at frontend/BytecodeCompiler.cpp:1148"
component_majority,bmo_1885092,core,layout: block and inline,P4,dev_0060,dev_0060,1,1.0,True,True,True,True,correct,dev_0060|dev_0002|dev_0019|dev_0054|dev_0011|dev_0038|dev_0048|dev_0007|dev_0055|dev_0006,[wpt-sync] Sync PR 45077 - text-box-trim: Handle the start side's inline box
component_majority,bmo_1885107,core,dom: core & html,P4,dev_0060,dev_0060,1,1.0,True,True,True,True,correct,dev_0060|dev_0019|dev_0022|dev_0054|dev_0050|dev_0035|dev_0007|dev_0006|dev_0058|dev_0040,[wpt-sync] Sync PR 45079 - [Invokers] Only dispatch invoke for built-ins or actions containing '-'
component_majority,bmo_1885114,core,javascript: gc,P3,dev_0024,dev_0024,1,1.0,True,True,True,True,correct,dev_0024|dev_0053|dev_0025|dev_0060|dev_0019|dev_0054|dev_0011|dev_0038|dev_0048|dev_0007,Zone class memory is not added to heap size measurements
component_majority,bmo_1885116,core,dom: core & html,P4,dev_0060,dev_0060,1,1.0,True,True,True,True,correct,dev_0060|dev_0019|dev_0022|dev_0054|dev_0050|dev_0035|dev_0007|dev_0006|dev_0058|dev_0040,[wpt-sync] Sync PR 45080 - [PEPC] Add restrictions to word-spacing for PEPC
component_majority,bmo_1885117,core,gecko profiler,--,dev_0048,dev_0019,3,0.3333333333333333,False,True,True,True,long_tail_assignee,dev_0019|dev_0043|dev_0048|dev_0060|dev_0054|dev_0011|dev_0038|dev_0007|dev_0055|dev_0006,Teach MicroGeckoProfiler.h to capture stacks
component_majority,bmo_1885119,core,dom: core & html,P4,dev_0060,dev_0060,1,1.0,True,True,True,True,correct,dev_0060|dev_0019|dev_0022|dev_0054|dev_0050|dev_0035|dev_0007|dev_0006|dev_0058|dev_0040,[wpt-sync] Sync PR 45081 - Add insertion-step test for MutationObserver.takeRecords
component_majority,bmo_1885121,firefox,search,P2,dev_0054,dev_0054,1,1.0,True,True,True,True,correct,dev_0054|dev_0032|dev_0007|dev_0019|dev_0060|dev_0011|dev_0038|dev_0048|dev_0055|dev_0006,Fix a few more tests that are broken with search-config-v2 enabled
component_majority,bmo_1885134,firefox,firefox view,P3,dev_0033,dev_0047,2,0.5,False,True,True,True,wrong_assignee,dev_0047|dev_0033|dev_0007|dev_0060|dev_0019|dev_0054|dev_0011|dev_0038|dev_0048|dev_0055,Firefox View selected and focused category is displayed with extra border frame
component_majority,bmo_1885136,core,css parsing and computation,--,dev_0019,dev_0060,2,0.5,False,True,True,True,wrong_assignee,dev_0060|dev_0019|dev_0016|dev_0007|dev_0022|dev_0043|dev_0018|dev_0021|dev_0013|dev_0026,Allow servo to not start the style traversal from outside the thread pool.
component_majority,bmo_1885146,firefox,tabbed browser,P2,dev_0015,dev_0015,1,1.0,True,True,True,True,correct,dev_0015|dev_0007|dev_0041|dev_0039|dev_0006|dev_0019|dev_0060|dev_0054|dev_0011|dev_0038,Tab hover preview panel colors don't integrate well with themes
component_majority,bmo_1885162,core,dom: core & html,P4,dev_0060,dev_0060,1,1.0,True,True,True,True,correct,dev_0060|dev_0019|dev_0022|dev_0054|dev_0050|dev_0035|dev_0007|dev_0006|dev_0058|dev_0040,[wpt-sync] Sync PR 45085 - WPT: Script child removal does not trigger execution
component_majority,bmo_1885178,core,dom: animation,P4,dev_0060,dev_0060,1,1.0,True,True,True,True,correct,dev_0060|dev_0022|dev_0019|dev_0037|dev_0054|dev_0011|dev_0038|dev_0048|dev_0007|dev_0055,"[wpt-sync] Sync PR 45021 - Reland ""Skip static animations on compositor and main"""
component_majority,bmo_1885190,core,css parsing and computation,P4,dev_0060,dev_0060,1,1.0,True,True,True,True,correct,dev_0060|dev_0019|dev_0016|dev_0007|dev_0022|dev_0043|dev_0018|dev_0021|dev_0013|dev_0026,[wpt-sync] Sync PR 45087 - [css-color] rgba and hsla relative colors are valid
component_majority,bmo_1885193,firefox,search,P2,dev_0054,dev_0054,1,1.0,True,True,True,True,correct,dev_0054|dev_0032|dev_0007|dev_0019|dev_0060|dev_0011|dev_0038|dev_0048|dev_0055|dev_0006,Update mozilla-central copy of search-config-overrides-v2.json
component_majority,bmo_1885197,core,graphics,--,dev_0009,dev_0005,5,0.2,False,False,True,True,wrong_assignee,dev_0005|dev_0052|dev_0038|dev_0027|dev_0009|dev_0043|dev_0037|dev_0055|dev_0060|dev_0019,DeviceManagerDx::GetDXGIAdapterLocked needs to recreate the adapter in response to hot-plugging another monitor
component_majority,bmo_1885201,core,graphics: canvaswebgl,P1,dev_0027,dev_0027,1,1.0,True,True,True,True,correct,dev_0027|dev_0060|dev_0019|dev_0054|dev_0011|dev_0038|dev_0048|dev_0007|dev_0055|dev_0006,WebGLChild::FlushPendingCmds merely MOZ_ASSERTs non-null GetCurrentSerialEventTarget()
component_majority,bmo_1885208,core,css parsing and computation,P4,dev_0060,dev_0060,1,1.0,True,True,True,True,correct,dev_0060|dev_0019|dev_0016|dev_0007|dev_0022|dev_0043|dev_0018|dev_0021|dev_0013|dev_0026,[wpt-sync] Sync PR 45089 - [css-scroll-snap-2] Mark obsolete SnapEvent interface as deprecated.
component_majority,bmo_1885209,core,graphics: imagelib,--,dev_0056,dev_0056,1,1.0,True,True,True,True,correct,dev_0056|dev_0035|dev_0005|dev_0019|dev_0043|dev_0060|dev_0054|dev_0011|dev_0038|dev_0048,"Assertion failure: aInFormat == gfx::SurfaceFormat::R8G8B8 || aInFormat == gfx::SurfaceFormat::R8G8B8A8 || aInFormat == gfx::SurfaceFormat::R8G8B8X8 || aInFormat == gfx::SurfaceFormat::OS_RGBA || aInFormat == gfx::SurfaceFormat::OS_RGBX, at /builds/worker"
component_majority,bmo_1885213,core,css parsing and computation,P4,dev_0060,dev_0060,1,1.0,True,True,True,True,correct,dev_0060|dev_0019|dev_0016|dev_0007|dev_0022|dev_0043|dev_0018|dev_0021|dev_0013|dev_0026,[wpt-sync] Sync PR 45090 - End ongoing IFC when inserting anonymous block-level table
component_majority,bmo_1885215,core,css parsing and computation,P4,dev_0060,dev_0060,1,1.0,True,True,True,True,correct,dev_0060|dev_0019|dev_0016|dev_0007|dev_0022|dev_0043|dev_0018|dev_0021|dev_0013|dev_0026,[wpt-sync] Sync PR 44939 - Add support for auto keyword in CSS calc-size().
component_majority,bmo_1885216,core,layout: grid,P4,dev_0060,dev_0060,1,1.0,True,True,True,True,correct,dev_0060|dev_0013|dev_0002|dev_0019|dev_0054|dev_0011|dev_0038|dev_0048|dev_0007|dev_0055,[wpt-sync] Sync PR 45091 - Use clearer variable names in grid WPT to avoid spurious MISSING test results.
component_majority,bmo_1885218,core,security: process sandboxing,P1,dev_0028,dev_0028,1,1.0,True,True,True,True,correct,dev_0028|dev_0023|dev_0019|dev_0060|dev_0054|dev_0011|dev_0038|dev_0048|dev_0007|dev_0055,Add more logging for fatal errors in sandboxed process launch on Linux
component_majority,bmo_1885220,core,css parsing and computation,P4,dev_0060,dev_0060,1,1.0,True,True,True,True,correct,dev_0060|dev_0019|dev_0016|dev_0007|dev_0022|dev_0043|dev_0018|dev_0021|dev_0013|dev_0026,[wpt-sync] Sync PR 45092 - Add borders to (ok)lab L over 100% tests
component_majority,bmo_1885223,core,dom: events,--,dev_0017,dev_0060,2,0.5,False,True,True,True,wrong_assignee,dev_0060|dev_0017|dev_0040|dev_0019|dev_0022|dev_0054|dev_0011|dev_0038|dev_0048|dev_0007,Failing WPTs in /pointerevents/pointerevent_after_target_appended.html?mouse
component_majority,bmo_1885224,core,css parsing and computation,P4,dev_0060,dev_0060,1,1.0,True,True,True,True,correct,dev_0060|dev_0019|dev_0016|dev_0007|dev_0022|dev_0043|dev_0018|dev_0021|dev_0013|dev_0026,[wpt-sync] Sync PR 45093 - Allow finishing anonymous inline-table at the end of inline elements
component_majority,bmo_1885229,core,dom: core & html,P4,dev_0060,dev_0060,1,1.0,True,True,True,True,correct,dev_0060|dev_0019|dev_0022|dev_0054|dev_0050|dev_0035|dev_0007|dev_0006|dev_0058|dev_0040,[wpt-sync] Sync PR 45094 - DOM: Correct script-in-script atomic move WPT expectations
component_majority,bmo_1885232,core,dom: ui events & focus handling,--,dev_0040,dev_0040,1,1.0,True,True,True,True,correct,dev_0040|dev_0007|dev_0017|dev_0050|dev_0019|dev_0060|dev_0054|dev_0011|dev_0038|dev_0048,Failing WPTs in /pointerevents/pointerevent_click_during_capture.html?mouse-[click|auxclick]
component_majority,bmo_1885236,core,dom: core & html,P4,dev_0060,dev_0060,1,1.0,True,True,True,True,correct,dev_0060|dev_0019|dev_0022|dev_0054|dev_0050|dev_0035|dev_0007|dev_0006|dev_0058|dev_0040,[wpt-sync] Sync PR 45096 - Implement <selectedoption> for StylableSelect
component_majority,bmo_1885238,core,graphics: webgpu,P1,dev_0018,dev_0018,1,1.0,True,True,True,True,correct,dev_0018|dev_0052|dev_0038|dev_0009|dev_0027|dev_0060|dev_0019|dev_0054|dev_0011|dev_0048,GPUCompilationInfo positions wrong
component_majority,bmo_1885245,core,ipc,P1,dev_0027,dev_0028,3,0.3333333333333333,False,True,True,True,long_tail_assignee,dev_0028|dev_0046|dev_0027|dev_0017|dev_0060|dev_0019|dev_0054|dev_0011|dev_0038|dev_0048,Remove PlainOldDataSerializer
component_majority,bmo_1885246,core,ipc,P1,dev_0027,dev_0028,3,0.3333333333333333,False,True,True,True,long_tail_assignee,dev_0028|dev_0046|dev_0027|dev_0017|dev_0060|dev_0019|dev_0054|dev_0011|dev_0038|dev_0048,Remove PlainOldDataSerializer except in gfx/vr and gfx/layers/wr
component_majority,bmo_1885249,core,dom: ui events & focus handling,--,dev_0017,dev_0040,3,0.3333333333333333,False,True,True,True,long_tail_assignee,dev_0040|dev_0007|dev_0017|dev_0050|dev_0019|dev_0060|dev_0054|dev_0011|dev_0038|dev_0048,Failing WPTs in /pointerevents/pointerevent_mouse_capture_change_hover.html
component_majority,bmo_1885251,core,panning and zooming,P3,dev_0022,dev_0056,,0.0,False,False,False,False,long_tail_assignee,dev_0056|dev_0040|dev_0060|dev_0019|dev_0054|dev_0011|dev_0038|dev_0048|dev_0007|dev_0055,"Have the ""Zoom on all websites"" setting force-enable pinch zooming on sites that disable it using `touch-action` values, other than `touch-action: none`"
component_majority,bmo_1885252,core,storage: indexeddb,P4,dev_0060,dev_0060,1,1.0,True,True,True,True,correct,dev_0060|dev_0035|dev_0019|dev_0054|dev_0011|dev_0038|dev_0048|dev_0007|dev_0055|dev_0006,[wpt-sync] Sync PR 45098 - IDB: idbobjectstore_delete WPT extended to workers in addition to window
component_majority,bmo_1885254,core,layout,P4,dev_0060,dev_0060,1,1.0,True,True,True,True,correct,dev_0060|dev_0019|dev_0002|dev_0013|dev_0022|dev_0021|dev_0005|dev_0043|dev_0054|dev_0011,[wpt-sync] Sync PR 45099 - Make css grid not push content too far into next fragmentainer
component_majority,bmo_1885258,core,layout: text and fonts,--,dev_0057,dev_0060,,0.0,False,False,False,False,long_tail_assignee,dev_0060|dev_0026|dev_0022|dev_0019|dev_0054|dev_0011|dev_0038|dev_0048|dev_0007|dev_0055,Remove the IsHidden Exemption for Font Allowlist
component_majority,bmo_1885259,core,dom: ui events & focus handling,P1,dev_0040,dev_0040,1,1.0,True,True,True,True,correct,dev_0040|dev_0007|dev_0017|dev_0050|dev_0019|dev_0060|dev_0054|dev_0011|dev_0038|dev_0048,Crash in [@ nsCOMPtr<T>::get | nsCOMPtr<T>::operator nsIContent* | nsIFrame::GetContent]
component_majority,bmo_1885264,firefox,address bar,P5,dev_0001,dev_0001,1,1.0,True,True,True,True,correct,dev_0001|dev_0012|dev_0039|dev_0007|dev_0032|dev_0060|dev_0019|dev_0054|dev_0011|dev_0038,Intermittent browser/components/urlbar/tests/quicksuggest/browser/browser_weather.js | single tracking bug
component_majority,bmo_1885290,core,dom: core & html,P4,dev_0060,dev_0060,1,1.0,True,True,True,True,correct,dev_0060|dev_0019|dev_0022|dev_0054|dev_0050|dev_0035|dev_0007|dev_0006|dev_0058|dev_0040,"[wpt-sync] Sync PR 45103 - Revert ""Add HandleInvokeInternal on HTMLDialogElement"""
component_majority,bmo_1885302,firefox,search,P3,dev_0054,dev_0054,1,1.0,True,True,True,True,correct,dev_0054|dev_0032|dev_0007|dev_0019|dev_0060|dev_0011|dev_0038|dev_0048|dev_0055|dev_0006,Fix jsdoc @type documentation issues in search code
component_majority,bmo_1885306,firefox,pdf viewer,--,dev_0011,dev_0011,1,1.0,True,True,True,True,correct,dev_0011|dev_0060|dev_0019|dev_0054|dev_0038|dev_0048|dev_0007|dev_0055|dev_0006|dev_0022,Update PDF.js to new version 30e69956db3110b4a14d24af9f3ee74ae1ea03a7 from 2024-03-12 17:24:37
component_majority,bmo_1885309,core,networking: jar,P2,dev_0034,dev_0059,,0.0,False,False,False,False,long_tail_assignee,dev_0059|dev_0060|dev_0019|dev_0054|dev_0011|dev_0038|dev_0048|dev_0007|dev_0055|dev_0006,Extend zero_byte_length telemetry to include mjs files
component_majority,bmo_1885333,core,layout: text and fonts,P4,dev_0060,dev_0060,1,1.0,True,True,True,True,correct,dev_0060|dev_0026|dev_0022|dev_0019|dev_0054|dev_0011|dev_0038|dev_0048|dev_0007|dev_0055,[wpt-sync] Sync PR 45105 - Make trailing space hanging behavior depend on the item's style
component_majority,bmo_1885337,core,javascript: standard library,P2,dev_0004,dev_0004,1,1.0,True,True,True,True,correct,dev_0004|dev_0060|dev_0019|dev_0054|dev_0011|dev_0038|dev_0048|dev_0007|dev_0055|dev_0006,Initial implementation of Uint8Array to/from base64 proposal
component_majority,bmo_1885350,core,audio/video: playback,P1,dev_0003,dev_0003,1,1.0,True,True,True,True,correct,dev_0003|dev_0048|dev_0010|dev_0009|dev_0022|dev_0060|dev_0019|dev_0054|dev_0011|dev_0038,navigator.requestMediaKeySystemAccess > 1000x slowdown
component_majority,bmo_1885365,core,graphics: canvas2d,P3,dev_0005,dev_0038,3,0.3333333333333333,False,True,True,True,wrong_assignee,dev_0038|dev_0060|dev_0005|dev_0026|dev_0058|dev_0052|dev_0019|dev_0054|dev_0011|dev_0048,Improve canvas error throwing for draw target creation failures
component_majority,bmo_1885366,firefox,profile backup,P3,dev_0041,dev_0060,,0.0,False,False,False,False,cold_start_component,dev_0060|dev_0019|dev_0054|dev_0011|dev_0038|dev_0048|dev_0007|dev_0055|dev_0006|dev_0022,Make sure the BackupResource class exists in source docs
component_majority,bmo_1885372,firefox,profile backup,P1,dev_0041,dev_0060,,0.0,False,False,False,False,cold_start_component,dev_0060|dev_0019|dev_0054|dev_0011|dev_0038|dev_0048|dev_0007|dev_0055|dev_0006|dev_0022,Implement a basic `createBackup` method on BackupService
component_majority,bmo_1885376,core,graphics: webrender,--,dev_0009,dev_0043,3,0.3333333333333333,False,True,True,True,wrong_assignee,dev_0043|dev_0056|dev_0009|dev_0038|dev_0037|dev_0005|dev_0060|dev_0019|dev_0054|dev_0011,6.2% ts_paint_webext (Windows) regression on Thu March 7 2024
component_majority,bmo_1885388,core,css parsing and computation,P4,dev_0060,dev_0060,1,1.0,True,True,True,True,correct,dev_0060|dev_0019|dev_0016|dev_0007|dev_0022|dev_0043|dev_0018|dev_0021|dev_0013|dev_0026,[wpt-sync] Sync PR 45106 - [css-anchor-position] Limit position options list to five
component_majority,bmo_1885390,core,dom: credential management,P4,dev_0060,dev_0060,1,1.0,True,True,True,True,correct,dev_0060|dev_0019|dev_0054|dev_0011|dev_0038|dev_0048|dev_0007|dev_0055|dev_0006|dev_0022,[wpt-sync] Sync PR 45107 - [FedCM] Enable CORS in ID assertion endpoint
component_majority,bmo_1885396,core,audio/video: playback,P1,dev_0003,dev_0003,1,1.0,True,True,True,True,correct,dev_0003|dev_0048|dev_0010|dev_0009|dev_0022|dev_0060|dev_0019|dev_0054|dev_0011|dev_0038,[wmfme] disable media engine pref on Dev Edition
component_majority,bmo_1885401,core,javascript engine,--,dev_0006,dev_0006,1,1.0,True,True,True,True,correct,dev_0006|dev_0004|dev_0025|dev_0053|dev_0024|dev_0042|dev_0059|dev_0050|dev_0058|dev_0060,JSString::dumpCharsNoQuote stack exhaustion
component_majority,bmo_1885403,firefox,profile backup,--,dev_0041,dev_0060,,0.0,False,False,False,False,cold_start_component,dev_0060|dev_0019|dev_0054|dev_0011|dev_0038|dev_0048|dev_0007|dev_0055|dev_0006|dev_0022,Add legacy telemetry mirror for browser.backup.prof_d_disk_space Glean probe
component_majority,bmo_1885409,core,css parsing and computation,P4,dev_0060,dev_0060,1,1.0,True,True,True,True,correct,dev_0060|dev_0019|dev_0016|dev_0007|dev_0022|dev_0043|dev_0018|dev_0021|dev_0013|dev_0026,[wpt-sync] Sync PR 45109 - [css-scroll-snap-2] Switch snapchanged to updated SnapEvent interface
component_majority,bmo_1885412,core,layout,P4,dev_0060,dev_0060,1,1.0,True,True,True,True,correct,dev_0060|dev_0019|dev_0002|dev_0013|dev_0022|dev_0021|dev_0005|dev_0043|dev_0054|dev_0011,[wpt-sync] Sync PR 45111 - Add new print mode grid overflow test
component_majority,bmo_1885416,core,dom: credential management,P4,dev_0060,dev_0060,1,1.0,True,True,True,True,correct,dev_0060|dev_0019|dev_0054|dev_0011|dev_0038|dev_0048|dev_0007|dev_0055|dev_0006|dev_0022,[wpt-sync] Sync PR 45112 - [FedCM] Don't allow popups for mediation:silent or without user gesture
component_majority,bmo_1885441,core,css parsing and computation,P4,dev_0060,dev_0060,1,1.0,True,True,True,True,correct,dev_0060|dev_0019|dev_0016|dev_0007|dev_0022|dev_0043|dev_0018|dev_0021|dev_0013|dev_0026,[wpt-sync] Sync PR 45114 - [css-scroll-snap-2] Switch snapchanging to updated SnapEvents interface
component_majority,bmo_1885443,core,javascript engine,--,dev_0024,dev_0006,5,0.2,False,False,True,True,wrong_assignee,dev_0006|dev_0004|dev_0025|dev_0053|dev_0024|dev_0042|dev_0059|dev_0050|dev_0058|dev_0060,"Assertion failure: mModuleScript->HadImportMap() == childScript->HadImportMap(), at /builds/worker/checkouts/gecko/js/loader/ModuleLoadRequest.cpp:219"
component_majority,bmo_1885446,core,graphics: canvaswebgl,P2,dev_0009,dev_0027,,0.0,False,False,False,False,long_tail_assignee,dev_0027|dev_0060|dev_0019|dev_0054|dev_0011|dev_0038|dev_0048|dev_0007|dev_0055|dev_0006,webgl.unpackColorSpace not supported
component_majority,bmo_1885447,core,graphics: color management,P1,dev_0027,dev_0043,2,0.5,False,True,True,True,long_tail_assignee,dev_0043|dev_0027|dev_0060|dev_0019|dev_0054|dev_0011|dev_0038|dev_0048|dev_0007|dev_0055,Tonemap/color-manage webgl sdr/wcg output into Display profile as pre-compositor post-process.
component_majority,bmo_1885451,core,graphics: webrender,P2,dev_0009,dev_0043,3,0.3333333333333333,False,True,True,True,wrong_assignee,dev_0043|dev_0056|dev_0009|dev_0038|dev_0037|dev_0005|dev_0060|dev_0019|dev_0054|dev_0011,ExternalSurfaces can't be relied on to reach e.g. DCLayerTree
component_majority,bmo_1885475,core,javascript engine,P1,dev_0006,dev_0006,1,1.0,True,True,True,True,correct,dev_0006|dev_0004|dev_0025|dev_0053|dev_0024|dev_0042|dev_0059|dev_0050|dev_0058|dev_0060,[loongarch] Failed to dumpValue for floating-point value
component_majority,bmo_1885489,core,javascript engine: jit,P1,dev_0004,dev_0004,1,1.0,True,True,True,True,correct,dev_0004|dev_0025|dev_0042|dev_0024|dev_0060|dev_0019|dev_0054|dev_0011|dev_0038|dev_0048,"Assertion failure: isInt32(), at js/Value.h:942"
component_majority,bmo_1885490,core,graphics,--,dev_0052,dev_0005,2,0.5,False,True,True,True,wrong_assignee,dev_0005|dev_0052|dev_0038|dev_0027|dev_0009|dev_0043|dev_0037|dev_0055|dev_0060|dev_0019,Add a capability to disable RemoteTexture recycling
component_majority,bmo_1885491,core,graphics: canvaswebgl,P1,dev_0027,dev_0027,1,1.0,True,True,True,True,correct,dev_0027|dev_0060|dev_0019|dev_0054|dev_0011|dev_0038|dev_0048|dev_0007|dev_0055|dev_0006,Ship webgl.drawingBufferColorSpace
component_majority,bmo_1885500,core,graphics: webgpu,--,dev_0052,dev_0018,2,0.5,False,True,True,True,wrong_assignee,dev_0018|dev_0052|dev_0038|dev_0009|dev_0027|dev_0060|dev_0019|dev_0054|dev_0011|dev_0048,"[WebGPU] with sw-wr and dx12-no-readback, webgpu demo  will crash the whole browser"
component_majority,bmo_1885502,core,dom: core & html,P4,dev_0060,dev_0060,1,1.0,True,True,True,True,correct,dev_0060|dev_0019|dev_0022|dev_0054|dev_0050|dev_0035|dev_0007|dev_0006|dev_0058|dev_0040,[wpt-sync] Sync PR 45119 - Avoid firing blur & focusout events when removing a node
component_majority,bmo_1885505,firefox,pdf viewer,P1,dev_0011,dev_0011,1,1.0,True,True,True,True,correct,dev_0011|dev_0060|dev_0019|dev_0054|dev_0038|dev_0048|dev_0007|dev_0055|dev_0006|dev_0022,Screen readers will not read highlighted text inside a PDF
component_majority,bmo_1885507,core,css parsing and computation,P4,dev_0060,dev_0060,1,1.0,True,True,True,True,correct,dev_0060|dev_0019|dev_0016|dev_0007|dev_0022|dev_0043|dev_0018|dev_0021|dev_0013|dev_0026,[wpt-sync] Sync PR 45120 - [css-position-anchor] anchor-default -> position-anchor
component_majority,bmo_1885521,core,widget: gtk,--,dev_0019,dev_0055,2,0.5,False,True,True,True,wrong_assignee,dev_0055|dev_0019|dev_0013|dev_0060|dev_0054|dev_0011|dev_0038|dev_0048|dev_0007|dev_0006,"Use GetWidgetScreen in Element.screen, so as to make it work on Wayland."
component_majority,bmo_1885526,core,css parsing and computation,P4,dev_0060,dev_0060,1,1.0,True,True,True,True,correct,dev_0060|dev_0019|dev_0016|dev_0007|dev_0022|dev_0043|dev_0018|dev_0021|dev_0013|dev_0026,[wpt-sync] Sync PR 45122 - View-transitions should only be allowed when page is visible
component_majority,bmo_1885529,core,networking: dns,P2,dev_0059,dev_0059,1,1.0,True,True,True,True,correct,dev_0059|dev_0060|dev_0019|dev_0054|dev_0011|dev_0038|dev_0048|dev_0007|dev_0055|dev_0006,Investigate increase in DNS queueing time with native HTTPS records
component_majority,bmo_1885545,core,css parsing and computation,P4,dev_0060,dev_0060,1,1.0,True,True,True,True,correct,dev_0060|dev_0019|dev_0016|dev_0007|dev_0022|dev_0043|dev_0018|dev_0021|dev_0013|dev_0026,[wpt-sync] Sync PR 45125 - Fix separator handling for legacy syntax colors
component_majority,bmo_1885546,core,graphics: canvas2d,P4,dev_0060,dev_0038,2,0.5,False,True,True,True,wrong_assignee,dev_0038|dev_0060|dev_0005|dev_0026|dev_0058|dev_0052|dev_0019|dev_0054|dev_0011|dev_0048,[wpt-sync] Sync PR 45126 - CanvasGradient addColorStop supports color-mix
component_majority,bmo_1885548,core,css parsing and computation,P4,dev_0060,dev_0060,1,1.0,True,True,True,True,correct,dev_0060|dev_0019|dev_0016|dev_0007|dev_0022|dev_0043|dev_0018|dev_0021|dev_0013|dev_0026,[wpt-sync] Sync PR 45127 - Simplify control flow in parts of ColorFunctionParser
component_majority,bmo_1885549,core,dom: core & html,P4,dev_0060,dev_0060,1,1.0,True,True,True,True,correct,dev_0060|dev_0019|dev_0022|dev_0054|dev_0050|dev_0035|dev_0007|dev_0006|dev_0058|dev_0040,"[wpt-sync] Sync PR 45124 - Revert ""[PEPC] Add restrictions to word-spacing for PEPC"""
component_majority,bmo_1885558,core,dom: animation,P4,dev_0060,dev_0060,1,1.0,True,True,True,True,correct,dev_0060|dev_0022|dev_0019|dev_0037|dev_0054|dev_0011|dev_0038|dev_0048|dev_0007|dev_0055,[wpt-sync] Sync PR 45129 - Port flaky animations/reponsive tests to WPT
component_majority,bmo_1885598,core,dom: navigation,--,dev_0057,dev_0046,,0.0,False,False,False,False,long_tail_assignee,dev_0046|dev_0019|dev_0022|dev_0058|dev_0060|dev_0054|dev_0011|dev_0038|dev_0048|dev_0007,Improve and Clean up some privileged-mozilla-content-process code
component_majority,bmo_1885600,core,dom: core & html,P4,dev_0060,dev_0060,1,1.0,True,True,True,True,correct,dev_0060|dev_0019|dev_0022|dev_0054|dev_0050|dev_0035|dev_0007|dev_0006|dev_0058|dev_0040,[wpt-sync] Sync PR 45133 - Attempt to de-flake sandbox top navigation WPTs.
component_majority,bmo_1885601,core,css transitions and animations,P4,dev_0060,dev_0060,1,1.0,True,True,True,True,correct,dev_0060|dev_0019|dev_0054|dev_0011|dev_0038|dev_0048|dev_0007|dev_0055|dev_0006|dev_0022,[wpt-sync] Sync PR 45134 - Port flaky animations/stability tests to WPT
product_component_majority,bmo_1884275,core,audio/video: playback,P2,dev_0003,dev_0003,1,1.0,True,True,True,True,correct,dev_0003|dev_0048|dev_0010|dev_0009|dev_0022|dev_0060|dev_0019|dev_0038|dev_0055|dev_0006,Crash in [@ D3DKMTUnregisterTrimNotification]
product_component_majority,bmo_1884278,firefox,firefox view,P3,dev_0007,dev_0047,3,0.3333333333333333,False,True,True,True,long_tail_assignee,dev_0047|dev_0033|dev_0007|dev_0011|dev_0054|dev_0001|dev_0045|dev_0032|dev_0012|dev_0041,Add an exception from a11y_checks for clicks on a not focusable pinned media button on Firefox View
product_component_majority,bmo_1884281,core,dom: editor,--,dev_0040,dev_0040,1,1.0,True,True,True,True,correct,dev_0040|dev_0060|dev_0017|dev_0019|dev_0038|dev_0048|dev_0055|dev_0006|dev_0043|dev_0004,"Assertion failure: mStart.EqualsOrIsBefore(mEnd), at /builds/worker/workspace/obj-build/dist/include/mozilla/EditorDOMPoint.h:1290"
product_component_majority,bmo_1884297,core,gecko profiler,--,dev_0043,dev_0019,2,0.5,False,True,True,True,long_tail_assignee,dev_0019|dev_0043|dev_0048|dev_0060|dev_0038|dev_0055|dev_0006|dev_0004|dev_0022|dev_0035,tools/profiler/core/platform.cpp:118:12: fatal error: 'nsCocoaFeatures.h' file not found
product_component_majority,bmo_1884314,core,graphics: text,--,dev_0026,dev_0026,1,1.0,True,True,True,True,correct,dev_0026|dev_0043|dev_0057|dev_0060|dev_0019|dev_0038|dev_0048|dev_0055|dev_0006|dev_0004,IOSPlatformFontList::InitSystemFontNames and IOSPlatformFontList::GetDefaultFontForPlatform return empty strings
product_component_majority,bmo_1884322,firefox,firefox view,--,dev_0033,dev_0047,2,0.5,False,True,True,True,wrong_assignee,dev_0047|dev_0033|dev_0007|dev_0011|dev_0054|dev_0001|dev_0045|dev_0032|dev_0012|dev_0041,Any key will toggle mute/unmute button in Fx View
product_component_majority,bmo_1884347,core,security: process sandboxing,P1,dev_0028,dev_0028,1,1.0,True,True,True,True,correct,dev_0028|dev_0023|dev_0019|dev_0060|dev_0038|dev_0048|dev_0055|dev_0006|dev_0043|dev_0004,AppArmor user namespace creation restrictions cause many applications (including Firefox tabs) to crash with SIGTRAP or SIGSEGV
product_component_majority,bmo_1884349,core,networking: http,P1,dev_0034,dev_0034,1,1.0,True,True,True,True,correct,dev_0034|dev_0021|dev_0060|dev_0019|dev_0038|dev_0048|dev_0055|dev_0006|dev_0043|dev_0004,firefox didn't load any page
product_component_majority,bmo_1884360,core,javascript engine,P2,dev_0025,dev_0006,3,0.3333333333333333,False,True,True,True,wrong_assignee,dev_0006|dev_0004|dev_0025|dev_0053|dev_0024|dev_0042|dev_0059|dev_0050|dev_0058|dev_0060,Reimplement Array.prototype.sort with a JIT trampoline
product_component_majority,bmo_1884368,core,javascript engine: jit,--,dev_0025,dev_0004,2,0.5,False,True,True,True,wrong_assignee,dev_0004|dev_0025|dev_0042|dev_0024|dev_0060|dev_0019|dev_0038|dev_0048|dev_0055|dev_0006,Retire jit::GetPcScript and PcScriptCache
product_component_majority,bmo_1884407,firefox,profile backup,P1,dev_0041,dev_0011,8,0.125,False,False,False,True,cold_start_component,dev_0011|dev_0054|dev_0001|dev_0045|dev_0032|dev_0007|dev_0012|dev_0041|dev_0044|dev_0051,Add a probe to measure available disk space for profile directory storage device
product_component_majority,bmo_1884417,firefox,tabbed browser,P2,dev_0015,dev_0015,1,1.0,True,True,True,True,correct,dev_0015|dev_0007|dev_0041|dev_0039|dev_0006|dev_0019|dev_0011|dev_0054|dev_0001|dev_0045,Address UX feedback for Tab Hover Preview
product_component_majority,bmo_1884427,core,javascript: gc,P1,dev_0024,dev_0024,1,1.0,True,True,True,True,correct,dev_0024|dev_0053|dev_0025|dev_0060|dev_0019|dev_0038|dev_0048|dev_0055|dev_0006|dev_0043,Crash [@ js::CheckTracedThing]
product_component_majority,bmo_1884435,firefox,address bar,P1,dev_0001,dev_0001,1,1.0,True,True,True,True,correct,dev_0001|dev_0012|dev_0039|dev_0007|dev_0032|dev_0011|dev_0054|dev_0045|dev_0041|dev_0044,Remove bounding box / stroke from Yelp Suggestions UI
product_component_majority,bmo_1884452,core,widget: gtk,P3,dev_0019,dev_0055,2,0.5,False,True,True,True,wrong_assignee,dev_0055|dev_0019|dev_0013|dev_0060|dev_0038|dev_0048|dev_0006|dev_0043|dev_0004|dev_0022,Provide about:config entry to disable changing of titlebar buttons in firefox for every themes
product_component_majority,bmo_1884457,core,javascript: gc,P3,dev_0024,dev_0024,1,1.0,True,True,True,True,correct,dev_0024|dev_0053|dev_0025|dev_0060|dev_0019|dev_0038|dev_0048|dev_0055|dev_0006|dev_0043,Potential use of uninitialized storage on self-assignment in MarkStack::operator=()
product_component_majority,bmo_1884464,core,graphics: text,--,dev_0019,dev_0026,5,0.2,False,False,True,True,long_tail_assignee,dev_0026|dev_0043|dev_0057|dev_0060|dev_0019|dev_0038|dev_0048|dev_0055|dev_0006|dev_0004,Make worker font loads more similar to style system font loads.
product_component_majority,bmo_1884466,core,dom: web authentication,P3,dev_0029,dev_0029,1,1.0,True,True,True,True,correct,dev_0029|dev_0014|dev_0060|dev_0019|dev_0038|dev_0048|dev_0055|dev_0006|dev_0043|dev_0004,Implement getClientCapabilities
product_component_majority,bmo_1884496,core,xpconnect,--,dev_0054,dev_0006,,0.0,False,False,False,False,long_tail_assignee,dev_0006|dev_0022|dev_0060|dev_0019|dev_0038|dev_0048|dev_0055|dev_0043|dev_0004|dev_0035,Switch to do_importESModule in extension files and drop do_importModule
product_component_majority,bmo_1884505,core,layout,--,dev_0021,dev_0060,6,0.16666666666666666,False,False,False,True,wrong_assignee,dev_0060|dev_0019|dev_0002|dev_0013|dev_0022|dev_0021|dev_0005|dev_0043|dev_0038|dev_0048,Perma infrastructure/reftest-zoom/clamp-full-zoom-001.html | Testing infrastructure/reftest-zoom/clamp-full-zoom-001.html == infrastructure/reftest-zoom/clamp-full-zoom-001-ref.html when when Gecko 125 merges to Beta on 2024-03-18
product_component_majority,bmo_1884518,core,javascript: webassembly,P1,dev_0049,dev_0049,1,1.0,True,True,True,True,correct,dev_0049|dev_0025|dev_0060|dev_0019|dev_0038|dev_0048|dev_0055|dev_0006|dev_0043|dev_0004,Invalid stack pointer when delegate is combined with try_table and params
product_component_majority,bmo_1884539,core,layout: form controls,--,dev_0026,dev_0019,,0.0,False,False,False,False,long_tail_assignee,dev_0019|dev_0013|dev_0002|dev_0060|dev_0038|dev_0048|dev_0055|dev_0006|dev_0043|dev_0004,<select> popups don't respect minimum font size
product_component_majority,bmo_1884553,core,javascript engine,P3,dev_0004,dev_0006,2,0.5,False,True,True,True,wrong_assignee,dev_0006|dev_0004|dev_0025|dev_0053|dev_0024|dev_0042|dev_0059|dev_0050|dev_0058|dev_0060,"Assertion failure: js::gc::IsCellPointerValid(&obj), at js/Value.h:633 with CalendarFields"
product_component_majority,bmo_1884565,core,javascript: webassembly,P1,dev_0049,dev_0049,1,1.0,True,True,True,True,correct,dev_0049|dev_0025|dev_0060|dev_0019|dev_0038|dev_0048|dev_0055|dev_0006|dev_0043|dev_0004,Assertion failure: aIndex < mLength (issue 1883785 patch bypass)
product_component_majority,bmo_1884574,core,dom: web authentication,P1,dev_0029,dev_0029,1,1.0,True,True,True,True,correct,dev_0029|dev_0014|dev_0060|dev_0019|dev_0038|dev_0048|dev_0055|dev_0006|dev_0043|dev_0004,Firefox crashes after clicking `Create a passkey` in Google Account > Security > Passkeys
product_component_majority,bmo_1884600,core,graphics,--,dev_0052,dev_0005,2,0.5,False,True,True,True,wrong_assignee,dev_0005|dev_0052|dev_0038|dev_0027|dev_0009|dev_0043|dev_0037|dev_0055|dev_0060|dev_0019,Block NVIDIA RTX Video Super Resolution depends on driver version
product_component_majority,bmo_1884624,core,widget: cocoa,P3,dev_0009,dev_0009,1,1.0,True,True,True,True,correct,dev_0009|dev_0019|dev_0060|dev_0038|dev_0048|dev_0055|dev_0006|dev_0043|dev_0004|dev_0022,[macOS 14] Crash in [@ __CFCheckCFInfoPACSignature] and [@ _CFAssertMismatchedTypeID] on 124 branch and up
product_component_majority,bmo_1884628,core,networking: dns,P1,dev_0034,dev_0059,,0.0,False,False,False,False,long_tail_assignee,dev_0059|dev_0060|dev_0019|dev_0038|dev_0048|dev_0055|dev_0006|dev_0043|dev_0004|dev_0022,Crash Report [@ pthread_kill@@GLIBC_2.34 | raise | __netlink_assert_response ]
product_component_majority,bmo_1884631,core,widget: cocoa,P3,dev_0019,dev_0009,2,0.5,False,True,True,True,long_tail_assignee,dev_0009|dev_0019|dev_0060|dev_0038|dev_0048|dev_0055|dev_0006|dev_0043|dev_0004|dev_0022,Consider removing WindowType::Sheet (native macOS sheet support)
product_component_majority,bmo_1884635,core,widget: cocoa,--,dev_0019,dev_0009,2,0.5,False,True,True,True,long_tail_assignee,dev_0009|dev_0019|dev_0060|dev_0038|dev_0048|dev_0055|dev_0006|dev_0043|dev_0004|dev_0022,[macOS] XUL notification does not stay frontmost
product_component_majority,bmo_1884645,core,networking,P2,dev_0059,dev_0021,2,0.5,False,True,True,True,wrong_assignee,dev_0021|dev_0059|dev_0034|dev_0060|dev_0019|dev_0038|dev_0048|dev_0055|dev_0006|dev_0043,Send an observer notification with the decodedBodySize before calling OnStopRequest listeners
product_component_majority,bmo_1884649,core,javascript engine: jit,P1,dev_0004,dev_0004,1,1.0,True,True,True,True,correct,dev_0004|dev_0025|dev_0042|dev_0024|dev_0060|dev_0019|dev_0038|dev_0048|dev_0055|dev_0006,"Assertion failure: from->hasLatin1Chars(), at builtin/String.cpp:570"
product_component_majority,bmo_1884652,core,xul,--,dev_0019,dev_0019,1,1.0,True,True,True,True,correct,dev_0019|dev_0060|dev_0038|dev_0048|dev_0055|dev_0006|dev_0043|dev_0004|dev_0022|dev_0035,Remove support for titlebars on panels.
product_component_majority,bmo_1884671,firefox,sidebar,--,dev_0047,dev_0047,1,1.0,True,True,True,True,correct,dev_0047|dev_0033|dev_0011|dev_0054|dev_0001|dev_0045|dev_0032|dev_0007|dev_0012|dev_0041,Create pref and directory for the new sidebar
product_component_majority,bmo_1884693,core,privacy: anti-tracking,--,dev_0058,dev_0036,5,0.2,False,False,True,True,wrong_assignee,dev_0036|dev_0008|dev_0020|dev_0057|dev_0058|dev_0015|dev_0025|dev_0060|dev_0019|dev_0038,Collect more fingerprintable pref values
product_component_majority,bmo_1884701,firefox,search,P3,dev_0054,dev_0054,1,1.0,True,True,True,True,correct,dev_0054|dev_0032|dev_0007|dev_0019|dev_0011|dev_0001|dev_0045|dev_0012|dev_0041|dev_0044,Simplify removing engines during reload engines with search-config-v2
product_component_majority,bmo_1884705,firefox,remote settings client,--,dev_0054,dev_0054,1,1.0,True,True,True,True,correct,dev_0054|dev_0011|dev_0001|dev_0045|dev_0032|dev_0007|dev_0012|dev_0041|dev_0044|dev_0051,Add a function to allow getting attachments from the cache or dumps without downloading them
product_component_majority,bmo_1884719,core,audio/video: playback,P1,dev_0003,dev_0003,1,1.0,True,True,True,True,correct,dev_0003|dev_0048|dev_0010|dev_0009|dev_0022|dev_0060|dev_0019|dev_0038|dev_0055|dev_0006,[wmfme] ensure the hardware decoding is available before starting the media engine
product_component_majority,bmo_1884725,core,dom: web authentication,--,dev_0029,dev_0029,1,1.0,True,True,True,True,correct,dev_0029|dev_0014|dev_0060|dev_0019|dev_0038|dev_0048|dev_0055|dev_0006|dev_0043|dev_0004,"In Windows, passkeys authentication under Firefox in anonymous/private mode is logged as it was non-private to Windows Log Event"
product_component_majority,bmo_1884732,core,dom: content processes,--,dev_0057,dev_0046,,0.0,False,False,False,False,long_tail_assignee,dev_0046|dev_0035|dev_0060|dev_0019|dev_0038|dev_0048|dev_0055|dev_0006|dev_0043|dev_0004,Add logging for window actor messages
product_component_majority,bmo_1884734,core,dom: css object model,P4,dev_0060,dev_0019,2,0.5,False,True,True,True,wrong_assignee,dev_0019|dev_0060|dev_0013|dev_0038|dev_0048|dev_0055|dev_0006|dev_0043|dev_0004|dev_0022,"[wpt-sync] Sync PR 45028 - Revert ""Return currentcolor as a computed value on computedStyleMap"""
product_component_majority,bmo_1884736,core,dom: service workers,P4,dev_0060,dev_0060,1,1.0,True,True,True,True,correct,dev_0060|dev_0019|dev_0038|dev_0048|dev_0055|dev_0006|dev_0043|dev_0004|dev_0022|dev_0035,[wpt-sync] Sync PR 44998 - Add WPT for the length of router rules
product_component_majority,bmo_1884737,core,graphics: canvas2d,P3,dev_0005,dev_0038,3,0.3333333333333333,False,True,True,True,wrong_assignee,dev_0038|dev_0060|dev_0005|dev_0026|dev_0058|dev_0052|dev_0019|dev_0048|dev_0055|dev_0006,Ensure CanvasChild::ReturnDataSurfaceShmem is threadsafe
product_component_majority,bmo_1884746,core,javascript: gc,P2,dev_0024,dev_0024,1,1.0,True,True,True,True,correct,dev_0024|dev_0053|dev_0025|dev_0060|dev_0019|dev_0038|dev_0048|dev_0055|dev_0006|dev_0043,"Assertion failure: !zone->uniqueIds().has(tgt), at gc/StableCellHasher-inl.h:140"
product_component_majority,bmo_1884759,core,networking: http,--,dev_0019,dev_0034,4,0.25,False,False,True,True,long_tail_assignee,dev_0034|dev_0021|dev_0060|dev_0019|dev_0038|dev_0048|dev_0055|dev_0006|dev_0043|dev_0004,Don't use a mutex to handle parse promise blocking.
product_component_majority,bmo_1884765,core,css parsing and computation,P4,dev_0060,dev_0060,1,1.0,True,True,True,True,correct,dev_0060|dev_0019|dev_0016|dev_0007|dev_0022|dev_0043|dev_0018|dev_0021|dev_0013|dev_0026,[wpt-sync] Sync PR 44991 - update test to expect shadow trees to find document keyframes
product_component_majority,bmo_1884774,core,dom: networking,P4,dev_0060,dev_0060,1,1.0,True,True,True,True,correct,dev_0060|dev_0019|dev_0038|dev_0048|dev_0055|dev_0006|dev_0043|dev_0004|dev_0022|dev_0035,"[wpt-sync] Sync PR 44997 - Reapply ""ReadableStream should be cancelled on aborting fetch streaming upload"""
product_component_majority,bmo_1884776,core,layout: text and fonts,P4,dev_0060,dev_0060,1,1.0,True,True,True,True,correct,dev_0060|dev_0026|dev_0022|dev_0019|dev_0038|dev_0048|dev_0055|dev_0006|dev_0043|dev_0004,[wpt-sync] Sync PR 44995 - Ensure the -webkit-text-stroke property is computed properly.
product_component_majority,bmo_1884777,core,javascript: webassembly,P1,dev_0049,dev_0049,1,1.0,True,True,True,True,correct,dev_0049|dev_0025|dev_0060|dev_0019|dev_0038|dev_0048|dev_0055|dev_0006|dev_0043|dev_0004,Update wasm-smith
product_component_majority,bmo_1884778,core,graphics: text,P5,dev_0043,dev_0026,2,0.5,False,True,True,True,wrong_assignee,dev_0026|dev_0043|dev_0057|dev_0060|dev_0019|dev_0038|dev_0048|dev_0055|dev_0006|dev_0004,Permanent /builds/worker/checkouts/gecko/gfx/thebes/gfxPlatformMac.cpp:123:46: error: allocating an object of abstract class type 'PlatformFontListClass' (aka 'IOSPlatformFontList')
product_component_majority,bmo_1884781,firefox,theme,--,dev_0019,dev_0019,1,1.0,True,True,True,True,correct,dev_0019|dev_0011|dev_0054|dev_0001|dev_0045|dev_0032|dev_0007|dev_0012|dev_0041|dev_0044,Remove unused rule in windows/browser.css
product_component_majority,bmo_1884783,core,javascript: webassembly,P3,dev_0049,dev_0049,1,1.0,True,True,True,True,correct,dev_0049|dev_0025|dev_0060|dev_0019|dev_0038|dev_0048|dev_0055|dev_0006|dev_0043|dev_0004,AnyRef::fromUint32Trunace assumes that unknown architectures are 32-bit
product_component_majority,bmo_1884786,core,css parsing and computation,P4,dev_0060,dev_0060,1,1.0,True,True,True,True,correct,dev_0060|dev_0019|dev_0016|dev_0007|dev_0022|dev_0043|dev_0018|dev_0021|dev_0013|dev_0026,[wpt-sync] Sync PR 44993 - @font-face tests for shadow dom
product_component_majority,bmo_1884792,core,css parsing and computation,P3,dev_0019,dev_0060,2,0.5,False,True,True,True,wrong_assignee,dev_0060|dev_0019|dev_0016|dev_0007|dev_0022|dev_0043|dev_0018|dev_0021|dev_0013|dev_0026,Remove chrome-only :-moz-lwtheme pseudo-class
product_component_majority,bmo_1884794,core,dom: credential management,P4,dev_0060,dev_0060,1,1.0,True,True,True,True,correct,dev_0060|dev_0019|dev_0038|dev_0048|dev_0055|dev_0006|dev_0043|dev_0004|dev_0022|dev_0035,[wpt-sync] Sync PR 44994 - [FedCM] Split button flow web tests into multiple files
product_component_majority,bmo_1884797,core,css parsing and computation,P4,dev_0060,dev_0060,1,1.0,True,True,True,True,correct,dev_0060|dev_0019|dev_0016|dev_0007|dev_0022|dev_0043|dev_0018|dev_0021|dev_0013|dev_0026,"[wpt-sync] Sync PR 45004 - [css-anchor-position] Apply position-try-options, not position-fallback"
product_component_majority,bmo_1884809,core,css parsing and computation,P4,dev_0060,dev_0060,1,1.0,True,True,True,True,correct,dev_0060|dev_0019|dev_0016|dev_0007|dev_0022|dev_0043|dev_0018|dev_0021|dev_0013|dev_0026,[wpt-sync] Sync PR 45014 - [css-color-5] relative color : multiply channel keywords by percentages
product_component_majority,bmo_1884811,core,svg,P4,dev_0060,dev_0060,1,1.0,True,True,True,True,correct,dev_0060|dev_0037|dev_0038|dev_0013|dev_0019|dev_0048|dev_0055|dev_0006|dev_0043|dev_0004,[wpt-sync] Sync PR 45015 - Fix `animateColor` test to work across browsers
product_component_majority,bmo_1884813,core,graphics: webrender,--,dev_0052,dev_0043,,0.0,False,False,False,False,long_tail_assignee,dev_0043|dev_0056|dev_0009|dev_0038|dev_0037|dev_0005|dev_0060|dev_0019|dev_0048|dev_0055,"Assertion failure: false (MOZ_ASSERT_UNREACHABLE: unexpected to be called), at /builds/worker/checkouts/gecko/gfx/webrender_bindings/WebRenderAPI.cpp:547"
product_component_majority,bmo_1884819,core,dom: css object model,P4,dev_0060,dev_0019,2,0.5,False,True,True,True,wrong_assignee,dev_0019|dev_0060|dev_0013|dev_0038|dev_0048|dev_0055|dev_0006|dev_0043|dev_0004|dev_0022,[wpt-sync] Sync PR 45030 - Add `getComputedStyle()` cases with lacking leading colons
product_component_majority,bmo_1884826,core,css parsing and computation,P4,dev_0060,dev_0060,1,1.0,True,True,True,True,correct,dev_0060|dev_0019|dev_0016|dev_0007|dev_0022|dev_0043|dev_0018|dev_0021|dev_0013|dev_0026,[wpt-sync] Sync PR 45020 - [css-nesting-1] Change serialization of relative selectors within nesting.
product_component_majority,bmo_1884827,core,graphics: canvas2d,P4,dev_0060,dev_0038,2,0.5,False,True,True,True,wrong_assignee,dev_0038|dev_0060|dev_0005|dev_0026|dev_0058|dev_0052|dev_0019|dev_0048|dev_0055|dev_0006,[wpt-sync] Sync PR 45009 - Migrate Canvas WebGPU Access tests into WebGPU test directory.
product_component_majority,bmo_1884828,core,dom: credential management,P4,dev_0060,dev_0060,1,1.0,True,True,True,True,correct,dev_0060|dev_0019|dev_0038|dev_0048|dev_0055|dev_0006|dev_0043|dev_0004|dev_0022|dev_0035,[wpt-sync] Sync PR 45008 - [RWI] Make navigator.identity.get() return DigitalCredential object
product_component_majority,bmo_1884829,core,disability access apis,P4,dev_0060,dev_0031,4,0.25,False,False,True,True,long_tail_assignee,dev_0031|dev_0007|dev_0009|dev_0060|dev_0019|dev_0038|dev_0048|dev_0055|dev_0006|dev_0043,[wpt-sync] Sync PR 45032 - Move orphaned role tests to tentative file
product_component_majority,bmo_1884832,core,xpcom,--,dev_0043,dev_0048,3,0.3333333333333333,False,True,True,True,long_tail_assignee,dev_0048|dev_0006|dev_0043|dev_0027|dev_0030|dev_0013|dev_0046|dev_0060|dev_0019|dev_0038,Move CFTypeRefPtr.h to xpcom
product_component_majority,bmo_1884833,core,dom: credential management,P4,dev_0060,dev_0060,1,1.0,True,True,True,True,correct,dev_0060|dev_0019|dev_0038|dev_0048|dev_0055|dev_0006|dev_0043|dev_0004|dev_0022|dev_0035,[wpt-sync] Sync PR 45033 - Disable digital credential API when called from cross-origin <iframe>
product_component_majority,bmo_1884836,core,graphics,--,dev_0043,dev_0005,6,0.16666666666666666,False,False,False,True,wrong_assignee,dev_0005|dev_0052|dev_0038|dev_0027|dev_0009|dev_0043|dev_0037|dev_0055|dev_0060|dev_0019,Base graphics support for iOS
product_component_majority,bmo_1884839,core,dom: networking,P4,dev_0060,dev_0060,1,1.0,True,True,True,True,correct,dev_0060|dev_0019|dev_0038|dev_0048|dev_0055|dev_0006|dev_0043|dev_0004|dev_0022|dev_0035,[wpt-sync] Sync PR 45034 - Add tests
product_component_majority,bmo_1884840,core,graphics: canvas2d,P4,dev_0060,dev_0038,2,0.5,False,True,True,True,wrong_assignee,dev_0038|dev_0060|dev_0005|dev_0026|dev_0058|dev_0052|dev_0019|dev_0048|dev_0055|dev_0006,"[wpt-sync] Sync PR 45035 - Revert ""Migrate Canvas WebGPU Access tests into WebGPU test directory."""
product_component_majority,bmo_1884841,core,css parsing and computation,P4,dev_0060,dev_0060,1,1.0,True,True,True,True,correct,dev_0060|dev_0019|dev_0016|dev_0007|dev_0022|dev_0043|dev_0018|dev_0021|dev_0013|dev_0026,[wpt-sync] Sync PR 45036 - [css-values-4] Add viewport unit tests for scrollbars
product_component_majority,bmo_1884854,firefox,address bar,P3,dev_0001,dev_0001,1,1.0,True,True,True,True,correct,dev_0001|dev_0012|dev_0039|dev_0007|dev_0032|dev_0011|dev_0054|dev_0045|dev_0041|dev_0044,Simplify urlbar weather fetching
product_component_majority,bmo_1884856,core,dom: core & html,P4,dev_0060,dev_0060,1,1.0,True,True,True,True,correct,dev_0060|dev_0019|dev_0022|dev_0054|dev_0050|dev_0035|dev_0007|dev_0006|dev_0058|dev_0040,[wpt-sync] Sync PR 45023 - Fix sandbox top navigation tests using external URLs.
product_component_majority,bmo_1884857,core,storage: indexeddb,P4,dev_0060,dev_0060,1,1.0,True,True,True,True,correct,dev_0060|dev_0035|dev_0019|dev_0038|dev_0048|dev_0055|dev_0006|dev_0043|dev_0004|dev_0022,[wpt-sync] Sync PR 44999 - IDB: idbobjectstore_put WPT extended to workers in addition to window.
product_component_majority,bmo_1884859,core,graphics: imagelib,--,dev_0035,dev_0056,2,0.5,False,True,True,True,wrong_assignee,dev_0056|dev_0035|dev_0005|dev_0019|dev_0043|dev_0060|dev_0038|dev_0048|dev_0055|dev_0006,Update libjxl to new version f06a34c77b1bd11bafbe82989241e68c756ccca2 from 2024-03-11 15:14:53
product_component_majority,bmo_1884862,core,layout: text and fonts,P4,dev_0060,dev_0060,1,1.0,True,True,True,True,correct,dev_0060|dev_0026|dev_0022|dev_0019|dev_0038|dev_0048|dev_0055|dev_0006|dev_0043|dev_0004,[wpt-sync] Sync PR 45045 - Fuzz Fluent failing wpt tests.
product_component_majority,bmo_1884870,core,dom: ui events & focus handling,--,dev_0050,dev_0040,4,0.25,False,False,True,True,long_tail_assignee,dev_0040|dev_0007|dev_0017|dev_0050|dev_0019|dev_0060|dev_0038|dev_0048|dev_0055|dev_0006,`iframe` with another `iframe` inside returns a different `activeElement` when is not focussed after the first focus
product_component_majority,bmo_1884875,core,layout: scrolling and overflow,P4,dev_0060,dev_0060,1,1.0,True,True,True,True,correct,dev_0060|dev_0002|dev_0019|dev_0038|dev_0048|dev_0055|dev_0006|dev_0043|dev_0004|dev_0022,[wpt-sync] Sync PR 44931 - [css-scroll-snap-2] Fix targeted snap point selection
product_component_majority,bmo_1884879,core,css parsing and computation,--,dev_0019,dev_0060,2,0.5,False,True,True,True,wrong_assignee,dev_0060|dev_0019|dev_0016|dev_0007|dev_0022|dev_0043|dev_0018|dev_0021|dev_0013|dev_0026,"New wpt failures in /css/ [css-nesting/parsing.html, css-syntax/custom-property-rule-ambiguity.html]"
product_component_majority,bmo_1884880,core,layout: scrolling and overflow,P4,dev_0060,dev_0060,1,1.0,True,True,True,True,correct,dev_0060|dev_0002|dev_0019|dev_0038|dev_0048|dev_0055|dev_0006|dev_0043|dev_0004|dev_0022,[wpt-sync] Sync PR 44938 - [css-scroll-snap-2] Prioritize tree-order among aligned snap targets
product_component_majority,bmo_1884887,core,javascript: webassembly,P1,dev_0049,dev_0049,1,1.0,True,True,True,True,correct,dev_0049|dev_0025|dev_0060|dev_0019|dev_0038|dev_0048|dev_0055|dev_0006|dev_0043|dev_0004,Exported global with literal initializers and subtyping can change the type of the global after creation
product_component_majority,bmo_1884906,core,css parsing and computation,P4,dev_0060,dev_0060,1,1.0,True,True,True,True,correct,dev_0060|dev_0019|dev_0016|dev_0007|dev_0022|dev_0043|dev_0018|dev_0021|dev_0013|dev_0026,[wpt-sync] Sync PR 45052 - Apply standard parsing of pseudo-elements for web animations
product_component_majority,bmo_1884907,core,css parsing and computation,P4,dev_0060,dev_0060,1,1.0,True,True,True,True,correct,dev_0060|dev_0019|dev_0016|dev_0007|dev_0022|dev_0043|dev_0018|dev_0021|dev_0013|dev_0026,[wpt-sync] Sync PR 45054 - [anchor] Order-preserving <try-tactic>
product_component_majority,bmo_1884908,core,css parsing and computation,P4,dev_0060,dev_0060,1,1.0,True,True,True,True,correct,dev_0060|dev_0019|dev_0016|dev_0007|dev_0022|dev_0043|dev_0018|dev_0021|dev_0013|dev_0026,[wpt-sync] Sync PR 45022 - [css-anchor-position] Fall back to no options applied
product_component_majority,bmo_1884909,core,layout,P5,dev_0026,dev_0060,,0.0,False,False,False,False,long_tail_assignee,dev_0060|dev_0019|dev_0002|dev_0013|dev_0022|dev_0021|dev_0005|dev_0043|dev_0038|dev_0048,"Perma bugs/1721223-1.html != bugs/1721223-1-notref.html | image comparison, max difference: 0, number of differing pixels: 0"
product_component_majority,bmo_1884910,core,audio/video: playback,P1,dev_0003,dev_0003,1,1.0,True,True,True,True,correct,dev_0003|dev_0048|dev_0010|dev_0009|dev_0022|dev_0060|dev_0019|dev_0038|dev_0055|dev_0006,The variant `wmf-media-engine` expiration is on 2024-04-10
product_component_majority,bmo_1884923,firefox,search,P2,dev_0032,dev_0054,2,0.5,False,True,True,True,wrong_assignee,dev_0054|dev_0032|dev_0007|dev_0019|dev_0011|dev_0001|dev_0045|dev_0012|dev_0041|dev_0044,Update search-telemetry-v2 with nonAdsLinkQueryParamNames to extract the redirect URL associated with the load for non ads links on Google
product_component_majority,bmo_1884936,firefox,screenshots,P1,dev_0045,dev_0045,1,1.0,True,True,True,True,correct,dev_0045|dev_0019|dev_0011|dev_0054|dev_0001|dev_0032|dev_0007|dev_0012|dev_0041|dev_0044,Black lines appear in screenshots
product_component_majority,bmo_1884946,core,graphics: webgpu,P1,dev_0018,dev_0018,1,1.0,True,True,True,True,correct,dev_0018|dev_0052|dev_0038|dev_0009|dev_0027|dev_0060|dev_0019|dev_0048|dev_0055|dev_0006,Update WGPU to `trunk` upstream (week of 2024-03-11)
product_component_majority,bmo_1884952,firefox,search,P2,dev_0054,dev_0054,1,1.0,True,True,True,True,correct,dev_0054|dev_0032|dev_0007|dev_0019|dev_0011|dev_0001|dev_0045|dev_0012|dev_0041|dev_0044,Add support for downloading new search engine icons from remote settings
product_component_majority,bmo_1884958,core,javascript engine,P3,dev_0042,dev_0006,6,0.16666666666666666,False,False,False,True,wrong_assignee,dev_0006|dev_0004|dev_0025|dev_0053|dev_0024|dev_0042|dev_0059|dev_0050|dev_0058|dev_0060,"Assertion failure: idval.isSymbol(), at /js/src/vm/Interpreter-inl.h:561"
product_component_majority,bmo_1884970,firefox,tabbed browser,P1,dev_0007,dev_0015,2,0.5,False,True,True,True,wrong_assignee,dev_0015|dev_0007|dev_0041|dev_0039|dev_0006|dev_0019|dev_0011|dev_0054|dev_0001|dev_0045,Close current tab button is missing an accessible name and role
product_component_majority,bmo_1884981,firefox,firefox view,P2,dev_0007,dev_0047,3,0.3333333333333333,False,True,True,True,long_tail_assignee,dev_0047|dev_0033|dev_0007|dev_0011|dev_0054|dev_0001|dev_0045|dev_0032|dev_0012|dev_0041,Import history from another browser section on Firefox View History tab would not announce the context for buttons on it
product_component_majority,bmo_1884984,core,dom: security,P4,dev_0060,dev_0060,1,1.0,True,True,True,True,correct,dev_0060|dev_0058|dev_0019|dev_0038|dev_0048|dev_0055|dev_0006|dev_0043|dev_0004|dev_0022,[wpt-sync] Sync PR 45058 - WebKit export of https://bugs.webkit.org/show_bug.cgi?id=267692
product_component_majority,bmo_1884986,firefox,firefox view,P2,dev_0007,dev_0047,3,0.3333333333333333,False,True,True,True,long_tail_assignee,dev_0047|dev_0033|dev_0007|dev_0011|dev_0054|dev_0001|dev_0045|dev_0032|dev_0012|dev_0041,Empty card on Firefox View Tabs From Other Devices tab would not announce the context for its button
product_component_majority,bmo_1884989,core,graphics: canvas2d,P4,dev_0060,dev_0038,2,0.5,False,True,True,True,wrong_assignee,dev_0038|dev_0060|dev_0005|dev_0026|dev_0058|dev_0052|dev_0019|dev_0048|dev_0055|dev_0006,"[wpt-sync] Sync PR 45059 - Reland ""Migrate Canvas WebGPU Access tests into WebGPU test directory."""
product_component_majority,bmo_1885005,core,graphics: canvaswebgl,P1,dev_0027,dev_0027,1,1.0,True,True,True,True,correct,dev_0027|dev_0060|dev_0019|dev_0038|dev_0048|dev_0055|dev_0006|dev_0043|dev_0004|dev_0022,Update dom/canvas/test/webgl-conf webgl cts tests to 2024Apr
product_component_majority,bmo_1885017,core,layout,P4,dev_0060,dev_0060,1,1.0,True,True,True,True,correct,dev_0060|dev_0019|dev_0002|dev_0013|dev_0022|dev_0021|dev_0005|dev_0043|dev_0038|dev_0048,[wpt-sync] Sync PR 45064 - Make clicking only selected option in multi-select deselect it
product_component_majority,bmo_1885021,core,dom: core & html,P4,dev_0060,dev_0060,1,1.0,True,True,True,True,correct,dev_0060|dev_0019|dev_0022|dev_0054|dev_0050|dev_0035|dev_0007|dev_0006|dev_0058|dev_0040,[wpt-sync] Sync PR 45065 - content: Don't populate activation info for cross-origin redirects.
product_component_majority,bmo_1885025,core,dom: credential management,P4,dev_0060,dev_0060,1,1.0,True,True,True,True,correct,dev_0060|dev_0019|dev_0038|dev_0048|dev_0055|dev_0006|dev_0043|dev_0004|dev_0022|dev_0035,[wpt-sync] Sync PR 45066 - [FedCM] Don't send SameSite=Strict cookies for FedCM requests
product_component_majority,bmo_1885026,core,audio/video: playback,P1,dev_0003,dev_0003,1,1.0,True,True,True,True,correct,dev_0003|dev_0048|dev_0010|dev_0009|dev_0022|dev_0060|dev_0019|dev_0038|dev_0055|dev_0006,Don't show warning for `NS_ERROR_DOM_MEDIA_EXTERNAL_ENGINE_NOT_SUPPORTED_ERR`
product_component_majority,bmo_1885028,core,graphics: canvaswebgl,P1,dev_0027,dev_0027,1,1.0,True,True,True,True,correct,dev_0027|dev_0060|dev_0019|dev_0038|dev_0048|dev_0055|dev_0006|dev_0043|dev_0004|dev_0022,WebGL should use ParamTraits_TiedFields not PlainOldDataSerializer
product_component_majority,bmo_1885032,core,graphics: canvaswebgl,--,dev_0027,dev_0027,1,1.0,True,True,True,True,correct,dev_0027|dev_0060|dev_0019|dev_0038|dev_0048|dev_0055|dev_0006|dev_0043|dev_0004|dev_0022,Implement EXT_depth_clamp
product_component_majority,bmo_1885051,core,dom: core & html,P4,dev_0060,dev_0060,1,1.0,True,True,True,True,correct,dev_0060|dev_0019|dev_0022|dev_0054|dev_0050|dev_0035|dev_0007|dev_0006|dev_0058|dev_0040,[wpt-sync] Sync PR 45069 - Don't run button popover code when default is handled
product_component_majority,bmo_1885052,core,layout,P4,dev_0060,dev_0060,1,1.0,True,True,True,True,correct,dev_0060|dev_0019|dev_0002|dev_0013|dev_0022|dev_0021|dev_0005|dev_0043|dev_0038|dev_0048,[wpt-sync] Sync PR 45070 - [aspect-ratio] Fix aspect-ratio under-invalidation.
product_component_majority,bmo_1885053,core,css parsing and computation,P4,dev_0060,dev_0060,1,1.0,True,True,True,True,correct,dev_0060|dev_0019|dev_0016|dev_0007|dev_0022|dev_0043|dev_0018|dev_0021|dev_0013|dev_0026,[wpt-sync] Sync PR 45071 - [anchor] Generate flips using the try-tactics layer
product_component_majority,bmo_1885059,core,css parsing and computation,P4,dev_0060,dev_0060,1,1.0,True,True,True,True,correct,dev_0060|dev_0019|dev_0016|dev_0007|dev_0022|dev_0043|dev_0018|dev_0021|dev_0013|dev_0026,[wpt-sync] Sync PR 45073 - Add tests of Oklab and Oklch with lightness 99.9999%
product_component_majority,bmo_1885061,core,audio/video,--,dev_0043,dev_0010,3,0.3333333333333333,False,True,True,True,long_tail_assignee,dev_0010|dev_0022|dev_0043|dev_0003|dev_0060|dev_0019|dev_0038|dev_0048|dev_0055|dev_0006,dom/media/platforms/apple/AppleVTDecoder.cpp:10:10: fatal error: 'IOSurface/IOSurface.h' file not found
product_component_majority,bmo_1885063,core,css parsing and computation,P4,dev_0060,dev_0060,1,1.0,True,True,True,True,correct,dev_0060|dev_0019|dev_0016|dev_0007|dev_0022|dev_0043|dev_0018|dev_0021|dev_0013|dev_0026,[wpt-sync] Sync PR 45074 - Fix vertical alignment at the root of an IFC
product_component_majority,bmo_1885065,core,dom: networking,P4,dev_0060,dev_0060,1,1.0,True,True,True,True,correct,dev_0060|dev_0019|dev_0038|dev_0048|dev_0055|dev_0006|dev_0043|dev_0004|dev_0022|dev_0035,"[wpt-sync] Sync PR 45075 - Reapply ""Reapply ""ReadableStream should be cancelled on aborting fetch streaming upload"""""
product_component_majority,bmo_1885078,core,dom: workers,P4,dev_0060,dev_0030,2,0.5,False,True,True,True,wrong_assignee,dev_0030|dev_0060|dev_0006|dev_0019|dev_0038|dev_0048|dev_0055|dev_0043|dev_0004|dev_0022,[wpt-sync] Sync PR 44990 - Pluralize Sec-CH-UA-Form-Factor/formFactor
product_component_majority,bmo_1885088,core,javascript engine,P1,dev_0006,dev_0006,1,1.0,True,True,True,True,correct,dev_0006|dev_0004|dev_0025|dev_0053|dev_0024|dev_0042|dev_0059|dev_0050|dev_0058|dev_0060,"Assertion failure: input.options.lineno != 0 (Module cannot be compiled with lineNumber == 0), at frontend/BytecodeCompiler.cpp:1148"
product_component_majority,bmo_1885092,core,layout: block and inline,P4,dev_0060,dev_0060,1,1.0,True,True,True,True,correct,dev_0060|dev_0002|dev_0019|dev_0038|dev_0048|dev_0055|dev_0006|dev_0043|dev_0004|dev_0022,[wpt-sync] Sync PR 45077 - text-box-trim: Handle the start side's inline box
product_component_majority,bmo_1885107,core,dom: core & html,P4,dev_0060,dev_0060,1,1.0,True,True,True,True,correct,dev_0060|dev_0019|dev_0022|dev_0054|dev_0050|dev_0035|dev_0007|dev_0006|dev_0058|dev_0040,[wpt-sync] Sync PR 45079 - [Invokers] Only dispatch invoke for built-ins or actions containing '-'
product_component_majority,bmo_1885114,core,javascript: gc,P3,dev_0024,dev_0024,1,1.0,True,True,True,True,correct,dev_0024|dev_0053|dev_0025|dev_0060|dev_0019|dev_0038|dev_0048|dev_0055|dev_0006|dev_0043,Zone class memory is not added to heap size measurements
product_component_majority,bmo_1885116,core,dom: core & html,P4,dev_0060,dev_0060,1,1.0,True,True,True,True,correct,dev_0060|dev_0019|dev_0022|dev_0054|dev_0050|dev_0035|dev_0007|dev_0006|dev_0058|dev_0040,[wpt-sync] Sync PR 45080 - [PEPC] Add restrictions to word-spacing for PEPC
product_component_majority,bmo_1885117,core,gecko profiler,--,dev_0048,dev_0019,3,0.3333333333333333,False,True,True,True,long_tail_assignee,dev_0019|dev_0043|dev_0048|dev_0060|dev_0038|dev_0055|dev_0006|dev_0004|dev_0022|dev_0035,Teach MicroGeckoProfiler.h to capture stacks
product_component_majority,bmo_1885119,core,dom: core & html,P4,dev_0060,dev_0060,1,1.0,True,True,True,True,correct,dev_0060|dev_0019|dev_0022|dev_0054|dev_0050|dev_0035|dev_0007|dev_0006|dev_0058|dev_0040,[wpt-sync] Sync PR 45081 - Add insertion-step test for MutationObserver.takeRecords
product_component_majority,bmo_1885121,firefox,search,P2,dev_0054,dev_0054,1,1.0,True,True,True,True,correct,dev_0054|dev_0032|dev_0007|dev_0019|dev_0011|dev_0001|dev_0045|dev_0012|dev_0041|dev_0044,Fix a few more tests that are broken with search-config-v2 enabled
product_component_majority,bmo_1885134,firefox,firefox view,P3,dev_0033,dev_0047,2,0.5,False,True,True,True,wrong_assignee,dev_0047|dev_0033|dev_0007|dev_0011|dev_0054|dev_0001|dev_0045|dev_0032|dev_0012|dev_0041,Firefox View selected and focused category is displayed with extra border frame
product_component_majority,bmo_1885136,core,css parsing and computation,--,dev_0019,dev_0060,2,0.5,False,True,True,True,wrong_assignee,dev_0060|dev_0019|dev_0016|dev_0007|dev_0022|dev_0043|dev_0018|dev_0021|dev_0013|dev_0026,Allow servo to not start the style traversal from outside the thread pool.
product_component_majority,bmo_1885146,firefox,tabbed browser,P2,dev_0015,dev_0015,1,1.0,True,True,True,True,correct,dev_0015|dev_0007|dev_0041|dev_0039|dev_0006|dev_0019|dev_0011|dev_0054|dev_0001|dev_0045,Tab hover preview panel colors don't integrate well with themes
product_component_majority,bmo_1885162,core,dom: core & html,P4,dev_0060,dev_0060,1,1.0,True,True,True,True,correct,dev_0060|dev_0019|dev_0022|dev_0054|dev_0050|dev_0035|dev_0007|dev_0006|dev_0058|dev_0040,[wpt-sync] Sync PR 45085 - WPT: Script child removal does not trigger execution
product_component_majority,bmo_1885178,core,dom: animation,P4,dev_0060,dev_0060,1,1.0,True,True,True,True,correct,dev_0060|dev_0022|dev_0019|dev_0037|dev_0038|dev_0048|dev_0055|dev_0006|dev_0043|dev_0004,"[wpt-sync] Sync PR 45021 - Reland ""Skip static animations on compositor and main"""
product_component_majority,bmo_1885190,core,css parsing and computation,P4,dev_0060,dev_0060,1,1.0,True,True,True,True,correct,dev_0060|dev_0019|dev_0016|dev_0007|dev_0022|dev_0043|dev_0018|dev_0021|dev_0013|dev_0026,[wpt-sync] Sync PR 45087 - [css-color] rgba and hsla relative colors are valid
product_component_majority,bmo_1885193,firefox,search,P2,dev_0054,dev_0054,1,1.0,True,True,True,True,correct,dev_0054|dev_0032|dev_0007|dev_0019|dev_0011|dev_0001|dev_0045|dev_0012|dev_0041|dev_0044,Update mozilla-central copy of search-config-overrides-v2.json
product_component_majority,bmo_1885197,core,graphics,--,dev_0009,dev_0005,5,0.2,False,False,True,True,wrong_assignee,dev_0005|dev_0052|dev_0038|dev_0027|dev_0009|dev_0043|dev_0037|dev_0055|dev_0060|dev_0019,DeviceManagerDx::GetDXGIAdapterLocked needs to recreate the adapter in response to hot-plugging another monitor
product_component_majority,bmo_1885201,core,graphics: canvaswebgl,P1,dev_0027,dev_0027,1,1.0,True,True,True,True,correct,dev_0027|dev_0060|dev_0019|dev_0038|dev_0048|dev_0055|dev_0006|dev_0043|dev_0004|dev_0022,WebGLChild::FlushPendingCmds merely MOZ_ASSERTs non-null GetCurrentSerialEventTarget()
product_component_majority,bmo_1885208,core,css parsing and computation,P4,dev_0060,dev_0060,1,1.0,True,True,True,True,correct,dev_0060|dev_0019|dev_0016|dev_0007|dev_0022|dev_0043|dev_0018|dev_0021|dev_0013|dev_0026,[wpt-sync] Sync PR 45089 - [css-scroll-snap-2] Mark obsolete SnapEvent interface as deprecated.
product_component_majority,bmo_1885209,core,graphics: imagelib,--,dev_0056,dev_0056,1,1.0,True,True,True,True,correct,dev_0056|dev_0035|dev_0005|dev_0019|dev_0043|dev_0060|dev_0038|dev_0048|dev_0055|dev_0006,"Assertion failure: aInFormat == gfx::SurfaceFormat::R8G8B8 || aInFormat == gfx::SurfaceFormat::R8G8B8A8 || aInFormat == gfx::SurfaceFormat::R8G8B8X8 || aInFormat == gfx::SurfaceFormat::OS_RGBA || aInFormat == gfx::SurfaceFormat::OS_RGBX, at /builds/worker"
product_component_majority,bmo_1885213,core,css parsing and computation,P4,dev_0060,dev_0060,1,1.0,True,True,True,True,correct,dev_0060|dev_0019|dev_0016|dev_0007|dev_0022|dev_0043|dev_0018|dev_0021|dev_0013|dev_0026,[wpt-sync] Sync PR 45090 - End ongoing IFC when inserting anonymous block-level table
product_component_majority,bmo_1885215,core,css parsing and computation,P4,dev_0060,dev_0060,1,1.0,True,True,True,True,correct,dev_0060|dev_0019|dev_0016|dev_0007|dev_0022|dev_0043|dev_0018|dev_0021|dev_0013|dev_0026,[wpt-sync] Sync PR 44939 - Add support for auto keyword in CSS calc-size().
product_component_majority,bmo_1885216,core,layout: grid,P4,dev_0060,dev_0060,1,1.0,True,True,True,True,correct,dev_0060|dev_0013|dev_0002|dev_0019|dev_0038|dev_0048|dev_0055|dev_0006|dev_0043|dev_0004,[wpt-sync] Sync PR 45091 - Use clearer variable names in grid WPT to avoid spurious MISSING test results.
product_component_majority,bmo_1885218,core,security: process sandboxing,P1,dev_0028,dev_0028,1,1.0,True,True,True,True,correct,dev_0028|dev_0023|dev_0019|dev_0060|dev_0038|dev_0048|dev_0055|dev_0006|dev_0043|dev_0004,Add more logging for fatal errors in sandboxed process launch on Linux
product_component_majority,bmo_1885220,core,css parsing and computation,P4,dev_0060,dev_0060,1,1.0,True,True,True,True,correct,dev_0060|dev_0019|dev_0016|dev_0007|dev_0022|dev_0043|dev_0018|dev_0021|dev_0013|dev_0026,[wpt-sync] Sync PR 45092 - Add borders to (ok)lab L over 100% tests
product_component_majority,bmo_1885223,core,dom: events,--,dev_0017,dev_0060,2,0.5,False,True,True,True,wrong_assignee,dev_0060|dev_0017|dev_0040|dev_0019|dev_0022|dev_0038|dev_0048|dev_0055|dev_0006|dev_0043,Failing WPTs in /pointerevents/pointerevent_after_target_appended.html?mouse
product_component_majority,bmo_1885224,core,css parsing and computation,P4,dev_0060,dev_0060,1,1.0,True,True,True,True,correct,dev_0060|dev_0019|dev_0016|dev_0007|dev_0022|dev_0043|dev_0018|dev_0021|dev_0013|dev_0026,[wpt-sync] Sync PR 45093 - Allow finishing anonymous inline-table at the end of inline elements
product_component_majority,bmo_1885229,core,dom: core & html,P4,dev_0060,dev_0060,1,1.0,True,True,True,True,correct,dev_0060|dev_0019|dev_0022|dev_0054|dev_0050|dev_0035|dev_0007|dev_0006|dev_0058|dev_0040,[wpt-sync] Sync PR 45094 - DOM: Correct script-in-script atomic move WPT expectations
product_component_majority,bmo_1885232,core,dom: ui events & focus handling,--,dev_0040,dev_0040,1,1.0,True,True,True,True,correct,dev_0040|dev_0007|dev_0017|dev_0050|dev_0019|dev_0060|dev_0038|dev_0048|dev_0055|dev_0006,Failing WPTs in /pointerevents/pointerevent_click_during_capture.html?mouse-[click|auxclick]
product_component_majority,bmo_1885236,core,dom: core & html,P4,dev_0060,dev_0060,1,1.0,True,True,True,True,correct,dev_0060|dev_0019|dev_0022|dev_0054|dev_0050|dev_0035|dev_0007|dev_0006|dev_0058|dev_0040,[wpt-sync] Sync PR 45096 - Implement <selectedoption> for StylableSelect
product_component_majority,bmo_1885238,core,graphics: webgpu,P1,dev_0018,dev_0018,1,1.0,True,True,True,True,correct,dev_0018|dev_0052|dev_0038|dev_0009|dev_0027|dev_0060|dev_0019|dev_0048|dev_0055|dev_0006,GPUCompilationInfo positions wrong
product_component_majority,bmo_1885245,core,ipc,P1,dev_0027,dev_0028,3,0.3333333333333333,False,True,True,True,long_tail_assignee,dev_0028|dev_0046|dev_0027|dev_0017|dev_0060|dev_0019|dev_0038|dev_0048|dev_0055|dev_0006,Remove PlainOldDataSerializer
product_component_majority,bmo_1885246,core,ipc,P1,dev_0027,dev_0028,3,0.3333333333333333,False,True,True,True,long_tail_assignee,dev_0028|dev_0046|dev_0027|dev_0017|dev_0060|dev_0019|dev_0038|dev_0048|dev_0055|dev_0006,Remove PlainOldDataSerializer except in gfx/vr and gfx/layers/wr
product_component_majority,bmo_1885249,core,dom: ui events & focus handling,--,dev_0017,dev_0040,3,0.3333333333333333,False,True,True,True,long_tail_assignee,dev_0040|dev_0007|dev_0017|dev_0050|dev_0019|dev_0060|dev_0038|dev_0048|dev_0055|dev_0006,Failing WPTs in /pointerevents/pointerevent_mouse_capture_change_hover.html
product_component_majority,bmo_1885251,core,panning and zooming,P3,dev_0022,dev_0056,,0.0,False,False,False,False,long_tail_assignee,dev_0056|dev_0040|dev_0060|dev_0019|dev_0038|dev_0048|dev_0055|dev_0006|dev_0043|dev_0004,"Have the ""Zoom on all websites"" setting force-enable pinch zooming on sites that disable it using `touch-action` values, other than `touch-action: none`"
product_component_majority,bmo_1885252,core,storage: indexeddb,P4,dev_0060,dev_0060,1,1.0,True,True,True,True,correct,dev_0060|dev_0035|dev_0019|dev_0038|dev_0048|dev_0055|dev_0006|dev_0043|dev_0004|dev_0022,[wpt-sync] Sync PR 45098 - IDB: idbobjectstore_delete WPT extended to workers in addition to window
product_component_majority,bmo_1885254,core,layout,P4,dev_0060,dev_0060,1,1.0,True,True,True,True,correct,dev_0060|dev_0019|dev_0002|dev_0013|dev_0022|dev_0021|dev_0005|dev_0043|dev_0038|dev_0048,[wpt-sync] Sync PR 45099 - Make css grid not push content too far into next fragmentainer
product_component_majority,bmo_1885258,core,layout: text and fonts,--,dev_0057,dev_0060,,0.0,False,False,False,False,long_tail_assignee,dev_0060|dev_0026|dev_0022|dev_0019|dev_0038|dev_0048|dev_0055|dev_0006|dev_0043|dev_0004,Remove the IsHidden Exemption for Font Allowlist
product_component_majority,bmo_1885259,core,dom: ui events & focus handling,P1,dev_0040,dev_0040,1,1.0,True,True,True,True,correct,dev_0040|dev_0007|dev_0017|dev_0050|dev_0019|dev_0060|dev_0038|dev_0048|dev_0055|dev_0006,Crash in [@ nsCOMPtr<T>::get | nsCOMPtr<T>::operator nsIContent* | nsIFrame::GetContent]
product_component_majority,bmo_1885264,firefox,address bar,P5,dev_0001,dev_0001,1,1.0,True,True,True,True,correct,dev_0001|dev_0012|dev_0039|dev_0007|dev_0032|dev_0011|dev_0054|dev_0045|dev_0041|dev_0044,Intermittent browser/components/urlbar/tests/quicksuggest/browser/browser_weather.js | single tracking bug
product_component_majority,bmo_1885290,core,dom: core & html,P4,dev_0060,dev_0060,1,1.0,True,True,True,True,correct,dev_0060|dev_0019|dev_0022|dev_0054|dev_0050|dev_0035|dev_0007|dev_0006|dev_0058|dev_0040,"[wpt-sync] Sync PR 45103 - Revert ""Add HandleInvokeInternal on HTMLDialogElement"""
product_component_majority,bmo_1885302,firefox,search,P3,dev_0054,dev_0054,1,1.0,True,True,True,True,correct,dev_0054|dev_0032|dev_0007|dev_0019|dev_0011|dev_0001|dev_0045|dev_0012|dev_0041|dev_0044,Fix jsdoc @type documentation issues in search code
product_component_majority,bmo_1885306,firefox,pdf viewer,--,dev_0011,dev_0011,1,1.0,True,True,True,True,correct,dev_0011|dev_0054|dev_0001|dev_0045|dev_0032|dev_0007|dev_0012|dev_0041|dev_0044|dev_0051,Update PDF.js to new version 30e69956db3110b4a14d24af9f3ee74ae1ea03a7 from 2024-03-12 17:24:37
product_component_majority,bmo_1885309,core,networking: jar,P2,dev_0034,dev_0059,,0.0,False,False,False,False,long_tail_assignee,dev_0059|dev_0060|dev_0019|dev_0038|dev_0048|dev_0055|dev_0006|dev_0043|dev_0004|dev_0022,Extend zero_byte_length telemetry to include mjs files
product_component_majority,bmo_1885333,core,layout: text and fonts,P4,dev_0060,dev_0060,1,1.0,True,True,True,True,correct,dev_0060|dev_0026|dev_0022|dev_0019|dev_0038|dev_0048|dev_0055|dev_0006|dev_0043|dev_0004,[wpt-sync] Sync PR 45105 - Make trailing space hanging behavior depend on the item's style
product_component_majority,bmo_1885337,core,javascript: standard library,P2,dev_0004,dev_0004,1,1.0,True,True,True,True,correct,dev_0004|dev_0060|dev_0019|dev_0038|dev_0048|dev_0055|dev_0006|dev_0043|dev_0022|dev_0035,Initial implementation of Uint8Array to/from base64 proposal
product_component_majority,bmo_1885350,core,audio/video: playback,P1,dev_0003,dev_0003,1,1.0,True,True,True,True,correct,dev_0003|dev_0048|dev_0010|dev_0009|dev_0022|dev_0060|dev_0019|dev_0038|dev_0055|dev_0006,navigator.requestMediaKeySystemAccess > 1000x slowdown
product_component_majority,bmo_1885365,core,graphics: canvas2d,P3,dev_0005,dev_0038,3,0.3333333333333333,False,True,True,True,wrong_assignee,dev_0038|dev_0060|dev_0005|dev_0026|dev_0058|dev_0052|dev_0019|dev_0048|dev_0055|dev_0006,Improve canvas error throwing for draw target creation failures
product_component_majority,bmo_1885366,firefox,profile backup,P3,dev_0041,dev_0011,8,0.125,False,False,False,True,cold_start_component,dev_0011|dev_0054|dev_0001|dev_0045|dev_0032|dev_0007|dev_0012|dev_0041|dev_0044|dev_0051,Make sure the BackupResource class exists in source docs
product_component_majority,bmo_1885372,firefox,profile backup,P1,dev_0041,dev_0011,8,0.125,False,False,False,True,cold_start_component,dev_0011|dev_0054|dev_0001|dev_0045|dev_0032|dev_0007|dev_0012|dev_0041|dev_0044|dev_0051,Implement a basic `createBackup` method on BackupService
product_component_majority,bmo_1885376,core,graphics: webrender,--,dev_0009,dev_0043,3,0.3333333333333333,False,True,True,True,wrong_assignee,dev_0043|dev_0056|dev_0009|dev_0038|dev_0037|dev_0005|dev_0060|dev_0019|dev_0048|dev_0055,6.2% ts_paint_webext (Windows) regression on Thu March 7 2024
product_component_majority,bmo_1885388,core,css parsing and computation,P4,dev_0060,dev_0060,1,1.0,True,True,True,True,correct,dev_0060|dev_0019|dev_0016|dev_0007|dev_0022|dev_0043|dev_0018|dev_0021|dev_0013|dev_0026,[wpt-sync] Sync PR 45106 - [css-anchor-position] Limit position options list to five
product_component_majority,bmo_1885390,core,dom: credential management,P4,dev_0060,dev_0060,1,1.0,True,True,True,True,correct,dev_0060|dev_0019|dev_0038|dev_0048|dev_0055|dev_0006|dev_0043|dev_0004|dev_0022|dev_0035,[wpt-sync] Sync PR 45107 - [FedCM] Enable CORS in ID assertion endpoint
product_component_majority,bmo_1885396,core,audio/video: playback,P1,dev_0003,dev_0003,1,1.0,True,True,True,True,correct,dev_0003|dev_0048|dev_0010|dev_0009|dev_0022|dev_0060|dev_0019|dev_0038|dev_0055|dev_0006,[wmfme] disable media engine pref on Dev Edition
product_component_majority,bmo_1885401,core,javascript engine,--,dev_0006,dev_0006,1,1.0,True,True,True,True,correct,dev_0006|dev_0004|dev_0025|dev_0053|dev_0024|dev_0042|dev_0059|dev_0050|dev_0058|dev_0060,JSString::dumpCharsNoQuote stack exhaustion
product_component_majority,bmo_1885403,firefox,profile backup,--,dev_0041,dev_0011,8,0.125,False,False,False,True,cold_start_component,dev_0011|dev_0054|dev_0001|dev_0045|dev_0032|dev_0007|dev_0012|dev_0041|dev_0044|dev_0051,Add legacy telemetry mirror for browser.backup.prof_d_disk_space Glean probe
product_component_majority,bmo_1885409,core,css parsing and computation,P4,dev_0060,dev_0060,1,1.0,True,True,True,True,correct,dev_0060|dev_0019|dev_0016|dev_0007|dev_0022|dev_0043|dev_0018|dev_0021|dev_0013|dev_0026,[wpt-sync] Sync PR 45109 - [css-scroll-snap-2] Switch snapchanged to updated SnapEvent interface
product_component_majority,bmo_1885412,core,layout,P4,dev_0060,dev_0060,1,1.0,True,True,True,True,correct,dev_0060|dev_0019|dev_0002|dev_0013|dev_0022|dev_0021|dev_0005|dev_0043|dev_0038|dev_0048,[wpt-sync] Sync PR 45111 - Add new print mode grid overflow test
product_component_majority,bmo_1885416,core,dom: credential management,P4,dev_0060,dev_0060,1,1.0,True,True,True,True,correct,dev_0060|dev_0019|dev_0038|dev_0048|dev_0055|dev_0006|dev_0043|dev_0004|dev_0022|dev_0035,[wpt-sync] Sync PR 45112 - [FedCM] Don't allow popups for mediation:silent or without user gesture
product_component_majority,bmo_1885441,core,css parsing and computation,P4,dev_0060,dev_0060,1,1.0,True,True,True,True,correct,dev_0060|dev_0019|dev_0016|dev_0007|dev_0022|dev_0043|dev_0018|dev_0021|dev_0013|dev_0026,[wpt-sync] Sync PR 45114 - [css-scroll-snap-2] Switch snapchanging to updated SnapEvents interface
product_component_majority,bmo_1885443,core,javascript engine,--,dev_0024,dev_0006,5,0.2,False,False,True,True,wrong_assignee,dev_0006|dev_0004|dev_0025|dev_0053|dev_0024|dev_0042|dev_0059|dev_0050|dev_0058|dev_0060,"Assertion failure: mModuleScript->HadImportMap() == childScript->HadImportMap(), at /builds/worker/checkouts/gecko/js/loader/ModuleLoadRequest.cpp:219"
product_component_majority,bmo_1885446,core,graphics: canvaswebgl,P2,dev_0009,dev_0027,,0.0,False,False,False,False,long_tail_assignee,dev_0027|dev_0060|dev_0019|dev_0038|dev_0048|dev_0055|dev_0006|dev_0043|dev_0004|dev_0022,webgl.unpackColorSpace not supported
product_component_majority,bmo_1885447,core,graphics: color management,P1,dev_0027,dev_0043,2,0.5,False,True,True,True,long_tail_assignee,dev_0043|dev_0027|dev_0060|dev_0019|dev_0038|dev_0048|dev_0055|dev_0006|dev_0004|dev_0022,Tonemap/color-manage webgl sdr/wcg output into Display profile as pre-compositor post-process.
product_component_majority,bmo_1885451,core,graphics: webrender,P2,dev_0009,dev_0043,3,0.3333333333333333,False,True,True,True,wrong_assignee,dev_0043|dev_0056|dev_0009|dev_0038|dev_0037|dev_0005|dev_0060|dev_0019|dev_0048|dev_0055,ExternalSurfaces can't be relied on to reach e.g. DCLayerTree
product_component_majority,bmo_1885475,core,javascript engine,P1,dev_0006,dev_0006,1,1.0,True,True,True,True,correct,dev_0006|dev_0004|dev_0025|dev_0053|dev_0024|dev_0042|dev_0059|dev_0050|dev_0058|dev_0060,[loongarch] Failed to dumpValue for floating-point value
product_component_majority,bmo_1885489,core,javascript engine: jit,P1,dev_0004,dev_0004,1,1.0,True,True,True,True,correct,dev_0004|dev_0025|dev_0042|dev_0024|dev_0060|dev_0019|dev_0038|dev_0048|dev_0055|dev_0006,"Assertion failure: isInt32(), at js/Value.h:942"
product_component_majority,bmo_1885490,core,graphics,--,dev_0052,dev_0005,2,0.5,False,True,True,True,wrong_assignee,dev_0005|dev_0052|dev_0038|dev_0027|dev_0009|dev_0043|dev_0037|dev_0055|dev_0060|dev_0019,Add a capability to disable RemoteTexture recycling
product_component_majority,bmo_1885491,core,graphics: canvaswebgl,P1,dev_0027,dev_0027,1,1.0,True,True,True,True,correct,dev_0027|dev_0060|dev_0019|dev_0038|dev_0048|dev_0055|dev_0006|dev_0043|dev_0004|dev_0022,Ship webgl.drawingBufferColorSpace
product_component_majority,bmo_1885500,core,graphics: webgpu,--,dev_0052,dev_0018,2,0.5,False,True,True,True,wrong_assignee,dev_0018|dev_0052|dev_0038|dev_0009|dev_0027|dev_0060|dev_0019|dev_0048|dev_0055|dev_0006,"[WebGPU] with sw-wr and dx12-no-readback, webgpu demo  will crash the whole browser"
product_component_majority,bmo_1885502,core,dom: core & html,P4,dev_0060,dev_0060,1,1.0,True,True,True,True,correct,dev_0060|dev_0019|dev_0022|dev_0054|dev_0050|dev_0035|dev_0007|dev_0006|dev_0058|dev_0040,[wpt-sync] Sync PR 45119 - Avoid firing blur & focusout events when removing a node
product_component_majority,bmo_1885505,firefox,pdf viewer,P1,dev_0011,dev_0011,1,1.0,True,True,True,True,correct,dev_0011|dev_0054|dev_0001|dev_0045|dev_0032|dev_0007|dev_0012|dev_0041|dev_0044|dev_0051,Screen readers will not read highlighted text inside a PDF
product_component_majority,bmo_1885507,core,css parsing and computation,P4,dev_0060,dev_0060,1,1.0,True,True,True,True,correct,dev_0060|dev_0019|dev_0016|dev_0007|dev_0022|dev_0043|dev_0018|dev_0021|dev_0013|dev_0026,[wpt-sync] Sync PR 45120 - [css-position-anchor] anchor-default -> position-anchor
product_component_majority,bmo_1885521,core,widget: gtk,--,dev_0019,dev_0055,2,0.5,False,True,True,True,wrong_assignee,dev_0055|dev_0019|dev_0013|dev_0060|dev_0038|dev_0048|dev_0006|dev_0043|dev_0004|dev_0022,"Use GetWidgetScreen in Element.screen, so as to make it work on Wayland."
product_component_majority,bmo_1885526,core,css parsing and computation,P4,dev_0060,dev_0060,1,1.0,True,True,True,True,correct,dev_0060|dev_0019|dev_0016|dev_0007|dev_0022|dev_0043|dev_0018|dev_0021|dev_0013|dev_0026,[wpt-sync] Sync PR 45122 - View-transitions should only be allowed when page is visible
product_component_majority,bmo_1885529,core,networking: dns,P2,dev_0059,dev_0059,1,1.0,True,True,True,True,correct,dev_0059|dev_0060|dev_0019|dev_0038|dev_0048|dev_0055|dev_0006|dev_0043|dev_0004|dev_0022,Investigate increase in DNS queueing time with native HTTPS records
product_component_majority,bmo_1885545,core,css parsing and computation,P4,dev_0060,dev_0060,1,1.0,True,True,True,True,correct,dev_0060|dev_0019|dev_0016|dev_0007|dev_0022|dev_0043|dev_0018|dev_0021|dev_0013|dev_0026,[wpt-sync] Sync PR 45125 - Fix separator handling for legacy syntax colors
product_component_majority,bmo_1885546,core,graphics: canvas2d,P4,dev_0060,dev_0038,2,0.5,False,True,True,True,wrong_assignee,dev_0038|dev_0060|dev_0005|dev_0026|dev_0058|dev_0052|dev_0019|dev_0048|dev_0055|dev_0006,[wpt-sync] Sync PR 45126 - CanvasGradient addColorStop supports color-mix
product_component_majority,bmo_1885548,core,css parsing and computation,P4,dev_0060,dev_0060,1,1.0,True,True,True,True,correct,dev_0060|dev_0019|dev_0016|dev_0007|dev_0022|dev_0043|dev_0018|dev_0021|dev_0013|dev_0026,[wpt-sync] Sync PR 45127 - Simplify control flow in parts of ColorFunctionParser
product_component_majority,bmo_1885549,core,dom: core & html,P4,dev_0060,dev_0060,1,1.0,True,True,True,True,correct,dev_0060|dev_0019|dev_0022|dev_0054|dev_0050|dev_0035|dev_0007|dev_0006|dev_0058|dev_0040,"[wpt-sync] Sync PR 45124 - Revert ""[PEPC] Add restrictions to word-spacing for PEPC"""
product_component_majority,bmo_1885558,core,dom: animation,P4,dev_0060,dev_0060,1,1.0,True,True,True,True,correct,dev_0060|dev_0022|dev_0019|dev_0037|dev_0038|dev_0048|dev_0055|dev_0006|dev_0043|dev_0004,[wpt-sync] Sync PR 45129 - Port flaky animations/reponsive tests to WPT
product_component_majority,bmo_1885598,core,dom: navigation,--,dev_0057,dev_0046,,0.0,False,False,False,False,long_tail_assignee,dev_0046|dev_0019|dev_0022|dev_0058|dev_0060|dev_0038|dev_0048|dev_0055|dev_0006|dev_0043,Improve and Clean up some privileged-mozilla-content-process code
product_component_majority,bmo_1885600,core,dom: core & html,P4,dev_0060,dev_0060,1,1.0,True,True,True,True,correct,dev_0060|dev_0019|dev_0022|dev_0054|dev_0050|dev_0035|dev_0007|dev_0006|dev_0058|dev_0040,[wpt-sync] Sync PR 45133 - Attempt to de-flake sandbox top navigation WPTs.
product_component_majority,bmo_1885601,core,css transitions and animations,P4,dev_0060,dev_0060,1,1.0,True,True,True,True,correct,dev_0060|dev_0019|dev_0038|dev_0048|dev_0055|dev_0006|dev_0043|dev_0004|dev_0022|dev_0035,[wpt-sync] Sync PR 45134 - Port flaky animations/stability tests to WPT
bm25_text_knn,bmo_1884275,core,audio/video: playback,P2,dev_0003,dev_0048,2,0.5,False,True,True,True,wrong_assignee,dev_0048|dev_0003|dev_0009|dev_0010|dev_0022|dev_0059|dev_0060|dev_0019|dev_0054|dev_0011,Crash in [@ D3DKMTUnregisterTrimNotification]
bm25_text_knn,bmo_1884278,firefox,firefox view,P3,dev_0007,dev_0007,1,1.0,True,True,True,True,correct,dev_0007|dev_0047|dev_0033|dev_0045|dev_0054|dev_0001|dev_0031|dev_0060|dev_0019|dev_0011,Add an exception from a11y_checks for clicks on a not focusable pinned media button on Firefox View
bm25_text_knn,bmo_1884281,core,dom: editor,--,dev_0040,dev_0056,2,0.5,False,True,True,True,wrong_assignee,dev_0056|dev_0040|dev_0043|dev_0006|dev_0025|dev_0038|dev_0042|dev_0048|dev_0024|dev_0050,"Assertion failure: mStart.EqualsOrIsBefore(mEnd), at /builds/worker/workspace/obj-build/dist/include/mozilla/EditorDOMPoint.h:1290"
bm25_text_knn,bmo_1884297,core,gecko profiler,--,dev_0043,dev_0043,1,1.0,True,True,True,True,correct,dev_0043|dev_0048|dev_0019|dev_0004|dev_0050|dev_0013|dev_0005|dev_0054|dev_0056|dev_0060,tools/profiler/core/platform.cpp:118:12: fatal error: 'nsCocoaFeatures.h' file not found
bm25_text_knn,bmo_1884314,core,graphics: text,--,dev_0026,dev_0043,3,0.3333333333333333,False,True,True,True,wrong_assignee,dev_0043|dev_0060|dev_0026|dev_0009|dev_0045|dev_0057|dev_0005|dev_0013|dev_0019|dev_0053,IOSPlatformFontList::InitSystemFontNames and IOSPlatformFontList::GetDefaultFontForPlatform return empty strings
bm25_text_knn,bmo_1884322,firefox,firefox view,--,dev_0033,dev_0011,3,0.3333333333333333,False,True,True,True,wrong_assignee,dev_0011|dev_0047|dev_0033|dev_0045|dev_0012|dev_0027|dev_0029|dev_0007|dev_0030|dev_0060,Any key will toggle mute/unmute button in Fx View
bm25_text_knn,bmo_1884347,core,security: process sandboxing,P1,dev_0028,dev_0058,2,0.5,False,True,True,True,wrong_assignee,dev_0058|dev_0028|dev_0023|dev_0019|dev_0041|dev_0004|dev_0029|dev_0048|dev_0032|dev_0060,AppArmor user namespace creation restrictions cause many applications (including Firefox tabs) to crash with SIGTRAP or SIGSEGV
bm25_text_knn,bmo_1884349,core,networking: http,P1,dev_0034,dev_0034,1,1.0,True,True,True,True,correct,dev_0034|dev_0012|dev_0044|dev_0011|dev_0032|dev_0059|dev_0027|dev_0047|dev_0021|dev_0045,firefox didn't load any page
bm25_text_knn,bmo_1884360,core,javascript engine,P2,dev_0025,dev_0004,2,0.5,False,True,True,True,wrong_assignee,dev_0004|dev_0025|dev_0042|dev_0006|dev_0049|dev_0024|dev_0060|dev_0019|dev_0054|dev_0011,Reimplement Array.prototype.sort with a JIT trampoline
bm25_text_knn,bmo_1884368,core,javascript engine: jit,--,dev_0025,dev_0004,3,0.3333333333333333,False,True,True,True,wrong_assignee,dev_0004|dev_0024|dev_0025|dev_0042|dev_0006|dev_0060|dev_0019|dev_0054|dev_0011|dev_0038,Retire jit::GetPcScript and PcScriptCache
bm25_text_knn,bmo_1884407,firefox,profile backup,P1,dev_0041,dev_0041,1,1.0,True,True,True,True,correct,dev_0041|dev_0001|dev_0012|dev_0003|dev_0033|dev_0032|dev_0020|dev_0025|dev_0049|dev_0011,Add a probe to measure available disk space for profile directory storage device
bm25_text_knn,bmo_1884417,firefox,tabbed browser,P2,dev_0015,dev_0015,1,1.0,True,True,True,True,correct,dev_0015|dev_0007|dev_0019|dev_0023|dev_0041|dev_0001|dev_0039|dev_0032|dev_0044|dev_0060,Address UX feedback for Tab Hover Preview
bm25_text_knn,bmo_1884427,core,javascript: gc,P1,dev_0024,dev_0024,1,1.0,True,True,True,True,correct,dev_0024|dev_0004|dev_0025|dev_0053|dev_0008|dev_0042|dev_0038|dev_0040|dev_0006|dev_0048,Crash [@ js::CheckTracedThing]
bm25_text_knn,bmo_1884435,firefox,address bar,P1,dev_0001,dev_0001,1,1.0,True,True,True,True,correct,dev_0001|dev_0012|dev_0039|dev_0007|dev_0060|dev_0019|dev_0054|dev_0011|dev_0038|dev_0048,Remove bounding box / stroke from Yelp Suggestions UI
bm25_text_knn,bmo_1884452,core,widget: gtk,P3,dev_0019,dev_0055,4,0.25,False,False,True,True,wrong_assignee,dev_0055|dev_0007|dev_0013|dev_0019|dev_0051|dev_0001|dev_0054|dev_0039|dev_0045|dev_0060,Provide about:config entry to disable changing of titlebar buttons in firefox for every themes
bm25_text_knn,bmo_1884457,core,javascript: gc,P3,dev_0024,dev_0024,1,1.0,True,True,True,True,correct,dev_0024|dev_0035|dev_0053|dev_0060|dev_0025|dev_0049|dev_0028|dev_0029|dev_0019|dev_0004,Potential use of uninitialized storage on self-assignment in MarkStack::operator=()
bm25_text_knn,bmo_1884464,core,graphics: text,--,dev_0019,dev_0026,3,0.3333333333333333,False,True,True,True,long_tail_assignee,dev_0026|dev_0060|dev_0019|dev_0041|dev_0007|dev_0006|dev_0022|dev_0021|dev_0005|dev_0052,Make worker font loads more similar to style system font loads.
bm25_text_knn,bmo_1884466,core,dom: web authentication,P3,dev_0029,dev_0029,1,1.0,True,True,True,True,correct,dev_0029|dev_0034|dev_0038|dev_0010|dev_0014|dev_0012|dev_0006|dev_0058|dev_0007|dev_0003,Implement getClientCapabilities
bm25_text_knn,bmo_1884496,core,xpconnect,--,dev_0054,dev_0009,4,0.25,False,False,True,True,long_tail_assignee,dev_0009|dev_0060|dev_0006|dev_0054|dev_0017|dev_0011|dev_0037|dev_0039|dev_0031|dev_0029,Switch to do_importESModule in extension files and drop do_importModule
bm25_text_knn,bmo_1884505,core,layout,--,dev_0021,dev_0019,7,0.14285714285714285,False,False,False,True,wrong_assignee,dev_0019|dev_0049|dev_0013|dev_0040|dev_0048|dev_0045|dev_0021|dev_0039|dev_0031|dev_0056,Perma infrastructure/reftest-zoom/clamp-full-zoom-001.html | Testing infrastructure/reftest-zoom/clamp-full-zoom-001.html == infrastructure/reftest-zoom/clamp-full-zoom-001-ref.html when when Gecko 125 merges to Beta on 2024-03-18
bm25_text_knn,bmo_1884518,core,javascript: webassembly,P1,dev_0049,dev_0049,1,1.0,True,True,True,True,correct,dev_0049|dev_0053|dev_0004|dev_0050|dev_0048|dev_0025|dev_0019|dev_0016|dev_0027|dev_0013,Invalid stack pointer when delegate is combined with try_table and params
bm25_text_knn,bmo_1884539,core,layout: form controls,--,dev_0026,dev_0019,7,0.14285714285714285,False,False,False,True,long_tail_assignee,dev_0019|dev_0013|dev_0060|dev_0002|dev_0056|dev_0025|dev_0026|dev_0005|dev_0024|dev_0022,<select> popups don't respect minimum font size
bm25_text_knn,bmo_1884553,core,javascript engine,P3,dev_0004,dev_0006,5,0.2,False,False,True,True,wrong_assignee,dev_0006|dev_0024|dev_0042|dev_0025|dev_0004|dev_0053|dev_0058|dev_0056|dev_0048|dev_0060,"Assertion failure: js::gc::IsCellPointerValid(&obj), at js/Value.h:633 with CalendarFields"
bm25_text_knn,bmo_1884565,core,javascript: webassembly,P1,dev_0049,dev_0004,4,0.25,False,False,True,True,wrong_assignee,dev_0004|dev_0006|dev_0024|dev_0049|dev_0042|dev_0025|dev_0053|dev_0058|dev_0052|dev_0060,Assertion failure: aIndex < mLength (issue 1883785 patch bypass)
bm25_text_knn,bmo_1884574,core,dom: web authentication,P1,dev_0029,dev_0029,1,1.0,True,True,True,True,correct,dev_0029|dev_0032|dev_0001|dev_0019|dev_0045|dev_0048|dev_0014|dev_0034|dev_0020|dev_0017,Firefox crashes after clicking `Create a passkey` in Google Account > Security > Passkeys
bm25_text_knn,bmo_1884600,core,graphics,--,dev_0052,dev_0052,1,1.0,True,True,True,True,correct,dev_0052|dev_0003|dev_0010|dev_0019|dev_0058|dev_0005|dev_0048|dev_0035|dev_0059|dev_0026,Block NVIDIA RTX Video Super Resolution depends on driver version
bm25_text_knn,bmo_1884624,core,widget: cocoa,P3,dev_0009,dev_0019,2,0.5,False,True,True,True,wrong_assignee,dev_0019|dev_0009|dev_0005|dev_0055|dev_0051|dev_0038|dev_0040|dev_0044|dev_0014|dev_0002,[macOS 14] Crash in [@ __CFCheckCFInfoPACSignature] and [@ _CFAssertMismatchedTypeID] on 124 branch and up
bm25_text_knn,bmo_1884628,core,networking: dns,P1,dev_0034,dev_0059,2,0.5,False,True,True,True,long_tail_assignee,dev_0059|dev_0034|dev_0030|dev_0005|dev_0057|dev_0060|dev_0014|dev_0008|dev_0042|dev_0038,Crash Report [@ pthread_kill@@GLIBC_2.34 | raise | __netlink_assert_response ]
bm25_text_knn,bmo_1884631,core,widget: cocoa,P3,dev_0019,dev_0009,3,0.3333333333333333,False,True,True,True,long_tail_assignee,dev_0009|dev_0022|dev_0019|dev_0055|dev_0059|dev_0042|dev_0029|dev_0005|dev_0038|dev_0045,Consider removing WindowType::Sheet (native macOS sheet support)
bm25_text_knn,bmo_1884635,core,widget: cocoa,--,dev_0019,dev_0019,1,1.0,True,True,True,True,correct,dev_0019|dev_0009|dev_0029|dev_0014|dev_0035|dev_0040|dev_0007|dev_0005|dev_0020|dev_0038,[macOS] XUL notification does not stay frontmost
bm25_text_knn,bmo_1884645,core,networking,P2,dev_0059,dev_0009,3,0.3333333333333333,False,True,True,True,wrong_assignee,dev_0009|dev_0035|dev_0059|dev_0006|dev_0022|dev_0013|dev_0041|dev_0007|dev_0034|dev_0026,Send an observer notification with the decodedBodySize before calling OnStopRequest listeners
bm25_text_knn,bmo_1884649,core,javascript engine: jit,P1,dev_0004,dev_0004,1,1.0,True,True,True,True,correct,dev_0004|dev_0053|dev_0042|dev_0006|dev_0025|dev_0024|dev_0058|dev_0050|dev_0052|dev_0060,"Assertion failure: from->hasLatin1Chars(), at builtin/String.cpp:570"
bm25_text_knn,bmo_1884652,core,xul,--,dev_0019,dev_0019,1,1.0,True,True,True,True,correct,dev_0019|dev_0006|dev_0060|dev_0054|dev_0043|dev_0055|dev_0008|dev_0023|dev_0044|dev_0026,Remove support for titlebars on panels.
bm25_text_knn,bmo_1884671,firefox,sidebar,--,dev_0047,dev_0047,1,1.0,True,True,True,True,correct,dev_0047|dev_0033|dev_0019|dev_0051|dev_0001|dev_0041|dev_0012|dev_0011|dev_0044|dev_0045,Create pref and directory for the new sidebar
bm25_text_knn,bmo_1884693,core,privacy: anti-tracking,--,dev_0058,dev_0058,1,1.0,True,True,True,True,correct,dev_0058|dev_0057|dev_0008|dev_0036|dev_0015|dev_0020|dev_0060|dev_0019|dev_0054|dev_0011,Collect more fingerprintable pref values
bm25_text_knn,bmo_1884701,firefox,search,P3,dev_0054,dev_0054,1,1.0,True,True,True,True,correct,dev_0054|dev_0032|dev_0039|dev_0007|dev_0001|dev_0060|dev_0019|dev_0011|dev_0038|dev_0048,Simplify removing engines during reload engines with search-config-v2
bm25_text_knn,bmo_1884705,firefox,remote settings client,--,dev_0054,dev_0054,1,1.0,True,True,True,True,correct,dev_0054|dev_0032|dev_0023|dev_0007|dev_0060|dev_0056|dev_0004|dev_0011|dev_0005|dev_0006,Add a function to allow getting attachments from the cache or dumps without downloading them
bm25_text_knn,bmo_1884719,core,audio/video: playback,P1,dev_0003,dev_0003,1,1.0,True,True,True,True,correct,dev_0003|dev_0010|dev_0022|dev_0048|dev_0025|dev_0060|dev_0019|dev_0054|dev_0011|dev_0038,[wmfme] ensure the hardware decoding is available before starting the media engine
bm25_text_knn,bmo_1884725,core,dom: web authentication,--,dev_0029,dev_0029,1,1.0,True,True,True,True,correct,dev_0029|dev_0048|dev_0019|dev_0060|dev_0054|dev_0041|dev_0014|dev_0050|dev_0040|dev_0052,"In Windows, passkeys authentication under Firefox in anonymous/private mode is logged as it was non-private to Windows Log Event"
bm25_text_knn,bmo_1884732,core,dom: content processes,--,dev_0057,dev_0046,,0.0,False,False,False,False,long_tail_assignee,dev_0046|dev_0035|dev_0055|dev_0013|dev_0060|dev_0023|dev_0054|dev_0006|dev_0007|dev_0017,Add logging for window actor messages
bm25_text_knn,bmo_1884734,core,dom: css object model,P4,dev_0060,dev_0060,1,1.0,True,True,True,True,correct,dev_0060|dev_0019|dev_0013|dev_0007|dev_0054|dev_0011|dev_0038|dev_0048|dev_0055|dev_0006,"[wpt-sync] Sync PR 45028 - Revert ""Return currentcolor as a computed value on computedStyleMap"""
bm25_text_knn,bmo_1884736,core,dom: service workers,P4,dev_0060,dev_0060,1,1.0,True,True,True,True,correct,dev_0060|dev_0019|dev_0054|dev_0011|dev_0038|dev_0048|dev_0007|dev_0055|dev_0006|dev_0022,[wpt-sync] Sync PR 44998 - Add WPT for the length of router rules
bm25_text_knn,bmo_1884737,core,graphics: canvas2d,P3,dev_0005,dev_0038,2,0.5,False,True,True,True,wrong_assignee,dev_0038|dev_0005|dev_0060|dev_0056|dev_0050|dev_0026|dev_0052|dev_0057|dev_0035|dev_0019,Ensure CanvasChild::ReturnDataSurfaceShmem is threadsafe
bm25_text_knn,bmo_1884746,core,javascript: gc,P2,dev_0024,dev_0024,1,1.0,True,True,True,True,correct,dev_0024|dev_0025|dev_0004|dev_0006|dev_0042|dev_0053|dev_0050|dev_0058|dev_0052|dev_0056,"Assertion failure: !zone->uniqueIds().has(tgt), at gc/StableCellHasher-inl.h:140"
bm25_text_knn,bmo_1884759,core,networking: http,--,dev_0019,dev_0034,,0.0,False,False,False,False,long_tail_assignee,dev_0034|dev_0060|dev_0021|dev_0024|dev_0004|dev_0056|dev_0032|dev_0017|dev_0020|dev_0025,Don't use a mutex to handle parse promise blocking.
bm25_text_knn,bmo_1884765,core,css parsing and computation,P4,dev_0060,dev_0060,1,1.0,True,True,True,True,correct,dev_0060|dev_0043|dev_0018|dev_0019|dev_0054|dev_0011|dev_0038|dev_0048|dev_0007|dev_0055,[wpt-sync] Sync PR 44991 - update test to expect shadow trees to find document keyframes
bm25_text_knn,bmo_1884774,core,dom: networking,P4,dev_0060,dev_0060,1,1.0,True,True,True,True,correct,dev_0060|dev_0054|dev_0019|dev_0011|dev_0038|dev_0048|dev_0007|dev_0055|dev_0006|dev_0022,"[wpt-sync] Sync PR 44997 - Reapply ""ReadableStream should be cancelled on aborting fetch streaming upload"""
bm25_text_knn,bmo_1884776,core,layout: text and fonts,P4,dev_0060,dev_0060,1,1.0,True,True,True,True,correct,dev_0060|dev_0026|dev_0019|dev_0022|dev_0054|dev_0011|dev_0038|dev_0048|dev_0007|dev_0055,[wpt-sync] Sync PR 44995 - Ensure the -webkit-text-stroke property is computed properly.
bm25_text_knn,bmo_1884777,core,javascript: webassembly,P1,dev_0049,dev_0049,1,1.0,True,True,True,True,correct,dev_0049|dev_0001|dev_0004|dev_0042|dev_0045|dev_0012|dev_0025|dev_0054|dev_0006|dev_0060,Update wasm-smith
bm25_text_knn,bmo_1884778,core,graphics: text,P5,dev_0043,dev_0026,10,0.1,False,False,False,True,wrong_assignee,dev_0026|dev_0052|dev_0004|dev_0055|dev_0038|dev_0040|dev_0013|dev_0024|dev_0019|dev_0043,Permanent /builds/worker/checkouts/gecko/gfx/thebes/gfxPlatformMac.cpp:123:46: error: allocating an object of abstract class type 'PlatformFontListClass' (aka 'IOSPlatformFontList')
bm25_text_knn,bmo_1884781,firefox,theme,--,dev_0019,dev_0019,1,1.0,True,True,True,True,correct,dev_0019|dev_0054|dev_0022|dev_0041|dev_0017|dev_0056|dev_0015|dev_0043|dev_0060|dev_0029,Remove unused rule in windows/browser.css
bm25_text_knn,bmo_1884783,core,javascript: webassembly,P3,dev_0049,dev_0049,1,1.0,True,True,True,True,correct,dev_0049|dev_0019|dev_0006|dev_0025|dev_0042|dev_0004|dev_0007|dev_0024|dev_0053|dev_0060,AnyRef::fromUint32Trunace assumes that unknown architectures are 32-bit
bm25_text_knn,bmo_1884786,core,css parsing and computation,P4,dev_0060,dev_0060,1,1.0,True,True,True,True,correct,dev_0060|dev_0019|dev_0054|dev_0011|dev_0038|dev_0048|dev_0007|dev_0055|dev_0006|dev_0022,[wpt-sync] Sync PR 44993 - @font-face tests for shadow dom
bm25_text_knn,bmo_1884792,core,css parsing and computation,P3,dev_0019,dev_0016,2,0.5,False,True,True,True,wrong_assignee,dev_0016|dev_0019|dev_0060|dev_0022|dev_0018|dev_0026|dev_0059|dev_0054|dev_0011|dev_0038,Remove chrome-only :-moz-lwtheme pseudo-class
bm25_text_knn,bmo_1884794,core,dom: credential management,P4,dev_0060,dev_0060,1,1.0,True,True,True,True,correct,dev_0060|dev_0019|dev_0054|dev_0011|dev_0038|dev_0048|dev_0007|dev_0055|dev_0006|dev_0022,[wpt-sync] Sync PR 44994 - [FedCM] Split button flow web tests into multiple files
bm25_text_knn,bmo_1884797,core,css parsing and computation,P4,dev_0060,dev_0060,1,1.0,True,True,True,True,correct,dev_0060|dev_0016|dev_0019|dev_0054|dev_0011|dev_0038|dev_0048|dev_0007|dev_0055|dev_0006,"[wpt-sync] Sync PR 45004 - [css-anchor-position] Apply position-try-options, not position-fallback"
bm25_text_knn,bmo_1884809,core,css parsing and computation,P4,dev_0060,dev_0060,1,1.0,True,True,True,True,correct,dev_0060|dev_0007|dev_0022|dev_0019|dev_0054|dev_0011|dev_0038|dev_0048|dev_0055|dev_0006,[wpt-sync] Sync PR 45014 - [css-color-5] relative color : multiply channel keywords by percentages
bm25_text_knn,bmo_1884811,core,svg,P4,dev_0060,dev_0060,1,1.0,True,True,True,True,correct,dev_0060|dev_0019|dev_0054|dev_0011|dev_0038|dev_0048|dev_0007|dev_0055|dev_0006|dev_0022,[wpt-sync] Sync PR 45015 - Fix `animateColor` test to work across browsers
bm25_text_knn,bmo_1884813,core,graphics: webrender,--,dev_0052,dev_0059,4,0.25,False,False,True,True,long_tail_assignee,dev_0059|dev_0038|dev_0040|dev_0052|dev_0055|dev_0026|dev_0048|dev_0024|dev_0050|dev_0002,"Assertion failure: false (MOZ_ASSERT_UNREACHABLE: unexpected to be called), at /builds/worker/checkouts/gecko/gfx/webrender_bindings/WebRenderAPI.cpp:547"
bm25_text_knn,bmo_1884819,core,dom: css object model,P4,dev_0060,dev_0060,1,1.0,True,True,True,True,correct,dev_0060|dev_0019|dev_0013|dev_0007|dev_0054|dev_0011|dev_0038|dev_0048|dev_0055|dev_0006,[wpt-sync] Sync PR 45030 - Add `getComputedStyle()` cases with lacking leading colons
bm25_text_knn,bmo_1884826,core,css parsing and computation,P4,dev_0060,dev_0060,1,1.0,True,True,True,True,correct,dev_0060|dev_0016|dev_0019|dev_0043|dev_0054|dev_0011|dev_0038|dev_0048|dev_0007|dev_0055,[wpt-sync] Sync PR 45020 - [css-nesting-1] Change serialization of relative selectors within nesting.
bm25_text_knn,bmo_1884827,core,graphics: canvas2d,P4,dev_0060,dev_0060,1,1.0,True,True,True,True,correct,dev_0060|dev_0038|dev_0058|dev_0018|dev_0019|dev_0054|dev_0011|dev_0048|dev_0007|dev_0055,[wpt-sync] Sync PR 45009 - Migrate Canvas WebGPU Access tests into WebGPU test directory.
bm25_text_knn,bmo_1884828,core,dom: credential management,P4,dev_0060,dev_0060,1,1.0,True,True,True,True,correct,dev_0060|dev_0019|dev_0054|dev_0011|dev_0038|dev_0048|dev_0007|dev_0055|dev_0006|dev_0022,[wpt-sync] Sync PR 45008 - [RWI] Make navigator.identity.get() return DigitalCredential object
bm25_text_knn,bmo_1884829,core,disability access apis,P4,dev_0060,dev_0060,1,1.0,True,True,True,True,correct,dev_0060|dev_0031|dev_0007|dev_0009|dev_0019|dev_0054|dev_0011|dev_0038|dev_0048|dev_0055,[wpt-sync] Sync PR 45032 - Move orphaned role tests to tentative file
bm25_text_knn,bmo_1884832,core,xpcom,--,dev_0043,dev_0027,4,0.25,False,False,True,True,long_tail_assignee,dev_0027|dev_0013|dev_0054|dev_0043|dev_0060|dev_0035|dev_0006|dev_0022|dev_0041|dev_0010,Move CFTypeRefPtr.h to xpcom
bm25_text_knn,bmo_1884833,core,dom: credential management,P4,dev_0060,dev_0060,1,1.0,True,True,True,True,correct,dev_0060|dev_0029|dev_0019|dev_0054|dev_0011|dev_0038|dev_0048|dev_0007|dev_0055|dev_0006,[wpt-sync] Sync PR 45033 - Disable digital credential API when called from cross-origin <iframe>
bm25_text_knn,bmo_1884836,core,graphics,--,dev_0043,dev_0043,1,1.0,True,True,True,True,correct,dev_0043|dev_0006|dev_0060|dev_0041|dev_0052|dev_0005|dev_0008|dev_0027|dev_0023|dev_0022,Base graphics support for iOS
bm25_text_knn,bmo_1884839,core,dom: networking,P4,dev_0060,dev_0060,1,1.0,True,True,True,True,correct,dev_0060|dev_0019|dev_0054|dev_0011|dev_0038|dev_0048|dev_0007|dev_0055|dev_0006|dev_0022,[wpt-sync] Sync PR 45034 - Add tests
bm25_text_knn,bmo_1884840,core,graphics: canvas2d,P4,dev_0060,dev_0060,1,1.0,True,True,True,True,correct,dev_0060|dev_0038|dev_0058|dev_0018|dev_0019|dev_0054|dev_0011|dev_0048|dev_0007|dev_0055,"[wpt-sync] Sync PR 45035 - Revert ""Migrate Canvas WebGPU Access tests into WebGPU test directory."""
bm25_text_knn,bmo_1884841,core,css parsing and computation,P4,dev_0060,dev_0060,1,1.0,True,True,True,True,correct,dev_0060|dev_0022|dev_0019|dev_0054|dev_0011|dev_0038|dev_0048|dev_0007|dev_0055|dev_0006,[wpt-sync] Sync PR 45036 - [css-values-4] Add viewport unit tests for scrollbars
bm25_text_knn,bmo_1884854,firefox,address bar,P3,dev_0001,dev_0012,2,0.5,False,True,True,True,wrong_assignee,dev_0012|dev_0001|dev_0032|dev_0039|dev_0007|dev_0060|dev_0019|dev_0054|dev_0011|dev_0038,Simplify urlbar weather fetching
bm25_text_knn,bmo_1884856,core,dom: core & html,P4,dev_0060,dev_0060,1,1.0,True,True,True,True,correct,dev_0060|dev_0019|dev_0054|dev_0011|dev_0038|dev_0048|dev_0007|dev_0055|dev_0006|dev_0022,[wpt-sync] Sync PR 45023 - Fix sandbox top navigation tests using external URLs.
bm25_text_knn,bmo_1884857,core,storage: indexeddb,P4,dev_0060,dev_0060,1,1.0,True,True,True,True,correct,dev_0060|dev_0035|dev_0019|dev_0054|dev_0011|dev_0038|dev_0048|dev_0007|dev_0055|dev_0006,[wpt-sync] Sync PR 44999 - IDB: idbobjectstore_put WPT extended to workers in addition to window.
bm25_text_knn,bmo_1884859,core,graphics: imagelib,--,dev_0035,dev_0035,1,1.0,True,True,True,True,correct,dev_0035|dev_0011|dev_0056|dev_0048|dev_0010|dev_0046|dev_0043|dev_0058|dev_0014|dev_0002,Update libjxl to new version f06a34c77b1bd11bafbe82989241e68c756ccca2 from 2024-03-11 15:14:53
bm25_text_knn,bmo_1884862,core,layout: text and fonts,P4,dev_0060,dev_0060,1,1.0,True,True,True,True,correct,dev_0060|dev_0026|dev_0022|dev_0019|dev_0054|dev_0011|dev_0038|dev_0048|dev_0007|dev_0055,[wpt-sync] Sync PR 45045 - Fuzz Fluent failing wpt tests.
bm25_text_knn,bmo_1884870,core,dom: ui events & focus handling,--,dev_0050,dev_0040,3,0.3333333333333333,False,True,True,True,long_tail_assignee,dev_0040|dev_0017|dev_0050|dev_0019|dev_0007|dev_0011|dev_0038|dev_0008|dev_0016|dev_0001,`iframe` with another `iframe` inside returns a different `activeElement` when is not focussed after the first focus
bm25_text_knn,bmo_1884875,core,layout: scrolling and overflow,P4,dev_0060,dev_0060,1,1.0,True,True,True,True,correct,dev_0060|dev_0002|dev_0019|dev_0054|dev_0011|dev_0038|dev_0048|dev_0007|dev_0055|dev_0006,[wpt-sync] Sync PR 44931 - [css-scroll-snap-2] Fix targeted snap point selection
bm25_text_knn,bmo_1884879,core,css parsing and computation,--,dev_0019,dev_0019,1,1.0,True,True,True,True,correct,dev_0019|dev_0060|dev_0059|dev_0016|dev_0031|dev_0007|dev_0054|dev_0011|dev_0038|dev_0048,"New wpt failures in /css/ [css-nesting/parsing.html, css-syntax/custom-property-rule-ambiguity.html]"
bm25_text_knn,bmo_1884880,core,layout: scrolling and overflow,P4,dev_0060,dev_0060,1,1.0,True,True,True,True,correct,dev_0060|dev_0002|dev_0019|dev_0054|dev_0011|dev_0038|dev_0048|dev_0007|dev_0055|dev_0006,[wpt-sync] Sync PR 44938 - [css-scroll-snap-2] Prioritize tree-order among aligned snap targets
bm25_text_knn,bmo_1884887,core,javascript: webassembly,P1,dev_0049,dev_0049,1,1.0,True,True,True,True,correct,dev_0049|dev_0004|dev_0025|dev_0011|dev_0053|dev_0001|dev_0045|dev_0015|dev_0027|dev_0044,Exported global with literal initializers and subtyping can change the type of the global after creation
bm25_text_knn,bmo_1884906,core,css parsing and computation,P4,dev_0060,dev_0060,1,1.0,True,True,True,True,correct,dev_0060|dev_0016|dev_0019|dev_0054|dev_0011|dev_0038|dev_0048|dev_0007|dev_0055|dev_0006,[wpt-sync] Sync PR 45052 - Apply standard parsing of pseudo-elements for web animations
bm25_text_knn,bmo_1884907,core,css parsing and computation,P4,dev_0060,dev_0060,1,1.0,True,True,True,True,correct,dev_0060|dev_0019|dev_0054|dev_0011|dev_0038|dev_0048|dev_0007|dev_0055|dev_0006|dev_0022,[wpt-sync] Sync PR 45054 - [anchor] Order-preserving <try-tactic>
bm25_text_knn,bmo_1884908,core,css parsing and computation,P4,dev_0060,dev_0060,1,1.0,True,True,True,True,correct,dev_0060|dev_0016|dev_0019|dev_0054|dev_0011|dev_0038|dev_0048|dev_0007|dev_0055|dev_0006,[wpt-sync] Sync PR 45022 - [css-anchor-position] Fall back to no options applied
bm25_text_knn,bmo_1884909,core,layout,P5,dev_0026,dev_0038,,0.0,False,False,False,False,long_tail_assignee,dev_0038|dev_0056|dev_0024|dev_0027|dev_0059|dev_0004|dev_0003|dev_0043|dev_0034|dev_0014,"Perma bugs/1721223-1.html != bugs/1721223-1-notref.html | image comparison, max difference: 0, number of differing pixels: 0"
bm25_text_knn,bmo_1884910,core,audio/video: playback,P1,dev_0003,dev_0003,1,1.0,True,True,True,True,correct,dev_0003|dev_0034|dev_0035|dev_0010|dev_0022|dev_0048|dev_0060|dev_0019|dev_0054|dev_0011,The variant `wmf-media-engine` expiration is on 2024-04-10
bm25_text_knn,bmo_1884923,firefox,search,P2,dev_0032,dev_0032,1,1.0,True,True,True,True,correct,dev_0032|dev_0054|dev_0001|dev_0007|dev_0014|dev_0034|dev_0060|dev_0019|dev_0011|dev_0038,Update search-telemetry-v2 with nonAdsLinkQueryParamNames to extract the redirect URL associated with the load for non ads links on Google
bm25_text_knn,bmo_1884936,firefox,screenshots,P1,dev_0045,dev_0045,1,1.0,True,True,True,True,correct,dev_0045|dev_0044|dev_0011|dev_0001|dev_0051|dev_0009|dev_0060|dev_0019|dev_0054|dev_0038,Black lines appear in screenshots
bm25_text_knn,bmo_1884946,core,graphics: webgpu,P1,dev_0018,dev_0018,1,1.0,True,True,True,True,correct,dev_0018|dev_0056|dev_0011|dev_0048|dev_0046|dev_0035|dev_0014|dev_0027|dev_0058|dev_0043,Update WGPU to `trunk` upstream (week of 2024-03-11)
bm25_text_knn,bmo_1884952,firefox,search,P2,dev_0054,dev_0032,2,0.5,False,True,True,True,wrong_assignee,dev_0032|dev_0054|dev_0007|dev_0042|dev_0021|dev_0005|dev_0039|dev_0060|dev_0019|dev_0011,Add support for downloading new search engine icons from remote settings
bm25_text_knn,bmo_1884958,core,javascript engine,P3,dev_0042,dev_0025,6,0.16666666666666666,False,False,False,True,wrong_assignee,dev_0025|dev_0024|dev_0004|dev_0058|dev_0006|dev_0042|dev_0053|dev_0050|dev_0059|dev_0060,"Assertion failure: idval.isSymbol(), at /js/src/vm/Interpreter-inl.h:561"
bm25_text_knn,bmo_1884970,firefox,tabbed browser,P1,dev_0007,dev_0007,1,1.0,True,True,True,True,correct,dev_0007|dev_0015|dev_0041|dev_0031|dev_0051|dev_0033|dev_0019|dev_0047|dev_0005|dev_0054,Close current tab button is missing an accessible name and role
bm25_text_knn,bmo_1884981,firefox,firefox view,P2,dev_0007,dev_0033,5,0.2,False,False,True,True,long_tail_assignee,dev_0033|dev_0047|dev_0045|dev_0015|dev_0007|dev_0055|dev_0039|dev_0012|dev_0032|dev_0011,Import history from another browser section on Firefox View History tab would not announce the context for buttons on it
bm25_text_knn,bmo_1884984,core,dom: security,P4,dev_0060,dev_0060,1,1.0,True,True,True,True,correct,dev_0060|dev_0019|dev_0054|dev_0011|dev_0038|dev_0048|dev_0007|dev_0055|dev_0006|dev_0022,[wpt-sync] Sync PR 45058 - WebKit export of https://bugs.webkit.org/show_bug.cgi?id=267692
bm25_text_knn,bmo_1884986,firefox,firefox view,P2,dev_0007,dev_0033,3,0.3333333333333333,False,True,True,True,long_tail_assignee,dev_0033|dev_0047|dev_0007|dev_0015|dev_0039|dev_0041|dev_0044|dev_0017|dev_0055|dev_0032,Empty card on Firefox View Tabs From Other Devices tab would not announce the context for its button
bm25_text_knn,bmo_1884989,core,graphics: canvas2d,P4,dev_0060,dev_0060,1,1.0,True,True,True,True,correct,dev_0060|dev_0058|dev_0038|dev_0018|dev_0019|dev_0054|dev_0011|dev_0048|dev_0007|dev_0055,"[wpt-sync] Sync PR 45059 - Reland ""Migrate Canvas WebGPU Access tests into WebGPU test directory."""
bm25_text_knn,bmo_1885005,core,graphics: canvaswebgl,P1,dev_0027,dev_0018,2,0.5,False,True,True,True,wrong_assignee,dev_0018|dev_0027|dev_0038|dev_0050|dev_0060|dev_0005|dev_0058|dev_0019|dev_0054|dev_0011,Update dom/canvas/test/webgl-conf webgl cts tests to 2024Apr
bm25_text_knn,bmo_1885017,core,layout,P4,dev_0060,dev_0060,1,1.0,True,True,True,True,correct,dev_0060|dev_0006|dev_0058|dev_0001|dev_0055|dev_0019|dev_0054|dev_0011|dev_0038|dev_0048,[wpt-sync] Sync PR 45064 - Make clicking only selected option in multi-select deselect it
bm25_text_knn,bmo_1885021,core,dom: core & html,P4,dev_0060,dev_0060,1,1.0,True,True,True,True,correct,dev_0060|dev_0029|dev_0017|dev_0019|dev_0054|dev_0011|dev_0038|dev_0048|dev_0007|dev_0055,[wpt-sync] Sync PR 45065 - content: Don't populate activation info for cross-origin redirects.
bm25_text_knn,bmo_1885025,core,dom: credential management,P4,dev_0060,dev_0060,1,1.0,True,True,True,True,correct,dev_0060|dev_0019|dev_0054|dev_0011|dev_0038|dev_0048|dev_0007|dev_0055|dev_0006|dev_0022,[wpt-sync] Sync PR 45066 - [FedCM] Don't send SameSite=Strict cookies for FedCM requests
bm25_text_knn,bmo_1885026,core,audio/video: playback,P1,dev_0003,dev_0003,1,1.0,True,True,True,True,correct,dev_0003|dev_0048|dev_0010|dev_0022|dev_0060|dev_0019|dev_0054|dev_0011|dev_0038|dev_0007,Don't show warning for `NS_ERROR_DOM_MEDIA_EXTERNAL_ENGINE_NOT_SUPPORTED_ERR`
bm25_text_knn,bmo_1885028,core,graphics: canvaswebgl,P1,dev_0027,dev_0027,1,1.0,True,True,True,True,correct,dev_0027|dev_0005|dev_0018|dev_0052|dev_0045|dev_0012|dev_0009|dev_0038|dev_0006|dev_0051,WebGL should use ParamTraits_TiedFields not PlainOldDataSerializer
bm25_text_knn,bmo_1885032,core,graphics: canvaswebgl,--,dev_0027,dev_0027,1,1.0,True,True,True,True,correct,dev_0027|dev_0038|dev_0060|dev_0034|dev_0018|dev_0031|dev_0002|dev_0016|dev_0035|dev_0012,Implement EXT_depth_clamp
bm25_text_knn,bmo_1885051,core,dom: core & html,P4,dev_0060,dev_0060,1,1.0,True,True,True,True,correct,dev_0060|dev_0005|dev_0048|dev_0019|dev_0054|dev_0011|dev_0038|dev_0007|dev_0055|dev_0006,[wpt-sync] Sync PR 45069 - Don't run button popover code when default is handled
bm25_text_knn,bmo_1885052,core,layout,P4,dev_0060,dev_0060,1,1.0,True,True,True,True,correct,dev_0060|dev_0019|dev_0054|dev_0011|dev_0038|dev_0048|dev_0007|dev_0055|dev_0006|dev_0022,[wpt-sync] Sync PR 45070 - [aspect-ratio] Fix aspect-ratio under-invalidation.
bm25_text_knn,bmo_1885053,core,css parsing and computation,P4,dev_0060,dev_0060,1,1.0,True,True,True,True,correct,dev_0060|dev_0016|dev_0019|dev_0054|dev_0011|dev_0038|dev_0048|dev_0007|dev_0055|dev_0006,[wpt-sync] Sync PR 45071 - [anchor] Generate flips using the try-tactics layer
bm25_text_knn,bmo_1885059,core,css parsing and computation,P4,dev_0060,dev_0060,1,1.0,True,True,True,True,correct,dev_0060|dev_0019|dev_0054|dev_0011|dev_0038|dev_0048|dev_0007|dev_0055|dev_0006|dev_0022,[wpt-sync] Sync PR 45073 - Add tests of Oklab and Oklch with lightness 99.9999%
bm25_text_knn,bmo_1885061,core,audio/video,--,dev_0043,dev_0043,1,1.0,True,True,True,True,correct,dev_0043|dev_0048|dev_0003|dev_0010|dev_0022|dev_0060|dev_0019|dev_0054|dev_0011|dev_0038,dom/media/platforms/apple/AppleVTDecoder.cpp:10:10: fatal error: 'IOSurface/IOSurface.h' file not found
bm25_text_knn,bmo_1885063,core,css parsing and computation,P4,dev_0060,dev_0060,1,1.0,True,True,True,True,correct,dev_0060|dev_0019|dev_0054|dev_0011|dev_0038|dev_0048|dev_0007|dev_0055|dev_0006|dev_0022,[wpt-sync] Sync PR 45074 - Fix vertical alignment at the root of an IFC
bm25_text_knn,bmo_1885065,core,dom: networking,P4,dev_0060,dev_0060,1,1.0,True,True,True,True,correct,dev_0060|dev_0054|dev_0019|dev_0011|dev_0038|dev_0048|dev_0007|dev_0055|dev_0006|dev_0022,"[wpt-sync] Sync PR 45075 - Reapply ""Reapply ""ReadableStream should be cancelled on aborting fetch streaming upload"""""
bm25_text_knn,bmo_1885078,core,dom: workers,P4,dev_0060,dev_0060,1,1.0,True,True,True,True,correct,dev_0060|dev_0019|dev_0054|dev_0011|dev_0038|dev_0048|dev_0007|dev_0055|dev_0006|dev_0022,[wpt-sync] Sync PR 44990 - Pluralize Sec-CH-UA-Form-Factor/formFactor
bm25_text_knn,bmo_1885088,core,javascript engine,P1,dev_0006,dev_0006,1,1.0,True,True,True,True,correct,dev_0006|dev_0004|dev_0025|dev_0042|dev_0024|dev_0053|dev_0058|dev_0050|dev_0052|dev_0038,"Assertion failure: input.options.lineno != 0 (Module cannot be compiled with lineNumber == 0), at frontend/BytecodeCompiler.cpp:1148"
bm25_text_knn,bmo_1885092,core,layout: block and inline,P4,dev_0060,dev_0060,1,1.0,True,True,True,True,correct,dev_0060|dev_0019|dev_0002|dev_0054|dev_0011|dev_0038|dev_0048|dev_0007|dev_0055|dev_0006,[wpt-sync] Sync PR 45077 - text-box-trim: Handle the start side's inline box
bm25_text_knn,bmo_1885107,core,dom: core & html,P4,dev_0060,dev_0060,1,1.0,True,True,True,True,correct,dev_0060|dev_0019|dev_0054|dev_0011|dev_0038|dev_0048|dev_0007|dev_0055|dev_0006|dev_0022,[wpt-sync] Sync PR 45079 - [Invokers] Only dispatch invoke for built-ins or actions containing '-'
bm25_text_knn,bmo_1885114,core,javascript: gc,P3,dev_0024,dev_0024,1,1.0,True,True,True,True,correct,dev_0024|dev_0053|dev_0045|dev_0049|dev_0006|dev_0025|dev_0035|dev_0055|dev_0060|dev_0019,Zone class memory is not added to heap size measurements
bm25_text_knn,bmo_1885116,core,dom: core & html,P4,dev_0060,dev_0060,1,1.0,True,True,True,True,correct,dev_0060|dev_0019|dev_0054|dev_0011|dev_0038|dev_0048|dev_0007|dev_0055|dev_0006|dev_0022,[wpt-sync] Sync PR 45080 - [PEPC] Add restrictions to word-spacing for PEPC
bm25_text_knn,bmo_1885117,core,gecko profiler,--,dev_0048,dev_0027,5,0.2,False,False,True,True,long_tail_assignee,dev_0027|dev_0019|dev_0043|dev_0045|dev_0048|dev_0022|dev_0013|dev_0009|dev_0056|dev_0050,Teach MicroGeckoProfiler.h to capture stacks
bm25_text_knn,bmo_1885119,core,dom: core & html,P4,dev_0060,dev_0060,1,1.0,True,True,True,True,correct,dev_0060|dev_0019|dev_0054|dev_0011|dev_0038|dev_0048|dev_0007|dev_0055|dev_0006|dev_0022,[wpt-sync] Sync PR 45081 - Add insertion-step test for MutationObserver.takeRecords
bm25_text_knn,bmo_1885121,firefox,search,P2,dev_0054,dev_0032,2,0.5,False,True,True,True,wrong_assignee,dev_0032|dev_0054|dev_0007|dev_0022|dev_0045|dev_0036|dev_0060|dev_0019|dev_0011|dev_0038,Fix a few more tests that are broken with search-config-v2 enabled
bm25_text_knn,bmo_1885134,firefox,firefox view,P3,dev_0033,dev_0045,4,0.25,False,False,True,True,wrong_assignee,dev_0045|dev_0047|dev_0011|dev_0033|dev_0019|dev_0007|dev_0001|dev_0044|dev_0015|dev_0038,Firefox View selected and focused category is displayed with extra border frame
bm25_text_knn,bmo_1885136,core,css parsing and computation,--,dev_0019,dev_0019,1,1.0,True,True,True,True,correct,dev_0019|dev_0060|dev_0016|dev_0021|dev_0026|dev_0043|dev_0054|dev_0011|dev_0038|dev_0048,Allow servo to not start the style traversal from outside the thread pool.
bm25_text_knn,bmo_1885146,firefox,tabbed browser,P2,dev_0015,dev_0015,1,1.0,True,True,True,True,correct,dev_0015|dev_0007|dev_0019|dev_0041|dev_0025|dev_0048|dev_0005|dev_0056|dev_0032|dev_0020,Tab hover preview panel colors don't integrate well with themes
bm25_text_knn,bmo_1885162,core,dom: core & html,P4,dev_0060,dev_0060,1,1.0,True,True,True,True,correct,dev_0060|dev_0040|dev_0019|dev_0054|dev_0011|dev_0038|dev_0048|dev_0007|dev_0055|dev_0006,[wpt-sync] Sync PR 45085 - WPT: Script child removal does not trigger execution
bm25_text_knn,bmo_1885178,core,dom: animation,P4,dev_0060,dev_0060,1,1.0,True,True,True,True,correct,dev_0060|dev_0022|dev_0019|dev_0037|dev_0054|dev_0011|dev_0038|dev_0048|dev_0007|dev_0055,"[wpt-sync] Sync PR 45021 - Reland ""Skip static animations on compositor and main"""
bm25_text_knn,bmo_1885190,core,css parsing and computation,P4,dev_0060,dev_0060,1,1.0,True,True,True,True,correct,dev_0060|dev_0007|dev_0022|dev_0019|dev_0054|dev_0011|dev_0038|dev_0048|dev_0055|dev_0006,[wpt-sync] Sync PR 45087 - [css-color] rgba and hsla relative colors are valid
bm25_text_knn,bmo_1885193,firefox,search,P2,dev_0054,dev_0054,1,1.0,True,True,True,True,correct,dev_0054|dev_0032|dev_0012|dev_0001|dev_0007|dev_0034|dev_0060|dev_0019|dev_0011|dev_0038,Update mozilla-central copy of search-config-overrides-v2.json
bm25_text_knn,bmo_1885197,core,graphics,--,dev_0009,dev_0005,9,0.1111111111111111,False,False,False,True,wrong_assignee,dev_0005|dev_0011|dev_0060|dev_0055|dev_0004|dev_0048|dev_0057|dev_0038|dev_0009|dev_0019,DeviceManagerDx::GetDXGIAdapterLocked needs to recreate the adapter in response to hot-plugging another monitor
bm25_text_knn,bmo_1885201,core,graphics: canvaswebgl,P1,dev_0027,dev_0027,1,1.0,True,True,True,True,correct,dev_0027|dev_0026|dev_0004|dev_0038|dev_0025|dev_0018|dev_0043|dev_0060|dev_0001|dev_0056,WebGLChild::FlushPendingCmds merely MOZ_ASSERTs non-null GetCurrentSerialEventTarget()
bm25_text_knn,bmo_1885208,core,css parsing and computation,P4,dev_0060,dev_0060,1,1.0,True,True,True,True,correct,dev_0060|dev_0007|dev_0019|dev_0054|dev_0011|dev_0038|dev_0048|dev_0055|dev_0006|dev_0022,[wpt-sync] Sync PR 45089 - [css-scroll-snap-2] Mark obsolete SnapEvent interface as deprecated.
bm25_text_knn,bmo_1885209,core,graphics: imagelib,--,dev_0056,dev_0038,6,0.16666666666666666,False,False,False,True,wrong_assignee,dev_0038|dev_0026|dev_0040|dev_0052|dev_0055|dev_0056|dev_0024|dev_0048|dev_0050|dev_0059,"Assertion failure: aInFormat == gfx::SurfaceFormat::R8G8B8 || aInFormat == gfx::SurfaceFormat::R8G8B8A8 || aInFormat == gfx::SurfaceFormat::R8G8B8X8 || aInFormat == gfx::SurfaceFormat::OS_RGBA || aInFormat == gfx::SurfaceFormat::OS_RGBX, at /builds/worker"
bm25_text_knn,bmo_1885213,core,css parsing and computation,P4,dev_0060,dev_0060,1,1.0,True,True,True,True,correct,dev_0060|dev_0019|dev_0054|dev_0011|dev_0038|dev_0048|dev_0007|dev_0055|dev_0006|dev_0022,[wpt-sync] Sync PR 45090 - End ongoing IFC when inserting anonymous block-level table
bm25_text_knn,bmo_1885215,core,css parsing and computation,P4,dev_0060,dev_0060,1,1.0,True,True,True,True,correct,dev_0060|dev_0019|dev_0054|dev_0011|dev_0038|dev_0048|dev_0007|dev_0055|dev_0006|dev_0022,[wpt-sync] Sync PR 44939 - Add support for auto keyword in CSS calc-size().
bm25_text_knn,bmo_1885216,core,layout: grid,P4,dev_0060,dev_0060,1,1.0,True,True,True,True,correct,dev_0060|dev_0013|dev_0002|dev_0007|dev_0021|dev_0019|dev_0054|dev_0011|dev_0038|dev_0048,[wpt-sync] Sync PR 45091 - Use clearer variable names in grid WPT to avoid spurious MISSING test results.
bm25_text_knn,bmo_1885218,core,security: process sandboxing,P1,dev_0028,dev_0019,2,0.5,False,True,True,True,wrong_assignee,dev_0019|dev_0028|dev_0055|dev_0023|dev_0014|dev_0007|dev_0013|dev_0029|dev_0044|dev_0060,Add more logging for fatal errors in sandboxed process launch on Linux
bm25_text_knn,bmo_1885220,core,css parsing and computation,P4,dev_0060,dev_0060,1,1.0,True,True,True,True,correct,dev_0060|dev_0019|dev_0054|dev_0011|dev_0038|dev_0048|dev_0007|dev_0055|dev_0006|dev_0022,[wpt-sync] Sync PR 45092 - Add borders to (ok)lab L over 100% tests
bm25_text_knn,bmo_1885223,core,dom: events,--,dev_0017,dev_0040,4,0.25,False,False,True,True,wrong_assignee,dev_0040|dev_0019|dev_0060|dev_0017|dev_0007|dev_0002|dev_0045|dev_0011|dev_0037|dev_0031,Failing WPTs in /pointerevents/pointerevent_after_target_appended.html?mouse
bm25_text_knn,bmo_1885224,core,css parsing and computation,P4,dev_0060,dev_0060,1,1.0,True,True,True,True,correct,dev_0060|dev_0019|dev_0054|dev_0011|dev_0038|dev_0048|dev_0007|dev_0055|dev_0006|dev_0022,[wpt-sync] Sync PR 45093 - Allow finishing anonymous inline-table at the end of inline elements
bm25_text_knn,bmo_1885229,core,dom: core & html,P4,dev_0060,dev_0060,1,1.0,True,True,True,True,correct,dev_0060|dev_0019|dev_0054|dev_0011|dev_0038|dev_0048|dev_0007|dev_0055|dev_0006|dev_0022,[wpt-sync] Sync PR 45094 - DOM: Correct script-in-script atomic move WPT expectations
bm25_text_knn,bmo_1885232,core,dom: ui events & focus handling,--,dev_0040,dev_0040,1,1.0,True,True,True,True,correct,dev_0040|dev_0017|dev_0019|dev_0050|dev_0060|dev_0007|dev_0045|dev_0002|dev_0054|dev_0011,Failing WPTs in /pointerevents/pointerevent_click_during_capture.html?mouse-[click|auxclick]
bm25_text_knn,bmo_1885236,core,dom: core & html,P4,dev_0060,dev_0060,1,1.0,True,True,True,True,correct,dev_0060|dev_0019|dev_0054|dev_0011|dev_0038|dev_0048|dev_0007|dev_0055|dev_0006|dev_0022,[wpt-sync] Sync PR 45096 - Implement <selectedoption> for StylableSelect
bm25_text_knn,bmo_1885238,core,graphics: webgpu,P1,dev_0018,dev_0018,1,1.0,True,True,True,True,correct,dev_0018|dev_0052|dev_0027|dev_0009|dev_0038|dev_0051|dev_0057|dev_0011|dev_0060|dev_0019,GPUCompilationInfo positions wrong
bm25_text_knn,bmo_1885245,core,ipc,P1,dev_0027,dev_0027,1,1.0,True,True,True,True,correct,dev_0027|dev_0028|dev_0046|dev_0017|dev_0054|dev_0022|dev_0052|dev_0019|dev_0050|dev_0006,Remove PlainOldDataSerializer
bm25_text_knn,bmo_1885246,core,ipc,P1,dev_0027,dev_0027,1,1.0,True,True,True,True,correct,dev_0027|dev_0028|dev_0038|dev_0052|dev_0005|dev_0008|dev_0026|dev_0055|dev_0017|dev_0043,Remove PlainOldDataSerializer except in gfx/vr and gfx/layers/wr
bm25_text_knn,bmo_1885249,core,dom: ui events & focus handling,--,dev_0017,dev_0040,2,0.5,False,True,True,True,long_tail_assignee,dev_0040|dev_0017|dev_0019|dev_0050|dev_0060|dev_0007|dev_0002|dev_0031|dev_0054|dev_0011,Failing WPTs in /pointerevents/pointerevent_mouse_capture_change_hover.html
bm25_text_knn,bmo_1885251,core,panning and zooming,P3,dev_0022,dev_0056,,0.0,False,False,False,False,long_tail_assignee,dev_0056|dev_0054|dev_0019|dev_0060|dev_0007|dev_0040|dev_0023|dev_0005|dev_0045|dev_0048,"Have the ""Zoom on all websites"" setting force-enable pinch zooming on sites that disable it using `touch-action` values, other than `touch-action: none`"
bm25_text_knn,bmo_1885252,core,storage: indexeddb,P4,dev_0060,dev_0060,1,1.0,True,True,True,True,correct,dev_0060|dev_0035|dev_0019|dev_0054|dev_0011|dev_0038|dev_0048|dev_0007|dev_0055|dev_0006,[wpt-sync] Sync PR 45098 - IDB: idbobjectstore_delete WPT extended to workers in addition to window
bm25_text_knn,bmo_1885254,core,layout,P4,dev_0060,dev_0060,1,1.0,True,True,True,True,correct,dev_0060|dev_0002|dev_0035|dev_0019|dev_0054|dev_0011|dev_0038|dev_0048|dev_0007|dev_0055,[wpt-sync] Sync PR 45099 - Make css grid not push content too far into next fragmentainer
bm25_text_knn,bmo_1885258,core,layout: text and fonts,--,dev_0057,dev_0026,4,0.25,False,False,True,True,long_tail_assignee,dev_0026|dev_0022|dev_0060|dev_0057|dev_0019|dev_0054|dev_0011|dev_0038|dev_0048|dev_0007,Remove the IsHidden Exemption for Font Allowlist
bm25_text_knn,bmo_1885259,core,dom: ui events & focus handling,P1,dev_0040,dev_0040,1,1.0,True,True,True,True,correct,dev_0040|dev_0034|dev_0050|dev_0017|dev_0019|dev_0038|dev_0005|dev_0007|dev_0056|dev_0008,Crash in [@ nsCOMPtr<T>::get | nsCOMPtr<T>::operator nsIContent* | nsIFrame::GetContent]
bm25_text_knn,bmo_1885264,firefox,address bar,P5,dev_0001,dev_0001,1,1.0,True,True,True,True,correct,dev_0001|dev_0032|dev_0045|dev_0044|dev_0047|dev_0033|dev_0019|dev_0007|dev_0009|dev_0040,Intermittent browser/components/urlbar/tests/quicksuggest/browser/browser_weather.js | single tracking bug
bm25_text_knn,bmo_1885290,core,dom: core & html,P4,dev_0060,dev_0060,1,1.0,True,True,True,True,correct,dev_0060|dev_0019|dev_0054|dev_0011|dev_0038|dev_0048|dev_0007|dev_0055|dev_0006|dev_0022,"[wpt-sync] Sync PR 45103 - Revert ""Add HandleInvokeInternal on HTMLDialogElement"""
bm25_text_knn,bmo_1885302,firefox,search,P3,dev_0054,dev_0032,2,0.5,False,True,True,True,wrong_assignee,dev_0032|dev_0054|dev_0051|dev_0039|dev_0016|dev_0020|dev_0005|dev_0049|dev_0060|dev_0019,Fix jsdoc @type documentation issues in search code
bm25_text_knn,bmo_1885306,firefox,pdf viewer,--,dev_0011,dev_0011,1,1.0,True,True,True,True,correct,dev_0011|dev_0046|dev_0035|dev_0048|dev_0010|dev_0056|dev_0043|dev_0058|dev_0014|dev_0060,Update PDF.js to new version 30e69956db3110b4a14d24af9f3ee74ae1ea03a7 from 2024-03-12 17:24:37
bm25_text_knn,bmo_1885309,core,networking: jar,P2,dev_0034,dev_0059,2,0.5,False,True,True,True,long_tail_assignee,dev_0059|dev_0034|dev_0054|dev_0032|dev_0021|dev_0042|dev_0030|dev_0060|dev_0019|dev_0011,Extend zero_byte_length telemetry to include mjs files
bm25_text_knn,bmo_1885333,core,layout: text and fonts,P4,dev_0060,dev_0060,1,1.0,True,True,True,True,correct,dev_0060|dev_0026|dev_0057|dev_0022|dev_0019|dev_0054|dev_0011|dev_0038|dev_0048|dev_0007,[wpt-sync] Sync PR 45105 - Make trailing space hanging behavior depend on the item's style
bm25_text_knn,bmo_1885337,core,javascript: standard library,P2,dev_0004,dev_0004,1,1.0,True,True,True,True,correct,dev_0004|dev_0049|dev_0042|dev_0054|dev_0001|dev_0025|dev_0029|dev_0024|dev_0032|dev_0021,Initial implementation of Uint8Array to/from base64 proposal
bm25_text_knn,bmo_1885350,core,audio/video: playback,P1,dev_0003,dev_0003,1,1.0,True,True,True,True,correct,dev_0003|dev_0048|dev_0010|dev_0022|dev_0009|dev_0060|dev_0019|dev_0054|dev_0011|dev_0038,navigator.requestMediaKeySystemAccess > 1000x slowdown
bm25_text_knn,bmo_1885365,core,graphics: canvas2d,P3,dev_0005,dev_0005,1,1.0,True,True,True,True,correct,dev_0005|dev_0038|dev_0058|dev_0026|dev_0052|dev_0045|dev_0027|dev_0056|dev_0057|dev_0060,Improve canvas error throwing for draw target creation failures
bm25_text_knn,bmo_1885366,firefox,profile backup,P3,dev_0041,dev_0041,1,1.0,True,True,True,True,correct,dev_0041|dev_0054|dev_0024|dev_0001|dev_0011|dev_0039|dev_0005|dev_0025|dev_0019|dev_0012,Make sure the BackupResource class exists in source docs
bm25_text_knn,bmo_1885372,firefox,profile backup,P1,dev_0041,dev_0041,1,1.0,True,True,True,True,correct,dev_0041|dev_0012|dev_0045|dev_0044|dev_0034|dev_0001|dev_0038|dev_0032|dev_0020|dev_0003,Implement a basic `createBackup` method on BackupService
bm25_text_knn,bmo_1885376,core,graphics: webrender,--,dev_0009,dev_0056,3,0.3333333333333333,False,True,True,True,wrong_assignee,dev_0056|dev_0002|dev_0009|dev_0052|dev_0043|dev_0018|dev_0034|dev_0038|dev_0005|dev_0051,6.2% ts_paint_webext (Windows) regression on Thu March 7 2024
bm25_text_knn,bmo_1885388,core,css parsing and computation,P4,dev_0060,dev_0060,1,1.0,True,True,True,True,correct,dev_0060|dev_0016|dev_0019|dev_0054|dev_0011|dev_0038|dev_0048|dev_0007|dev_0055|dev_0006,[wpt-sync] Sync PR 45106 - [css-anchor-position] Limit position options list to five
bm25_text_knn,bmo_1885390,core,dom: credential management,P4,dev_0060,dev_0060,1,1.0,True,True,True,True,correct,dev_0060|dev_0017|dev_0019|dev_0054|dev_0011|dev_0038|dev_0048|dev_0007|dev_0055|dev_0006,[wpt-sync] Sync PR 45107 - [FedCM] Enable CORS in ID assertion endpoint
bm25_text_knn,bmo_1885396,core,audio/video: playback,P1,dev_0003,dev_0003,1,1.0,True,True,True,True,correct,dev_0003|dev_0022|dev_0010|dev_0048|dev_0023|dev_0060|dev_0019|dev_0054|dev_0011|dev_0038,[wmfme] disable media engine pref on Dev Edition
bm25_text_knn,bmo_1885401,core,javascript engine,--,dev_0006,dev_0053,5,0.2,False,False,True,True,wrong_assignee,dev_0053|dev_0025|dev_0048|dev_0004|dev_0006|dev_0024|dev_0042|dev_0055|dev_0060|dev_0019,JSString::dumpCharsNoQuote stack exhaustion
bm25_text_knn,bmo_1885403,firefox,profile backup,--,dev_0041,dev_0041,1,1.0,True,True,True,True,correct,dev_0041|dev_0001|dev_0032|dev_0034|dev_0033|dev_0049|dev_0051|dev_0021|dev_0003|dev_0042,Add legacy telemetry mirror for browser.backup.prof_d_disk_space Glean probe
bm25_text_knn,bmo_1885409,core,css parsing and computation,P4,dev_0060,dev_0060,1,1.0,True,True,True,True,correct,dev_0060|dev_0019|dev_0054|dev_0011|dev_0038|dev_0048|dev_0007|dev_0055|dev_0006|dev_0022,[wpt-sync] Sync PR 45109 - [css-scroll-snap-2] Switch snapchanged to updated SnapEvent interface
bm25_text_knn,bmo_1885412,core,layout,P4,dev_0060,dev_0060,1,1.0,True,True,True,True,correct,dev_0060|dev_0013|dev_0002|dev_0019|dev_0054|dev_0011|dev_0038|dev_0048|dev_0007|dev_0055,[wpt-sync] Sync PR 45111 - Add new print mode grid overflow test
bm25_text_knn,bmo_1885416,core,dom: credential management,P4,dev_0060,dev_0060,1,1.0,True,True,True,True,correct,dev_0060|dev_0032|dev_0019|dev_0054|dev_0011|dev_0038|dev_0048|dev_0007|dev_0055|dev_0006,[wpt-sync] Sync PR 45112 - [FedCM] Don't allow popups for mediation:silent or without user gesture
bm25_text_knn,bmo_1885441,core,css parsing and computation,P4,dev_0060,dev_0060,1,1.0,True,True,True,True,correct,dev_0060|dev_0019|dev_0054|dev_0011|dev_0038|dev_0048|dev_0007|dev_0055|dev_0006|dev_0022,[wpt-sync] Sync PR 45114 - [css-scroll-snap-2] Switch snapchanging to updated SnapEvents interface
bm25_text_knn,bmo_1885443,core,javascript engine,--,dev_0024,dev_0050,2,0.5,False,True,True,True,wrong_assignee,dev_0050|dev_0024|dev_0038|dev_0040|dev_0026|dev_0004|dev_0048|dev_0052|dev_0055|dev_0021,"Assertion failure: mModuleScript->HadImportMap() == childScript->HadImportMap(), at /builds/worker/checkouts/gecko/js/loader/ModuleLoadRequest.cpp:219"
bm25_text_knn,bmo_1885446,core,graphics: canvaswebgl,P2,dev_0009,dev_0027,,0.0,False,False,False,False,long_tail_assignee,dev_0027|dev_0018|dev_0005|dev_0038|dev_0019|dev_0043|dev_0029|dev_0014|dev_0059|dev_0052,webgl.unpackColorSpace not supported
bm25_text_knn,bmo_1885447,core,graphics: color management,P1,dev_0027,dev_0027,1,1.0,True,True,True,True,correct,dev_0027|dev_0007|dev_0005|dev_0043|dev_0009|dev_0060|dev_0044|dev_0056|dev_0019|dev_0018,Tonemap/color-manage webgl sdr/wcg output into Display profile as pre-compositor post-process.
bm25_text_knn,bmo_1885451,core,graphics: webrender,P2,dev_0009,dev_0027,2,0.5,False,True,True,True,wrong_assignee,dev_0027|dev_0009|dev_0017|dev_0025|dev_0005|dev_0056|dev_0019|dev_0055|dev_0043|dev_0040,ExternalSurfaces can't be relied on to reach e.g. DCLayerTree
bm25_text_knn,bmo_1885475,core,javascript engine,P1,dev_0006,dev_0004,2,0.5,False,True,True,True,wrong_assignee,dev_0004|dev_0006|dev_0042|dev_0025|dev_0053|dev_0024|dev_0011|dev_0060|dev_0019|dev_0054,[loongarch] Failed to dumpValue for floating-point value
bm25_text_knn,bmo_1885489,core,javascript engine: jit,P1,dev_0004,dev_0006,2,0.5,False,True,True,True,wrong_assignee,dev_0006|dev_0004|dev_0025|dev_0042|dev_0024|dev_0053|dev_0058|dev_0048|dev_0050|dev_0060,"Assertion failure: isInt32(), at js/Value.h:942"
bm25_text_knn,bmo_1885490,core,graphics,--,dev_0052,dev_0005,,0.0,False,False,False,False,wrong_assignee,dev_0005|dev_0060|dev_0022|dev_0002|dev_0011|dev_0027|dev_0012|dev_0029|dev_0040|dev_0025,Add a capability to disable RemoteTexture recycling
bm25_text_knn,bmo_1885491,core,graphics: canvaswebgl,P1,dev_0027,dev_0027,1,1.0,True,True,True,True,correct,dev_0027|dev_0018|dev_0005|dev_0024|dev_0060|dev_0003|dev_0038|dev_0052|dev_0019|dev_0054,Ship webgl.drawingBufferColorSpace
bm25_text_knn,bmo_1885500,core,graphics: webgpu,--,dev_0052,dev_0052,1,1.0,True,True,True,True,correct,dev_0052|dev_0038|dev_0018|dev_0005|dev_0015|dev_0009|dev_0019|dev_0026|dev_0060|dev_0054,"[WebGPU] with sw-wr and dx12-no-readback, webgpu demo  will crash the whole browser"
bm25_text_knn,bmo_1885502,core,dom: core & html,P4,dev_0060,dev_0060,1,1.0,True,True,True,True,correct,dev_0060|dev_0017|dev_0022|dev_0046|dev_0059|dev_0040|dev_0019|dev_0054|dev_0011|dev_0038,[wpt-sync] Sync PR 45119 - Avoid firing blur & focusout events when removing a node
bm25_text_knn,bmo_1885505,firefox,pdf viewer,P1,dev_0011,dev_0011,1,1.0,True,True,True,True,correct,dev_0011|dev_0044|dev_0060|dev_0019|dev_0054|dev_0038|dev_0048|dev_0007|dev_0055|dev_0006,Screen readers will not read highlighted text inside a PDF
bm25_text_knn,bmo_1885507,core,css parsing and computation,P4,dev_0060,dev_0060,1,1.0,True,True,True,True,correct,dev_0060|dev_0016|dev_0019|dev_0054|dev_0011|dev_0038|dev_0048|dev_0007|dev_0055|dev_0006,[wpt-sync] Sync PR 45120 - [css-position-anchor] anchor-default -> position-anchor
bm25_text_knn,bmo_1885521,core,widget: gtk,--,dev_0019,dev_0055,3,0.3333333333333333,False,True,True,True,wrong_assignee,dev_0055|dev_0013|dev_0019|dev_0018|dev_0006|dev_0054|dev_0028|dev_0060|dev_0011|dev_0038,"Use GetWidgetScreen in Element.screen, so as to make it work on Wayland."
bm25_text_knn,bmo_1885526,core,css parsing and computation,P4,dev_0060,dev_0060,1,1.0,True,True,True,True,correct,dev_0060|dev_0019|dev_0054|dev_0011|dev_0038|dev_0048|dev_0007|dev_0055|dev_0006|dev_0022,[wpt-sync] Sync PR 45122 - View-transitions should only be allowed when page is visible
bm25_text_knn,bmo_1885529,core,networking: dns,P2,dev_0059,dev_0059,1,1.0,True,True,True,True,correct,dev_0059|dev_0034|dev_0052|dev_0022|dev_0009|dev_0019|dev_0044|dev_0021|dev_0060|dev_0054,Investigate increase in DNS queueing time with native HTTPS records
bm25_text_knn,bmo_1885545,core,css parsing and computation,P4,dev_0060,dev_0060,1,1.0,True,True,True,True,correct,dev_0060|dev_0019|dev_0054|dev_0011|dev_0038|dev_0048|dev_0007|dev_0055|dev_0006|dev_0022,[wpt-sync] Sync PR 45125 - Fix separator handling for legacy syntax colors
bm25_text_knn,bmo_1885546,core,graphics: canvas2d,P4,dev_0060,dev_0060,1,1.0,True,True,True,True,correct,dev_0060|dev_0022|dev_0038|dev_0019|dev_0054|dev_0011|dev_0048|dev_0007|dev_0055|dev_0006,[wpt-sync] Sync PR 45126 - CanvasGradient addColorStop supports color-mix
bm25_text_knn,bmo_1885548,core,css parsing and computation,P4,dev_0060,dev_0060,1,1.0,True,True,True,True,correct,dev_0060|dev_0019|dev_0054|dev_0011|dev_0038|dev_0048|dev_0007|dev_0055|dev_0006|dev_0022,[wpt-sync] Sync PR 45127 - Simplify control flow in parts of ColorFunctionParser
bm25_text_knn,bmo_1885549,core,dom: core & html,P4,dev_0060,dev_0060,1,1.0,True,True,True,True,correct,dev_0060|dev_0019|dev_0054|dev_0011|dev_0038|dev_0048|dev_0007|dev_0055|dev_0006|dev_0022,"[wpt-sync] Sync PR 45124 - Revert ""[PEPC] Add restrictions to word-spacing for PEPC"""
bm25_text_knn,bmo_1885558,core,dom: animation,P4,dev_0060,dev_0060,1,1.0,True,True,True,True,correct,dev_0060|dev_0019|dev_0022|dev_0046|dev_0037|dev_0054|dev_0011|dev_0038|dev_0048|dev_0007,[wpt-sync] Sync PR 45129 - Port flaky animations/reponsive tests to WPT
bm25_text_knn,bmo_1885598,core,dom: navigation,--,dev_0057,dev_0019,,0.0,False,False,False,False,long_tail_assignee,dev_0019|dev_0046|dev_0002|dev_0022|dev_0050|dev_0017|dev_0056|dev_0020|dev_0060|dev_0032,Improve and Clean up some privileged-mozilla-content-process code
bm25_text_knn,bmo_1885600,core,dom: core & html,P4,dev_0060,dev_0060,1,1.0,True,True,True,True,correct,dev_0060|dev_0019|dev_0054|dev_0011|dev_0038|dev_0048|dev_0007|dev_0055|dev_0006|dev_0022,[wpt-sync] Sync PR 45133 - Attempt to de-flake sandbox top navigation WPTs.
bm25_text_knn,bmo_1885601,core,css transitions and animations,P4,dev_0060,dev_0060,1,1.0,True,True,True,True,correct,dev_0060|dev_0019|dev_0046|dev_0054|dev_0011|dev_0038|dev_0048|dev_0007|dev_0055|dev_0006,[wpt-sync] Sync PR 45134 - Port flaky animations/stability tests to WPT
current_assignee_triager,bmo_1884275,core,audio/video: playback,P2,dev_0003,dev_0003,1,1.0,True,True,True,True,correct,dev_0003|dev_0048|dev_0010|dev_0009|dev_0022|dev_0060|dev_0019|dev_0054|dev_0011|dev_0038,Crash in [@ D3DKMTUnregisterTrimNotification]
current_assignee_triager,bmo_1884278,firefox,firefox view,P3,dev_0007,dev_0007,1,1.0,True,True,True,True,correct,dev_0007|dev_0047|dev_0033|dev_0060|dev_0019|dev_0054|dev_0011|dev_0038|dev_0048|dev_0055,Add an exception from a11y_checks for clicks on a not focusable pinned media button on Firefox View
current_assignee_triager,bmo_1884281,core,dom: editor,--,dev_0040,dev_0040,1,1.0,True,True,True,True,correct,dev_0040|dev_0056|dev_0060|dev_0043|dev_0017|dev_0019|dev_0054|dev_0011|dev_0038|dev_0048,"Assertion failure: mStart.EqualsOrIsBefore(mEnd), at /builds/worker/workspace/obj-build/dist/include/mozilla/EditorDOMPoint.h:1290"
current_assignee_triager,bmo_1884297,core,gecko profiler,--,dev_0043,dev_0043,1,1.0,True,True,True,True,correct,dev_0043|dev_0019|dev_0048|dev_0060|dev_0054|dev_0011|dev_0038|dev_0007|dev_0055|dev_0006,tools/profiler/core/platform.cpp:118:12: fatal error: 'nsCocoaFeatures.h' file not found
current_assignee_triager,bmo_1884314,core,graphics: text,--,dev_0026,dev_0026,1,1.0,True,True,True,True,correct,dev_0026|dev_0043|dev_0060|dev_0057|dev_0019|dev_0054|dev_0011|dev_0038|dev_0048|dev_0007,IOSPlatformFontList::InitSystemFontNames and IOSPlatformFontList::GetDefaultFontForPlatform return empty strings
current_assignee_triager,bmo_1884322,firefox,firefox view,--,dev_0033,dev_0033,1,1.0,True,True,True,True,correct,dev_0033|dev_0047|dev_0007|dev_0060|dev_0019|dev_0054|dev_0011|dev_0038|dev_0048|dev_0055,Any key will toggle mute/unmute button in Fx View
current_assignee_triager,bmo_1884347,core,security: process sandboxing,P1,dev_0028,dev_0028,1,1.0,True,True,True,True,correct,dev_0028|dev_0023|dev_0019|dev_0058|dev_0060|dev_0054|dev_0011|dev_0038|dev_0048|dev_0007,AppArmor user namespace creation restrictions cause many applications (including Firefox tabs) to crash with SIGTRAP or SIGSEGV
current_assignee_triager,bmo_1884349,core,networking: http,P1,dev_0034,dev_0034,1,1.0,True,True,True,True,correct,dev_0034|dev_0021|dev_0060|dev_0019|dev_0054|dev_0011|dev_0038|dev_0048|dev_0007|dev_0055,firefox didn't load any page
current_assignee_triager,bmo_1884360,core,javascript engine,P2,dev_0025,dev_0004,2,0.5,False,True,True,True,wrong_assignee,dev_0004|dev_0025|dev_0006|dev_0042|dev_0053|dev_0024|dev_0059|dev_0050|dev_0058|dev_0060,Reimplement Array.prototype.sort with a JIT trampoline
current_assignee_triager,bmo_1884368,core,javascript engine: jit,--,dev_0025,dev_0004,2,0.5,False,True,True,True,wrong_assignee,dev_0004|dev_0025|dev_0024|dev_0042|dev_0060|dev_0019|dev_0054|dev_0011|dev_0038|dev_0048,Retire jit::GetPcScript and PcScriptCache
current_assignee_triager,bmo_1884407,firefox,profile backup,P1,dev_0041,dev_0041,1,1.0,True,True,True,True,correct,dev_0041|dev_0060|dev_0019|dev_0054|dev_0011|dev_0038|dev_0048|dev_0007|dev_0055|dev_0006,Add a probe to measure available disk space for profile directory storage device
current_assignee_triager,bmo_1884417,firefox,tabbed browser,P2,dev_0015,dev_0015,1,1.0,True,True,True,True,correct,dev_0015|dev_0007|dev_0041|dev_0019|dev_0039|dev_0006|dev_0060|dev_0054|dev_0011|dev_0038,Address UX feedback for Tab Hover Preview
current_assignee_triager,bmo_1884427,core,javascript: gc,P1,dev_0024,dev_0024,1,1.0,True,True,True,True,correct,dev_0024|dev_0004|dev_0025|dev_0053|dev_0060|dev_0019|dev_0054|dev_0011|dev_0038|dev_0048,Crash [@ js::CheckTracedThing]
current_assignee_triager,bmo_1884435,firefox,address bar,P1,dev_0001,dev_0001,1,1.0,True,True,True,True,correct,dev_0001|dev_0012|dev_0039|dev_0007|dev_0032|dev_0060|dev_0019|dev_0054|dev_0011|dev_0038,Remove bounding box / stroke from Yelp Suggestions UI
current_assignee_triager,bmo_1884452,core,widget: gtk,P3,dev_0019,dev_0055,4,0.25,False,False,True,True,wrong_assignee,dev_0055|dev_0007|dev_0013|dev_0019|dev_0060|dev_0054|dev_0011|dev_0038|dev_0048|dev_0006,Provide about:config entry to disable changing of titlebar buttons in firefox for every themes
current_assignee_triager,bmo_1884457,core,javascript: gc,P3,dev_0024,dev_0024,1,1.0,True,True,True,True,correct,dev_0024|dev_0035|dev_0053|dev_0025|dev_0060|dev_0019|dev_0054|dev_0011|dev_0038|dev_0048,Potential use of uninitialized storage on self-assignment in MarkStack::operator=()
current_assignee_triager,bmo_1884464,core,graphics: text,--,dev_0019,dev_0026,3,0.3333333333333333,False,True,True,True,long_tail_assignee,dev_0026|dev_0060|dev_0019|dev_0043|dev_0057|dev_0054|dev_0011|dev_0038|dev_0048|dev_0007,Make worker font loads more similar to style system font loads.
current_assignee_triager,bmo_1884466,core,dom: web authentication,P3,dev_0029,dev_0029,1,1.0,True,True,True,True,correct,dev_0029|dev_0014|dev_0060|dev_0019|dev_0054|dev_0011|dev_0038|dev_0048|dev_0007|dev_0055,Implement getClientCapabilities
current_assignee_triager,bmo_1884496,core,xpconnect,--,dev_0054,dev_0006,6,0.16666666666666666,False,False,False,True,long_tail_assignee,dev_0006|dev_0009|dev_0022|dev_0060|dev_0019|dev_0054|dev_0011|dev_0038|dev_0048|dev_0007,Switch to do_importESModule in extension files and drop do_importModule
current_assignee_triager,bmo_1884505,core,layout,--,dev_0021,dev_0019,7,0.14285714285714285,False,False,False,True,wrong_assignee,dev_0019|dev_0060|dev_0049|dev_0013|dev_0002|dev_0022|dev_0021|dev_0005|dev_0043|dev_0054,Perma infrastructure/reftest-zoom/clamp-full-zoom-001.html | Testing infrastructure/reftest-zoom/clamp-full-zoom-001.html == infrastructure/reftest-zoom/clamp-full-zoom-001-ref.html when when Gecko 125 merges to Beta on 2024-03-18
current_assignee_triager,bmo_1884518,core,javascript: webassembly,P1,dev_0049,dev_0049,1,1.0,True,True,True,True,correct,dev_0049|dev_0048|dev_0025|dev_0060|dev_0019|dev_0054|dev_0011|dev_0038|dev_0007|dev_0055,Invalid stack pointer when delegate is combined with try_table and params
current_assignee_triager,bmo_1884539,core,layout: form controls,--,dev_0026,dev_0019,,0.0,False,False,False,False,long_tail_assignee,dev_0019|dev_0013|dev_0002|dev_0060|dev_0054|dev_0011|dev_0038|dev_0048|dev_0007|dev_0055,<select> popups don't respect minimum font size
current_assignee_triager,bmo_1884553,core,javascript engine,P3,dev_0004,dev_0006,4,0.25,False,False,True,True,wrong_assignee,dev_0006|dev_0042|dev_0024|dev_0004|dev_0053|dev_0025|dev_0059|dev_0050|dev_0058|dev_0060,"Assertion failure: js::gc::IsCellPointerValid(&obj), at js/Value.h:633 with CalendarFields"
current_assignee_triager,bmo_1884565,core,javascript: webassembly,P1,dev_0049,dev_0049,1,1.0,True,True,True,True,correct,dev_0049|dev_0004|dev_0006|dev_0024|dev_0025|dev_0060|dev_0019|dev_0054|dev_0011|dev_0038,Assertion failure: aIndex < mLength (issue 1883785 patch bypass)
current_assignee_triager,bmo_1884574,core,dom: web authentication,P1,dev_0029,dev_0029,1,1.0,True,True,True,True,correct,dev_0029|dev_0014|dev_0060|dev_0019|dev_0054|dev_0011|dev_0038|dev_0048|dev_0007|dev_0055,Firefox crashes after clicking `Create a passkey` in Google Account > Security > Passkeys
current_assignee_triager,bmo_1884600,core,graphics,--,dev_0052,dev_0052,1,1.0,True,True,True,True,correct,dev_0052|dev_0005|dev_0003|dev_0038|dev_0027|dev_0009|dev_0043|dev_0037|dev_0055|dev_0060,Block NVIDIA RTX Video Super Resolution depends on driver version
current_assignee_triager,bmo_1884624,core,widget: cocoa,P3,dev_0009,dev_0009,1,1.0,True,True,True,True,correct,dev_0009|dev_0019|dev_0060|dev_0054|dev_0011|dev_0038|dev_0048|dev_0007|dev_0055|dev_0006,[macOS 14] Crash in [@ __CFCheckCFInfoPACSignature] and [@ _CFAssertMismatchedTypeID] on 124 branch and up
current_assignee_triager,bmo_1884628,core,networking: dns,P1,dev_0034,dev_0059,2,0.5,False,True,True,True,long_tail_assignee,dev_0059|dev_0034|dev_0060|dev_0019|dev_0054|dev_0011|dev_0038|dev_0048|dev_0007|dev_0055,Crash Report [@ pthread_kill@@GLIBC_2.34 | raise | __netlink_assert_response ]
current_assignee_triager,bmo_1884631,core,widget: cocoa,P3,dev_0019,dev_0009,2,0.5,False,True,True,True,long_tail_assignee,dev_0009|dev_0019|dev_0022|dev_0060|dev_0054|dev_0011|dev_0038|dev_0048|dev_0007|dev_0055,Consider removing WindowType::Sheet (native macOS sheet support)
current_assignee_triager,bmo_1884635,core,widget: cocoa,--,dev_0019,dev_0009,2,0.5,False,True,True,True,long_tail_assignee,dev_0009|dev_0019|dev_0060|dev_0054|dev_0011|dev_0038|dev_0048|dev_0007|dev_0055|dev_0006,[macOS] XUL notification does not stay frontmost
current_assignee_triager,bmo_1884645,core,networking,P2,dev_0059,dev_0059,1,1.0,True,True,True,True,correct,dev_0059|dev_0035|dev_0009|dev_0021|dev_0034|dev_0060|dev_0019|dev_0054|dev_0011|dev_0038,Send an observer notification with the decodedBodySize before calling OnStopRequest listeners
current_assignee_triager,bmo_1884649,core,javascript engine: jit,P1,dev_0004,dev_0004,1,1.0,True,True,True,True,correct,dev_0004|dev_0053|dev_0042|dev_0025|dev_0024|dev_0060|dev_0019|dev_0054|dev_0011|dev_0038,"Assertion failure: from->hasLatin1Chars(), at builtin/String.cpp:570"
current_assignee_triager,bmo_1884652,core,xul,--,dev_0019,dev_0019,1,1.0,True,True,True,True,correct,dev_0019|dev_0006|dev_0060|dev_0054|dev_0011|dev_0038|dev_0048|dev_0007|dev_0055|dev_0022,Remove support for titlebars on panels.
current_assignee_triager,bmo_1884671,firefox,sidebar,--,dev_0047,dev_0047,1,1.0,True,True,True,True,correct,dev_0047|dev_0033|dev_0051|dev_0060|dev_0019|dev_0054|dev_0011|dev_0038|dev_0048|dev_0007,Create pref and directory for the new sidebar
current_assignee_triager,bmo_1884693,core,privacy: anti-tracking,--,dev_0058,dev_0058,1,1.0,True,True,True,True,correct,dev_0058|dev_0036|dev_0020|dev_0057|dev_0008|dev_0015|dev_0025|dev_0060|dev_0019|dev_0054,Collect more fingerprintable pref values
current_assignee_triager,bmo_1884701,firefox,search,P3,dev_0054,dev_0054,1,1.0,True,True,True,True,correct,dev_0054|dev_0032|dev_0007|dev_0019|dev_0060|dev_0011|dev_0038|dev_0048|dev_0055|dev_0006,Simplify removing engines during reload engines with search-config-v2
current_assignee_triager,bmo_1884705,firefox,remote settings client,--,dev_0054,dev_0054,1,1.0,True,True,True,True,correct,dev_0054|dev_0032|dev_0060|dev_0019|dev_0011|dev_0038|dev_0048|dev_0007|dev_0055|dev_0006,Add a function to allow getting attachments from the cache or dumps without downloading them
current_assignee_triager,bmo_1884719,core,audio/video: playback,P1,dev_0003,dev_0003,1,1.0,True,True,True,True,correct,dev_0003|dev_0048|dev_0010|dev_0022|dev_0009|dev_0060|dev_0019|dev_0054|dev_0011|dev_0038,[wmfme] ensure the hardware decoding is available before starting the media engine
current_assignee_triager,bmo_1884725,core,dom: web authentication,--,dev_0029,dev_0029,1,1.0,True,True,True,True,correct,dev_0029|dev_0048|dev_0014|dev_0060|dev_0019|dev_0054|dev_0011|dev_0038|dev_0007|dev_0055,"In Windows, passkeys authentication under Firefox in anonymous/private mode is logged as it was non-private to Windows Log Event"
current_assignee_triager,bmo_1884732,core,dom: content processes,--,dev_0057,dev_0046,,0.0,False,False,False,False,long_tail_assignee,dev_0046|dev_0035|dev_0060|dev_0019|dev_0054|dev_0011|dev_0038|dev_0048|dev_0007|dev_0055,Add logging for window actor messages
current_assignee_triager,bmo_1884734,core,dom: css object model,P4,dev_0060,dev_0060,1,1.0,True,True,True,True,correct,dev_0060|dev_0019|dev_0013|dev_0054|dev_0011|dev_0038|dev_0048|dev_0007|dev_0055|dev_0006,"[wpt-sync] Sync PR 45028 - Revert ""Return currentcolor as a computed value on computedStyleMap"""
current_assignee_triager,bmo_1884736,core,dom: service workers,P4,dev_0060,dev_0060,1,1.0,True,True,True,True,correct,dev_0060|dev_0019|dev_0054|dev_0011|dev_0038|dev_0048|dev_0007|dev_0055|dev_0006|dev_0022,[wpt-sync] Sync PR 44998 - Add WPT for the length of router rules
current_assignee_triager,bmo_1884737,core,graphics: canvas2d,P3,dev_0005,dev_0038,2,0.5,False,True,True,True,wrong_assignee,dev_0038|dev_0005|dev_0060|dev_0026|dev_0058|dev_0052|dev_0019|dev_0054|dev_0011|dev_0048,Ensure CanvasChild::ReturnDataSurfaceShmem is threadsafe
current_assignee_triager,bmo_1884746,core,javascript: gc,P2,dev_0024,dev_0024,1,1.0,True,True,True,True,correct,dev_0024|dev_0053|dev_0004|dev_0025|dev_0060|dev_0019|dev_0054|dev_0011|dev_0038|dev_0048,"Assertion failure: !zone->uniqueIds().has(tgt), at gc/StableCellHasher-inl.h:140"
current_assignee_triager,bmo_1884759,core,networking: http,--,dev_0019,dev_0034,4,0.25,False,False,True,True,long_tail_assignee,dev_0034|dev_0021|dev_0060|dev_0019|dev_0054|dev_0011|dev_0038|dev_0048|dev_0007|dev_0055,Don't use a mutex to handle parse promise blocking.
current_assignee_triager,bmo_1884765,core,css parsing and computation,P4,dev_0060,dev_0060,1,1.0,True,True,True,True,correct,dev_0060|dev_0019|dev_0043|dev_0016|dev_0007|dev_0022|dev_0018|dev_0021|dev_0013|dev_0026,[wpt-sync] Sync PR 44991 - update test to expect shadow trees to find document keyframes
current_assignee_triager,bmo_1884774,core,dom: networking,P4,dev_0060,dev_0060,1,1.0,True,True,True,True,correct,dev_0060|dev_0019|dev_0054|dev_0011|dev_0038|dev_0048|dev_0007|dev_0055|dev_0006|dev_0022,"[wpt-sync] Sync PR 44997 - Reapply ""ReadableStream should be cancelled on aborting fetch streaming upload"""
current_assignee_triager,bmo_1884776,core,layout: text and fonts,P4,dev_0060,dev_0060,1,1.0,True,True,True,True,correct,dev_0060|dev_0026|dev_0022|dev_0019|dev_0054|dev_0011|dev_0038|dev_0048|dev_0007|dev_0055,[wpt-sync] Sync PR 44995 - Ensure the -webkit-text-stroke property is computed properly.
current_assignee_triager,bmo_1884777,core,javascript: webassembly,P1,dev_0049,dev_0049,1,1.0,True,True,True,True,correct,dev_0049|dev_0025|dev_0060|dev_0019|dev_0054|dev_0011|dev_0038|dev_0048|dev_0007|dev_0055,Update wasm-smith
current_assignee_triager,bmo_1884778,core,graphics: text,P5,dev_0043,dev_0026,2,0.5,False,True,True,True,wrong_assignee,dev_0026|dev_0043|dev_0052|dev_0055|dev_0038|dev_0057|dev_0060|dev_0019|dev_0054|dev_0011,Permanent /builds/worker/checkouts/gecko/gfx/thebes/gfxPlatformMac.cpp:123:46: error: allocating an object of abstract class type 'PlatformFontListClass' (aka 'IOSPlatformFontList')
current_assignee_triager,bmo_1884781,firefox,theme,--,dev_0019,dev_0019,1,1.0,True,True,True,True,correct,dev_0019|dev_0054|dev_0060|dev_0011|dev_0038|dev_0048|dev_0007|dev_0055|dev_0006|dev_0022,Remove unused rule in windows/browser.css
current_assignee_triager,bmo_1884783,core,javascript: webassembly,P3,dev_0049,dev_0049,1,1.0,True,True,True,True,correct,dev_0049|dev_0025|dev_0060|dev_0019|dev_0054|dev_0011|dev_0038|dev_0048|dev_0007|dev_0055,AnyRef::fromUint32Trunace assumes that unknown architectures are 32-bit
current_assignee_triager,bmo_1884786,core,css parsing and computation,P4,dev_0060,dev_0060,1,1.0,True,True,True,True,correct,dev_0060|dev_0019|dev_0016|dev_0007|dev_0043|dev_0022|dev_0018|dev_0021|dev_0013|dev_0026,[wpt-sync] Sync PR 44993 - @font-face tests for shadow dom
current_assignee_triager,bmo_1884792,core,css parsing and computation,P3,dev_0019,dev_0060,2,0.5,False,True,True,True,wrong_assignee,dev_0060|dev_0019|dev_0016|dev_0007|dev_0043|dev_0022|dev_0018|dev_0021|dev_0013|dev_0026,Remove chrome-only :-moz-lwtheme pseudo-class
current_assignee_triager,bmo_1884794,core,dom: credential management,P4,dev_0060,dev_0060,1,1.0,True,True,True,True,correct,dev_0060|dev_0019|dev_0054|dev_0011|dev_0038|dev_0048|dev_0007|dev_0055|dev_0006|dev_0022,[wpt-sync] Sync PR 44994 - [FedCM] Split button flow web tests into multiple files
current_assignee_triager,bmo_1884797,core,css parsing and computation,P4,dev_0060,dev_0060,1,1.0,True,True,True,True,correct,dev_0060|dev_0019|dev_0016|dev_0007|dev_0043|dev_0022|dev_0018|dev_0021|dev_0013|dev_0026,"[wpt-sync] Sync PR 45004 - [css-anchor-position] Apply position-try-options, not position-fallback"
current_assignee_triager,bmo_1884809,core,css parsing and computation,P4,dev_0060,dev_0060,1,1.0,True,True,True,True,correct,dev_0060|dev_0019|dev_0016|dev_0007|dev_0043|dev_0022|dev_0018|dev_0021|dev_0013|dev_0026,[wpt-sync] Sync PR 45014 - [css-color-5] relative color : multiply channel keywords by percentages
current_assignee_triager,bmo_1884811,core,svg,P4,dev_0060,dev_0060,1,1.0,True,True,True,True,correct,dev_0060|dev_0037|dev_0038|dev_0013|dev_0019|dev_0054|dev_0011|dev_0048|dev_0007|dev_0055,[wpt-sync] Sync PR 45015 - Fix `animateColor` test to work across browsers
current_assignee_triager,bmo_1884813,core,graphics: webrender,--,dev_0052,dev_0059,,0.0,False,False,False,False,long_tail_assignee,dev_0059|dev_0038|dev_0043|dev_0056|dev_0009|dev_0037|dev_0005|dev_0060|dev_0019|dev_0054,"Assertion failure: false (MOZ_ASSERT_UNREACHABLE: unexpected to be called), at /builds/worker/checkouts/gecko/gfx/webrender_bindings/WebRenderAPI.cpp:547"
current_assignee_triager,bmo_1884819,core,dom: css object model,P4,dev_0060,dev_0060,1,1.0,True,True,True,True,correct,dev_0060|dev_0019|dev_0013|dev_0054|dev_0011|dev_0038|dev_0048|dev_0007|dev_0055|dev_0006,[wpt-sync] Sync PR 45030 - Add `getComputedStyle()` cases with lacking leading colons
current_assignee_triager,bmo_1884826,core,css parsing and computation,P4,dev_0060,dev_0060,1,1.0,True,True,True,True,correct,dev_0060|dev_0019|dev_0016|dev_0007|dev_0043|dev_0022|dev_0018|dev_0021|dev_0013|dev_0026,[wpt-sync] Sync PR 45020 - [css-nesting-1] Change serialization of relative selectors within nesting.
current_assignee_triager,bmo_1884827,core,graphics: canvas2d,P4,dev_0060,dev_0060,1,1.0,True,True,True,True,correct,dev_0060|dev_0038|dev_0005|dev_0058|dev_0026|dev_0052|dev_0019|dev_0054|dev_0011|dev_0048,[wpt-sync] Sync PR 45009 - Migrate Canvas WebGPU Access tests into WebGPU test directory.
current_assignee_triager,bmo_1884828,core,dom: credential management,P4,dev_0060,dev_0060,1,1.0,True,True,True,True,correct,dev_0060|dev_0019|dev_0054|dev_0011|dev_0038|dev_0048|dev_0007|dev_0055|dev_0006|dev_0022,[wpt-sync] Sync PR 45008 - [RWI] Make navigator.identity.get() return DigitalCredential object
current_assignee_triager,bmo_1884829,core,disability access apis,P4,dev_0060,dev_0031,2,0.5,False,True,True,True,long_tail_assignee,dev_0031|dev_0060|dev_0007|dev_0009|dev_0019|dev_0054|dev_0011|dev_0038|dev_0048|dev_0055,[wpt-sync] Sync PR 45032 - Move orphaned role tests to tentative file
current_assignee_triager,bmo_1884832,core,xpcom,--,dev_0043,dev_0027,5,0.2,False,False,True,True,long_tail_assignee,dev_0027|dev_0013|dev_0006|dev_0048|dev_0043|dev_0030|dev_0046|dev_0060|dev_0019|dev_0054,Move CFTypeRefPtr.h to xpcom
current_assignee_triager,bmo_1884833,core,dom: credential management,P4,dev_0060,dev_0060,1,1.0,True,True,True,True,correct,dev_0060|dev_0019|dev_0054|dev_0011|dev_0038|dev_0048|dev_0007|dev_0055|dev_0006|dev_0022,[wpt-sync] Sync PR 45033 - Disable digital credential API when called from cross-origin <iframe>
current_assignee_triager,bmo_1884836,core,graphics,--,dev_0043,dev_0043,1,1.0,True,True,True,True,correct,dev_0043|dev_0005|dev_0052|dev_0027|dev_0038|dev_0009|dev_0037|dev_0055|dev_0060|dev_0019,Base graphics support for iOS
current_assignee_triager,bmo_1884839,core,dom: networking,P4,dev_0060,dev_0060,1,1.0,True,True,True,True,correct,dev_0060|dev_0019|dev_0054|dev_0011|dev_0038|dev_0048|dev_0007|dev_0055|dev_0006|dev_0022,[wpt-sync] Sync PR 45034 - Add tests
current_assignee_triager,bmo_1884840,core,graphics: canvas2d,P4,dev_0060,dev_0060,1,1.0,True,True,True,True,correct,dev_0060|dev_0038|dev_0005|dev_0058|dev_0026|dev_0052|dev_0019|dev_0054|dev_0011|dev_0048,"[wpt-sync] Sync PR 45035 - Revert ""Migrate Canvas WebGPU Access tests into WebGPU test directory."""
current_assignee_triager,bmo_1884841,core,css parsing and computation,P4,dev_0060,dev_0060,1,1.0,True,True,True,True,correct,dev_0060|dev_0019|dev_0016|dev_0007|dev_0043|dev_0022|dev_0018|dev_0021|dev_0013|dev_0026,[wpt-sync] Sync PR 45036 - [css-values-4] Add viewport unit tests for scrollbars
current_assignee_triager,bmo_1884854,firefox,address bar,P3,dev_0001,dev_0001,1,1.0,True,True,True,True,correct,dev_0001|dev_0012|dev_0039|dev_0032|dev_0007|dev_0060|dev_0019|dev_0054|dev_0011|dev_0038,Simplify urlbar weather fetching
current_assignee_triager,bmo_1884856,core,dom: core & html,P4,dev_0060,dev_0060,1,1.0,True,True,True,True,correct,dev_0060|dev_0019|dev_0022|dev_0050|dev_0054|dev_0035|dev_0007|dev_0006|dev_0058|dev_0040,[wpt-sync] Sync PR 45023 - Fix sandbox top navigation tests using external URLs.
current_assignee_triager,bmo_1884857,core,storage: indexeddb,P4,dev_0060,dev_0060,1,1.0,True,True,True,True,correct,dev_0060|dev_0035|dev_0019|dev_0054|dev_0011|dev_0038|dev_0048|dev_0007|dev_0055|dev_0006,[wpt-sync] Sync PR 44999 - IDB: idbobjectstore_put WPT extended to workers in addition to window.
current_assignee_triager,bmo_1884859,core,graphics: imagelib,--,dev_0035,dev_0035,1,1.0,True,True,True,True,correct,dev_0035|dev_0056|dev_0043|dev_0019|dev_0005|dev_0060|dev_0054|dev_0011|dev_0038|dev_0048,Update libjxl to new version f06a34c77b1bd11bafbe82989241e68c756ccca2 from 2024-03-11 15:14:53
current_assignee_triager,bmo_1884862,core,layout: text and fonts,P4,dev_0060,dev_0060,1,1.0,True,True,True,True,correct,dev_0060|dev_0026|dev_0022|dev_0019|dev_0054|dev_0011|dev_0038|dev_0048|dev_0007|dev_0055,[wpt-sync] Sync PR 45045 - Fuzz Fluent failing wpt tests.
current_assignee_triager,bmo_1884870,core,dom: ui events & focus handling,--,dev_0050,dev_0040,3,0.3333333333333333,False,True,True,True,long_tail_assignee,dev_0040|dev_0017|dev_0050|dev_0019|dev_0007|dev_0060|dev_0054|dev_0011|dev_0038|dev_0048,`iframe` with another `iframe` inside returns a different `activeElement` when is not focussed after the first focus
current_assignee_triager,bmo_1884875,core,layout: scrolling and overflow,P4,dev_0060,dev_0060,1,1.0,True,True,True,True,correct,dev_0060|dev_0002|dev_0019|dev_0054|dev_0011|dev_0038|dev_0048|dev_0007|dev_0055|dev_0006,[wpt-sync] Sync PR 44931 - [css-scroll-snap-2] Fix targeted snap point selection
current_assignee_triager,bmo_1884879,core,css parsing and computation,--,dev_0019,dev_0019,1,1.0,True,True,True,True,correct,dev_0019|dev_0060|dev_0059|dev_0016|dev_0007|dev_0022|dev_0043|dev_0018|dev_0021|dev_0013,"New wpt failures in /css/ [css-nesting/parsing.html, css-syntax/custom-property-rule-ambiguity.html]"
current_assignee_triager,bmo_1884880,core,layout: scrolling and overflow,P4,dev_0060,dev_0060,1,1.0,True,True,True,True,correct,dev_0060|dev_0002|dev_0019|dev_0054|dev_0011|dev_0038|dev_0048|dev_0007|dev_0055|dev_0006,[wpt-sync] Sync PR 44938 - [css-scroll-snap-2] Prioritize tree-order among aligned snap targets
current_assignee_triager,bmo_1884887,core,javascript: webassembly,P1,dev_0049,dev_0049,1,1.0,True,True,True,True,correct,dev_0049|dev_0025|dev_0060|dev_0019|dev_0054|dev_0011|dev_0038|dev_0048|dev_0007|dev_0055,Exported global with literal initializers and subtyping can change the type of the global after creation
current_assignee_triager,bmo_1884906,core,css parsing and computation,P4,dev_0060,dev_0060,1,1.0,True,True,True,True,correct,dev_0060|dev_0019|dev_0016|dev_0007|dev_0043|dev_0022|dev_0018|dev_0021|dev_0013|dev_0026,[wpt-sync] Sync PR 45052 - Apply standard parsing of pseudo-elements for web animations
current_assignee_triager,bmo_1884907,core,css parsing and computation,P4,dev_0060,dev_0060,1,1.0,True,True,True,True,correct,dev_0060|dev_0019|dev_0016|dev_0007|dev_0043|dev_0022|dev_0018|dev_0021|dev_0013|dev_0026,[wpt-sync] Sync PR 45054 - [anchor] Order-preserving <try-tactic>
current_assignee_triager,bmo_1884908,core,css parsing and computation,P4,dev_0060,dev_0060,1,1.0,True,True,True,True,correct,dev_0060|dev_0019|dev_0016|dev_0007|dev_0043|dev_0022|dev_0018|dev_0021|dev_0013|dev_0026,[wpt-sync] Sync PR 45022 - [css-anchor-position] Fall back to no options applied
current_assignee_triager,bmo_1884909,core,layout,P5,dev_0026,dev_0060,,0.0,False,False,False,False,long_tail_assignee,dev_0060|dev_0038|dev_0056|dev_0019|dev_0002|dev_0013|dev_0022|dev_0021|dev_0005|dev_0043,"Perma bugs/1721223-1.html != bugs/1721223-1-notref.html | image comparison, max difference: 0, number of differing pixels: 0"
current_assignee_triager,bmo_1884910,core,audio/video: playback,P1,dev_0003,dev_0003,1,1.0,True,True,True,True,correct,dev_0003|dev_0010|dev_0048|dev_0022|dev_0009|dev_0060|dev_0019|dev_0054|dev_0011|dev_0038,The variant `wmf-media-engine` expiration is on 2024-04-10
current_assignee_triager,bmo_1884923,firefox,search,P2,dev_0032,dev_0032,1,1.0,True,True,True,True,correct,dev_0032|dev_0054|dev_0007|dev_0019|dev_0060|dev_0011|dev_0038|dev_0048|dev_0055|dev_0006,Update search-telemetry-v2 with nonAdsLinkQueryParamNames to extract the redirect URL associated with the load for non ads links on Google
current_assignee_triager,bmo_1884936,firefox,screenshots,P1,dev_0045,dev_0045,1,1.0,True,True,True,True,correct,dev_0045|dev_0019|dev_0060|dev_0054|dev_0011|dev_0038|dev_0048|dev_0007|dev_0055|dev_0006,Black lines appear in screenshots
current_assignee_triager,bmo_1884946,core,graphics: webgpu,P1,dev_0018,dev_0018,1,1.0,True,True,True,True,correct,dev_0018|dev_0052|dev_0038|dev_0009|dev_0027|dev_0060|dev_0019|dev_0054|dev_0011|dev_0048,Update WGPU to `trunk` upstream (week of 2024-03-11)
current_assignee_triager,bmo_1884952,firefox,search,P2,dev_0054,dev_0032,2,0.5,False,True,True,True,wrong_assignee,dev_0032|dev_0054|dev_0007|dev_0019|dev_0060|dev_0011|dev_0038|dev_0048|dev_0055|dev_0006,Add support for downloading new search engine icons from remote settings
current_assignee_triager,bmo_1884958,core,javascript engine,P3,dev_0042,dev_0025,7,0.14285714285714285,False,False,False,True,wrong_assignee,dev_0025|dev_0004|dev_0024|dev_0006|dev_0058|dev_0053|dev_0042|dev_0059|dev_0050|dev_0060,"Assertion failure: idval.isSymbol(), at /js/src/vm/Interpreter-inl.h:561"
current_assignee_triager,bmo_1884970,firefox,tabbed browser,P1,dev_0007,dev_0015,2,0.5,False,True,True,True,wrong_assignee,dev_0015|dev_0007|dev_0041|dev_0019|dev_0039|dev_0006|dev_0060|dev_0054|dev_0011|dev_0038,Close current tab button is missing an accessible name and role
current_assignee_triager,bmo_1884981,firefox,firefox view,P2,dev_0007,dev_0033,3,0.3333333333333333,False,True,True,True,long_tail_assignee,dev_0033|dev_0047|dev_0007|dev_0060|dev_0019|dev_0054|dev_0011|dev_0038|dev_0048|dev_0055,Import history from another browser section on Firefox View History tab would not announce the context for buttons on it
current_assignee_triager,bmo_1884984,core,dom: security,P4,dev_0060,dev_0060,1,1.0,True,True,True,True,correct,dev_0060|dev_0058|dev_0019|dev_0054|dev_0011|dev_0038|dev_0048|dev_0007|dev_0055|dev_0006,[wpt-sync] Sync PR 45058 - WebKit export of https://bugs.webkit.org/show_bug.cgi?id=267692
current_assignee_triager,bmo_1884986,firefox,firefox view,P2,dev_0007,dev_0033,3,0.3333333333333333,False,True,True,True,long_tail_assignee,dev_0033|dev_0047|dev_0007|dev_0060|dev_0019|dev_0054|dev_0011|dev_0038|dev_0048|dev_0055,Empty card on Firefox View Tabs From Other Devices tab would not announce the context for its button
current_assignee_triager,bmo_1884989,core,graphics: canvas2d,P4,dev_0060,dev_0060,1,1.0,True,True,True,True,correct,dev_0060|dev_0038|dev_0005|dev_0058|dev_0026|dev_0052|dev_0019|dev_0054|dev_0011|dev_0048,"[wpt-sync] Sync PR 45059 - Reland ""Migrate Canvas WebGPU Access tests into WebGPU test directory."""
current_assignee_triager,bmo_1885005,core,graphics: canvaswebgl,P1,dev_0027,dev_0027,1,1.0,True,True,True,True,correct,dev_0027|dev_0018|dev_0060|dev_0019|dev_0054|dev_0011|dev_0038|dev_0048|dev_0007|dev_0055,Update dom/canvas/test/webgl-conf webgl cts tests to 2024Apr
current_assignee_triager,bmo_1885017,core,layout,P4,dev_0060,dev_0060,1,1.0,True,True,True,True,correct,dev_0060|dev_0019|dev_0002|dev_0013|dev_0022|dev_0021|dev_0005|dev_0043|dev_0054|dev_0011,[wpt-sync] Sync PR 45064 - Make clicking only selected option in multi-select deselect it
current_assignee_triager,bmo_1885021,core,dom: core & html,P4,dev_0060,dev_0060,1,1.0,True,True,True,True,correct,dev_0060|dev_0019|dev_0022|dev_0050|dev_0054|dev_0035|dev_0007|dev_0006|dev_0058|dev_0040,[wpt-sync] Sync PR 45065 - content: Don't populate activation info for cross-origin redirects.
current_assignee_triager,bmo_1885025,core,dom: credential management,P4,dev_0060,dev_0060,1,1.0,True,True,True,True,correct,dev_0060|dev_0019|dev_0054|dev_0011|dev_0038|dev_0048|dev_0007|dev_0055|dev_0006|dev_0022,[wpt-sync] Sync PR 45066 - [FedCM] Don't send SameSite=Strict cookies for FedCM requests
current_assignee_triager,bmo_1885026,core,audio/video: playback,P1,dev_0003,dev_0003,1,1.0,True,True,True,True,correct,dev_0003|dev_0048|dev_0010|dev_0022|dev_0009|dev_0060|dev_0019|dev_0054|dev_0011|dev_0038,Don't show warning for `NS_ERROR_DOM_MEDIA_EXTERNAL_ENGINE_NOT_SUPPORTED_ERR`
current_assignee_triager,bmo_1885028,core,graphics: canvaswebgl,P1,dev_0027,dev_0027,1,1.0,True,True,True,True,correct,dev_0027|dev_0005|dev_0060|dev_0019|dev_0054|dev_0011|dev_0038|dev_0048|dev_0007|dev_0055,WebGL should use ParamTraits_TiedFields not PlainOldDataSerializer
current_assignee_triager,bmo_1885032,core,graphics: canvaswebgl,--,dev_0027,dev_0027,1,1.0,True,True,True,True,correct,dev_0027|dev_0038|dev_0060|dev_0019|dev_0054|dev_0011|dev_0048|dev_0007|dev_0055|dev_0006,Implement EXT_depth_clamp
current_assignee_triager,bmo_1885051,core,dom: core & html,P4,dev_0060,dev_0060,1,1.0,True,True,True,True,correct,dev_0060|dev_0019|dev_0022|dev_0050|dev_0054|dev_0035|dev_0007|dev_0006|dev_0058|dev_0040,[wpt-sync] Sync PR 45069 - Don't run button popover code when default is handled
current_assignee_triager,bmo_1885052,core,layout,P4,dev_0060,dev_0060,1,1.0,True,True,True,True,correct,dev_0060|dev_0019|dev_0002|dev_0013|dev_0022|dev_0021|dev_0005|dev_0043|dev_0054|dev_0011,[wpt-sync] Sync PR 45070 - [aspect-ratio] Fix aspect-ratio under-invalidation.
current_assignee_triager,bmo_1885053,core,css parsing and computation,P4,dev_0060,dev_0060,1,1.0,True,True,True,True,correct,dev_0060|dev_0019|dev_0016|dev_0007|dev_0043|dev_0022|dev_0018|dev_0021|dev_0013|dev_0026,[wpt-sync] Sync PR 45071 - [anchor] Generate flips using the try-tactics layer
current_assignee_triager,bmo_1885059,core,css parsing and computation,P4,dev_0060,dev_0060,1,1.0,True,True,True,True,correct,dev_0060|dev_0019|dev_0016|dev_0007|dev_0043|dev_0022|dev_0018|dev_0021|dev_0013|dev_0026,[wpt-sync] Sync PR 45073 - Add tests of Oklab and Oklch with lightness 99.9999%
current_assignee_triager,bmo_1885061,core,audio/video,--,dev_0043,dev_0043,1,1.0,True,True,True,True,correct,dev_0043|dev_0010|dev_0022|dev_0048|dev_0003|dev_0060|dev_0019|dev_0054|dev_0011|dev_0038,dom/media/platforms/apple/AppleVTDecoder.cpp:10:10: fatal error: 'IOSurface/IOSurface.h' file not found
current_assignee_triager,bmo_1885063,core,css parsing and computation,P4,dev_0060,dev_0060,1,1.0,True,True,True,True,correct,dev_0060|dev_0019|dev_0016|dev_0007|dev_0043|dev_0022|dev_0018|dev_0021|dev_0013|dev_0026,[wpt-sync] Sync PR 45074 - Fix vertical alignment at the root of an IFC
current_assignee_triager,bmo_1885065,core,dom: networking,P4,dev_0060,dev_0060,1,1.0,True,True,True,True,correct,dev_0060|dev_0019|dev_0054|dev_0011|dev_0038|dev_0048|dev_0007|dev_0055|dev_0006|dev_0022,"[wpt-sync] Sync PR 45075 - Reapply ""Reapply ""ReadableStream should be cancelled on aborting fetch streaming upload"""""
current_assignee_triager,bmo_1885078,core,dom: workers,P4,dev_0060,dev_0060,1,1.0,True,True,True,True,correct,dev_0060|dev_0030|dev_0006|dev_0019|dev_0054|dev_0011|dev_0038|dev_0048|dev_0007|dev_0055,[wpt-sync] Sync PR 44990 - Pluralize Sec-CH-UA-Form-Factor/formFactor
current_assignee_triager,bmo_1885088,core,javascript engine,P1,dev_0006,dev_0004,2,0.5,False,True,True,True,wrong_assignee,dev_0004|dev_0006|dev_0025|dev_0042|dev_0053|dev_0024|dev_0059|dev_0050|dev_0058|dev_0060,"Assertion failure: input.options.lineno != 0 (Module cannot be compiled with lineNumber == 0), at frontend/BytecodeCompiler.cpp:1148"
current_assignee_triager,bmo_1885092,core,layout: block and inline,P4,dev_0060,dev_0060,1,1.0,True,True,True,True,correct,dev_0060|dev_0019|dev_0002|dev_0054|dev_0011|dev_0038|dev_0048|dev_0007|dev_0055|dev_0006,[wpt-sync] Sync PR 45077 - text-box-trim: Handle the start side's inline box
current_assignee_triager,bmo_1885107,core,dom: core & html,P4,dev_0060,dev_0060,1,1.0,True,True,True,True,correct,dev_0060|dev_0019|dev_0022|dev_0050|dev_0054|dev_0035|dev_0007|dev_0006|dev_0058|dev_0040,[wpt-sync] Sync PR 45079 - [Invokers] Only dispatch invoke for built-ins or actions containing '-'
current_assignee_triager,bmo_1885114,core,javascript: gc,P3,dev_0024,dev_0024,1,1.0,True,True,True,True,correct,dev_0024|dev_0053|dev_0025|dev_0060|dev_0019|dev_0054|dev_0011|dev_0038|dev_0048|dev_0007,Zone class memory is not added to heap size measurements
current_assignee_triager,bmo_1885116,core,dom: core & html,P4,dev_0060,dev_0060,1,1.0,True,True,True,True,correct,dev_0060|dev_0019|dev_0022|dev_0050|dev_0054|dev_0035|dev_0007|dev_0006|dev_0058|dev_0040,[wpt-sync] Sync PR 45080 - [PEPC] Add restrictions to word-spacing for PEPC
current_assignee_triager,bmo_1885117,core,gecko profiler,--,dev_0048,dev_0019,4,0.25,False,False,True,True,long_tail_assignee,dev_0019|dev_0043|dev_0027|dev_0048|dev_0060|dev_0054|dev_0011|dev_0038|dev_0007|dev_0055,Teach MicroGeckoProfiler.h to capture stacks
current_assignee_triager,bmo_1885119,core,dom: core & html,P4,dev_0060,dev_0060,1,1.0,True,True,True,True,correct,dev_0060|dev_0019|dev_0022|dev_0050|dev_0054|dev_0035|dev_0007|dev_0006|dev_0058|dev_0040,[wpt-sync] Sync PR 45081 - Add insertion-step test for MutationObserver.takeRecords
current_assignee_triager,bmo_1885121,firefox,search,P2,dev_0054,dev_0054,1,1.0,True,True,True,True,correct,dev_0054|dev_0032|dev_0007|dev_0019|dev_0060|dev_0011|dev_0038|dev_0048|dev_0055|dev_0006,Fix a few more tests that are broken with search-config-v2 enabled
current_assignee_triager,bmo_1885134,firefox,firefox view,P3,dev_0033,dev_0047,3,0.3333333333333333,False,True,True,True,wrong_assignee,dev_0047|dev_0007|dev_0033|dev_0045|dev_0011|dev_0060|dev_0019|dev_0054|dev_0038|dev_0048,Firefox View selected and focused category is displayed with extra border frame
current_assignee_triager,bmo_1885136,core,css parsing and computation,--,dev_0019,dev_0019,1,1.0,True,True,True,True,correct,dev_0019|dev_0060|dev_0016|dev_0007|dev_0043|dev_0022|dev_0018|dev_0021|dev_0013|dev_0026,Allow servo to not start the style traversal from outside the thread pool.
current_assignee_triager,bmo_1885146,firefox,tabbed browser,P2,dev_0015,dev_0015,1,1.0,True,True,True,True,correct,dev_0015|dev_0007|dev_0041|dev_0019|dev_0039|dev_0006|dev_0060|dev_0054|dev_0011|dev_0038,Tab hover preview panel colors don't integrate well with themes
current_assignee_triager,bmo_1885162,core,dom: core & html,P4,dev_0060,dev_0060,1,1.0,True,True,True,True,correct,dev_0060|dev_0040|dev_0019|dev_0022|dev_0050|dev_0054|dev_0035|dev_0007|dev_0006|dev_0058,[wpt-sync] Sync PR 45085 - WPT: Script child removal does not trigger execution
current_assignee_triager,bmo_1885178,core,dom: animation,P4,dev_0060,dev_0060,1,1.0,True,True,True,True,correct,dev_0060|dev_0019|dev_0022|dev_0037|dev_0054|dev_0011|dev_0038|dev_0048|dev_0007|dev_0055,"[wpt-sync] Sync PR 45021 - Reland ""Skip static animations on compositor and main"""
current_assignee_triager,bmo_1885190,core,css parsing and computation,P4,dev_0060,dev_0060,1,1.0,True,True,True,True,correct,dev_0060|dev_0019|dev_0016|dev_0007|dev_0043|dev_0022|dev_0018|dev_0021|dev_0013|dev_0026,[wpt-sync] Sync PR 45087 - [css-color] rgba and hsla relative colors are valid
current_assignee_triager,bmo_1885193,firefox,search,P2,dev_0054,dev_0054,1,1.0,True,True,True,True,correct,dev_0054|dev_0032|dev_0007|dev_0019|dev_0060|dev_0011|dev_0038|dev_0048|dev_0055|dev_0006,Update mozilla-central copy of search-config-overrides-v2.json
current_assignee_triager,bmo_1885197,core,graphics,--,dev_0009,dev_0005,7,0.14285714285714285,False,False,False,True,wrong_assignee,dev_0005|dev_0055|dev_0060|dev_0052|dev_0038|dev_0027|dev_0009|dev_0043|dev_0037|dev_0019,DeviceManagerDx::GetDXGIAdapterLocked needs to recreate the adapter in response to hot-plugging another monitor
current_assignee_triager,bmo_1885201,core,graphics: canvaswebgl,P1,dev_0027,dev_0027,1,1.0,True,True,True,True,correct,dev_0027|dev_0060|dev_0019|dev_0054|dev_0011|dev_0038|dev_0048|dev_0007|dev_0055|dev_0006,WebGLChild::FlushPendingCmds merely MOZ_ASSERTs non-null GetCurrentSerialEventTarget()
current_assignee_triager,bmo_1885208,core,css parsing and computation,P4,dev_0060,dev_0060,1,1.0,True,True,True,True,correct,dev_0060|dev_0019|dev_0016|dev_0007|dev_0043|dev_0022|dev_0018|dev_0021|dev_0013|dev_0026,[wpt-sync] Sync PR 45089 - [css-scroll-snap-2] Mark obsolete SnapEvent interface as deprecated.
current_assignee_triager,bmo_1885209,core,graphics: imagelib,--,dev_0056,dev_0056,1,1.0,True,True,True,True,correct,dev_0056|dev_0038|dev_0035|dev_0026|dev_0040|dev_0005|dev_0019|dev_0043|dev_0060|dev_0054,"Assertion failure: aInFormat == gfx::SurfaceFormat::R8G8B8 || aInFormat == gfx::SurfaceFormat::R8G8B8A8 || aInFormat == gfx::SurfaceFormat::R8G8B8X8 || aInFormat == gfx::SurfaceFormat::OS_RGBA || aInFormat == gfx::SurfaceFormat::OS_RGBX, at /builds/worker"
current_assignee_triager,bmo_1885213,core,css parsing and computation,P4,dev_0060,dev_0060,1,1.0,True,True,True,True,correct,dev_0060|dev_0019|dev_0016|dev_0007|dev_0043|dev_0022|dev_0018|dev_0021|dev_0013|dev_0026,[wpt-sync] Sync PR 45090 - End ongoing IFC when inserting anonymous block-level table
current_assignee_triager,bmo_1885215,core,css parsing and computation,P4,dev_0060,dev_0060,1,1.0,True,True,True,True,correct,dev_0060|dev_0019|dev_0016|dev_0007|dev_0043|dev_0022|dev_0018|dev_0021|dev_0013|dev_0026,[wpt-sync] Sync PR 44939 - Add support for auto keyword in CSS calc-size().
current_assignee_triager,bmo_1885216,core,layout: grid,P4,dev_0060,dev_0060,1,1.0,True,True,True,True,correct,dev_0060|dev_0013|dev_0002|dev_0019|dev_0054|dev_0011|dev_0038|dev_0048|dev_0007|dev_0055,[wpt-sync] Sync PR 45091 - Use clearer variable names in grid WPT to avoid spurious MISSING test results.
current_assignee_triager,bmo_1885218,core,security: process sandboxing,P1,dev_0028,dev_0028,1,1.0,True,True,True,True,correct,dev_0028|dev_0019|dev_0023|dev_0060|dev_0054|dev_0011|dev_0038|dev_0048|dev_0007|dev_0055,Add more logging for fatal errors in sandboxed process launch on Linux
current_assignee_triager,bmo_1885220,core,css parsing and computation,P4,dev_0060,dev_0060,1,1.0,True,True,True,True,correct,dev_0060|dev_0019|dev_0016|dev_0007|dev_0043|dev_0022|dev_0018|dev_0021|dev_0013|dev_0026,[wpt-sync] Sync PR 45092 - Add borders to (ok)lab L over 100% tests
current_assignee_triager,bmo_1885223,core,dom: events,--,dev_0017,dev_0040,4,0.25,False,False,True,True,wrong_assignee,dev_0040|dev_0060|dev_0019|dev_0017|dev_0022|dev_0054|dev_0011|dev_0038|dev_0048|dev_0007,Failing WPTs in /pointerevents/pointerevent_after_target_appended.html?mouse
current_assignee_triager,bmo_1885224,core,css parsing and computation,P4,dev_0060,dev_0060,1,1.0,True,True,True,True,correct,dev_0060|dev_0019|dev_0016|dev_0007|dev_0043|dev_0022|dev_0018|dev_0021|dev_0013|dev_0026,[wpt-sync] Sync PR 45093 - Allow finishing anonymous inline-table at the end of inline elements
current_assignee_triager,bmo_1885229,core,dom: core & html,P4,dev_0060,dev_0060,1,1.0,True,True,True,True,correct,dev_0060|dev_0019|dev_0022|dev_0050|dev_0054|dev_0035|dev_0007|dev_0006|dev_0058|dev_0040,[wpt-sync] Sync PR 45094 - DOM: Correct script-in-script atomic move WPT expectations
current_assignee_triager,bmo_1885232,core,dom: ui events & focus handling,--,dev_0040,dev_0040,1,1.0,True,True,True,True,correct,dev_0040|dev_0050|dev_0017|dev_0019|dev_0007|dev_0060|dev_0054|dev_0011|dev_0038|dev_0048,Failing WPTs in /pointerevents/pointerevent_click_during_capture.html?mouse-[click|auxclick]
current_assignee_triager,bmo_1885236,core,dom: core & html,P4,dev_0060,dev_0060,1,1.0,True,True,True,True,correct,dev_0060|dev_0019|dev_0022|dev_0050|dev_0054|dev_0035|dev_0007|dev_0006|dev_0058|dev_0040,[wpt-sync] Sync PR 45096 - Implement <selectedoption> for StylableSelect
current_assignee_triager,bmo_1885238,core,graphics: webgpu,P1,dev_0018,dev_0018,1,1.0,True,True,True,True,correct,dev_0018|dev_0052|dev_0038|dev_0009|dev_0027|dev_0060|dev_0019|dev_0054|dev_0011|dev_0048,GPUCompilationInfo positions wrong
current_assignee_triager,bmo_1885245,core,ipc,P1,dev_0027,dev_0028,2,0.5,False,True,True,True,long_tail_assignee,dev_0028|dev_0027|dev_0046|dev_0017|dev_0060|dev_0019|dev_0054|dev_0011|dev_0038|dev_0048,Remove PlainOldDataSerializer
current_assignee_triager,bmo_1885246,core,ipc,P1,dev_0027,dev_0028,2,0.5,False,True,True,True,long_tail_assignee,dev_0028|dev_0027|dev_0046|dev_0017|dev_0060|dev_0019|dev_0054|dev_0011|dev_0038|dev_0048,Remove PlainOldDataSerializer except in gfx/vr and gfx/layers/wr
current_assignee_triager,bmo_1885249,core,dom: ui events & focus handling,--,dev_0017,dev_0040,3,0.3333333333333333,False,True,True,True,long_tail_assignee,dev_0040|dev_0050|dev_0017|dev_0019|dev_0007|dev_0060|dev_0054|dev_0011|dev_0038|dev_0048,Failing WPTs in /pointerevents/pointerevent_mouse_capture_change_hover.html
current_assignee_triager,bmo_1885251,core,panning and zooming,P3,dev_0022,dev_0056,,0.0,False,False,False,False,long_tail_assignee,dev_0056|dev_0040|dev_0060|dev_0019|dev_0054|dev_0011|dev_0038|dev_0048|dev_0007|dev_0055,"Have the ""Zoom on all websites"" setting force-enable pinch zooming on sites that disable it using `touch-action` values, other than `touch-action: none`"
current_assignee_triager,bmo_1885252,core,storage: indexeddb,P4,dev_0060,dev_0060,1,1.0,True,True,True,True,correct,dev_0060|dev_0035|dev_0019|dev_0054|dev_0011|dev_0038|dev_0048|dev_0007|dev_0055|dev_0006,[wpt-sync] Sync PR 45098 - IDB: idbobjectstore_delete WPT extended to workers in addition to window
current_assignee_triager,bmo_1885254,core,layout,P4,dev_0060,dev_0060,1,1.0,True,True,True,True,correct,dev_0060|dev_0002|dev_0019|dev_0013|dev_0022|dev_0021|dev_0005|dev_0043|dev_0054|dev_0011,[wpt-sync] Sync PR 45099 - Make css grid not push content too far into next fragmentainer
current_assignee_triager,bmo_1885258,core,layout: text and fonts,--,dev_0057,dev_0026,,0.0,False,False,False,False,long_tail_assignee,dev_0026|dev_0060|dev_0022|dev_0019|dev_0054|dev_0011|dev_0038|dev_0048|dev_0007|dev_0055,Remove the IsHidden Exemption for Font Allowlist
current_assignee_triager,bmo_1885259,core,dom: ui events & focus handling,P1,dev_0040,dev_0040,1,1.0,True,True,True,True,correct,dev_0040|dev_0050|dev_0017|dev_0019|dev_0007|dev_0060|dev_0054|dev_0011|dev_0038|dev_0048,Crash in [@ nsCOMPtr<T>::get | nsCOMPtr<T>::operator nsIContent* | nsIFrame::GetContent]
current_assignee_triager,bmo_1885264,firefox,address bar,P5,dev_0001,dev_0001,1,1.0,True,True,True,True,correct,dev_0001|dev_0032|dev_0012|dev_0045|dev_0039|dev_0007|dev_0060|dev_0019|dev_0054|dev_0011,Intermittent browser/components/urlbar/tests/quicksuggest/browser/browser_weather.js | single tracking bug
current_assignee_triager,bmo_1885290,core,dom: core & html,P4,dev_0060,dev_0060,1,1.0,True,True,True,True,correct,dev_0060|dev_0019|dev_0022|dev_0050|dev_0054|dev_0035|dev_0007|dev_0006|dev_0058|dev_0040,"[wpt-sync] Sync PR 45103 - Revert ""Add HandleInvokeInternal on HTMLDialogElement"""
current_assignee_triager,bmo_1885302,firefox,search,P3,dev_0054,dev_0032,2,0.5,False,True,True,True,wrong_assignee,dev_0032|dev_0054|dev_0051|dev_0007|dev_0019|dev_0060|dev_0011|dev_0038|dev_0048|dev_0055,Fix jsdoc @type documentation issues in search code
current_assignee_triager,bmo_1885306,firefox,pdf viewer,--,dev_0011,dev_0011,1,1.0,True,True,True,True,correct,dev_0011|dev_0046|dev_0060|dev_0019|dev_0054|dev_0038|dev_0048|dev_0007|dev_0055|dev_0006,Update PDF.js to new version 30e69956db3110b4a14d24af9f3ee74ae1ea03a7 from 2024-03-12 17:24:37
current_assignee_triager,bmo_1885309,core,networking: jar,P2,dev_0034,dev_0059,3,0.3333333333333333,False,True,True,True,long_tail_assignee,dev_0059|dev_0054|dev_0034|dev_0060|dev_0019|dev_0011|dev_0038|dev_0048|dev_0007|dev_0055,Extend zero_byte_length telemetry to include mjs files
current_assignee_triager,bmo_1885333,core,layout: text and fonts,P4,dev_0060,dev_0060,1,1.0,True,True,True,True,correct,dev_0060|dev_0026|dev_0022|dev_0019|dev_0054|dev_0011|dev_0038|dev_0048|dev_0007|dev_0055,[wpt-sync] Sync PR 45105 - Make trailing space hanging behavior depend on the item's style
current_assignee_triager,bmo_1885337,core,javascript: standard library,P2,dev_0004,dev_0004,1,1.0,True,True,True,True,correct,dev_0004|dev_0049|dev_0060|dev_0019|dev_0054|dev_0011|dev_0038|dev_0048|dev_0007|dev_0055,Initial implementation of Uint8Array to/from base64 proposal
current_assignee_triager,bmo_1885350,core,audio/video: playback,P1,dev_0003,dev_0003,1,1.0,True,True,True,True,correct,dev_0003|dev_0048|dev_0010|dev_0022|dev_0009|dev_0060|dev_0019|dev_0054|dev_0011|dev_0038,navigator.requestMediaKeySystemAccess > 1000x slowdown
current_assignee_triager,bmo_1885365,core,graphics: canvas2d,P3,dev_0005,dev_0038,2,0.5,False,True,True,True,wrong_assignee,dev_0038|dev_0005|dev_0060|dev_0026|dev_0052|dev_0058|dev_0019|dev_0054|dev_0011|dev_0048,Improve canvas error throwing for draw target creation failures
current_assignee_triager,bmo_1885366,firefox,profile backup,P3,dev_0041,dev_0041,1,1.0,True,True,True,True,correct,dev_0041|dev_0054|dev_0060|dev_0019|dev_0011|dev_0038|dev_0048|dev_0007|dev_0055|dev_0006,Make sure the BackupResource class exists in source docs
current_assignee_triager,bmo_1885372,firefox,profile backup,P1,dev_0041,dev_0041,1,1.0,True,True,True,True,correct,dev_0041|dev_0044|dev_0045|dev_0060|dev_0019|dev_0054|dev_0011|dev_0038|dev_0048|dev_0007,Implement a basic `createBackup` method on BackupService
current_assignee_triager,bmo_1885376,core,graphics: webrender,--,dev_0009,dev_0009,1,1.0,True,True,True,True,correct,dev_0009|dev_0056|dev_0002|dev_0043|dev_0005|dev_0038|dev_0037|dev_0060|dev_0019|dev_0054,6.2% ts_paint_webext (Windows) regression on Thu March 7 2024
current_assignee_triager,bmo_1885388,core,css parsing and computation,P4,dev_0060,dev_0060,1,1.0,True,True,True,True,correct,dev_0060|dev_0019|dev_0016|dev_0007|dev_0043|dev_0022|dev_0018|dev_0021|dev_0013|dev_0026,[wpt-sync] Sync PR 45106 - [css-anchor-position] Limit position options list to five
current_assignee_triager,bmo_1885390,core,dom: credential management,P4,dev_0060,dev_0060,1,1.0,True,True,True,True,correct,dev_0060|dev_0019|dev_0054|dev_0011|dev_0038|dev_0048|dev_0007|dev_0055|dev_0006|dev_0022,[wpt-sync] Sync PR 45107 - [FedCM] Enable CORS in ID assertion endpoint
current_assignee_triager,bmo_1885396,core,audio/video: playback,P1,dev_0003,dev_0003,1,1.0,True,True,True,True,correct,dev_0003|dev_0048|dev_0010|dev_0022|dev_0009|dev_0060|dev_0019|dev_0054|dev_0011|dev_0038,[wmfme] disable media engine pref on Dev Edition
current_assignee_triager,bmo_1885401,core,javascript engine,--,dev_0006,dev_0053,3,0.3333333333333333,False,True,True,True,wrong_assignee,dev_0053|dev_0004|dev_0006|dev_0042|dev_0025|dev_0024|dev_0059|dev_0050|dev_0058|dev_0060,JSString::dumpCharsNoQuote stack exhaustion
current_assignee_triager,bmo_1885403,firefox,profile backup,--,dev_0041,dev_0041,1,1.0,True,True,True,True,correct,dev_0041|dev_0060|dev_0019|dev_0054|dev_0011|dev_0038|dev_0048|dev_0007|dev_0055|dev_0006,Add legacy telemetry mirror for browser.backup.prof_d_disk_space Glean probe
current_assignee_triager,bmo_1885409,core,css parsing and computation,P4,dev_0060,dev_0060,1,1.0,True,True,True,True,correct,dev_0060|dev_0019|dev_0016|dev_0007|dev_0043|dev_0022|dev_0018|dev_0021|dev_0013|dev_0026,[wpt-sync] Sync PR 45109 - [css-scroll-snap-2] Switch snapchanged to updated SnapEvent interface
current_assignee_triager,bmo_1885412,core,layout,P4,dev_0060,dev_0060,1,1.0,True,True,True,True,correct,dev_0060|dev_0013|dev_0019|dev_0002|dev_0022|dev_0021|dev_0005|dev_0043|dev_0054|dev_0011,[wpt-sync] Sync PR 45111 - Add new print mode grid overflow test
current_assignee_triager,bmo_1885416,core,dom: credential management,P4,dev_0060,dev_0060,1,1.0,True,True,True,True,correct,dev_0060|dev_0019|dev_0054|dev_0011|dev_0038|dev_0048|dev_0007|dev_0055|dev_0006|dev_0022,[wpt-sync] Sync PR 45112 - [FedCM] Don't allow popups for mediation:silent or without user gesture
current_assignee_triager,bmo_1885441,core,css parsing and computation,P4,dev_0060,dev_0060,1,1.0,True,True,True,True,correct,dev_0060|dev_0019|dev_0016|dev_0007|dev_0043|dev_0022|dev_0018|dev_0021|dev_0013|dev_0026,[wpt-sync] Sync PR 45114 - [css-scroll-snap-2] Switch snapchanging to updated SnapEvents interface
current_assignee_triager,bmo_1885443,core,javascript engine,--,dev_0024,dev_0024,1,1.0,True,True,True,True,correct,dev_0024|dev_0050|dev_0040|dev_0006|dev_0004|dev_0025|dev_0053|dev_0042|dev_0059|dev_0058,"Assertion failure: mModuleScript->HadImportMap() == childScript->HadImportMap(), at /builds/worker/checkouts/gecko/js/loader/ModuleLoadRequest.cpp:219"
current_assignee_triager,bmo_1885446,core,graphics: canvaswebgl,P2,dev_0009,dev_0027,,0.0,False,False,False,False,long_tail_assignee,dev_0027|dev_0018|dev_0060|dev_0019|dev_0054|dev_0011|dev_0038|dev_0048|dev_0007|dev_0055,webgl.unpackColorSpace not supported
current_assignee_triager,bmo_1885447,core,graphics: color management,P1,dev_0027,dev_0027,1,1.0,True,True,True,True,correct,dev_0027|dev_0043|dev_0005|dev_0060|dev_0019|dev_0054|dev_0011|dev_0038|dev_0048|dev_0007,Tonemap/color-manage webgl sdr/wcg output into Display profile as pre-compositor post-process.
current_assignee_triager,bmo_1885451,core,graphics: webrender,P2,dev_0009,dev_0009,1,1.0,True,True,True,True,correct,dev_0009|dev_0043|dev_0056|dev_0005|dev_0037|dev_0038|dev_0060|dev_0019|dev_0054|dev_0011,ExternalSurfaces can't be relied on to reach e.g. DCLayerTree
current_assignee_triager,bmo_1885475,core,javascript engine,P1,dev_0006,dev_0006,1,1.0,True,True,True,True,correct,dev_0006|dev_0042|dev_0004|dev_0025|dev_0053|dev_0024|dev_0059|dev_0050|dev_0058|dev_0060,[loongarch] Failed to dumpValue for floating-point value
current_assignee_triager,bmo_1885489,core,javascript engine: jit,P1,dev_0004,dev_0004,1,1.0,True,True,True,True,correct,dev_0004|dev_0042|dev_0025|dev_0006|dev_0024|dev_0060|dev_0019|dev_0054|dev_0011|dev_0038,"Assertion failure: isInt32(), at js/Value.h:942"
current_assignee_triager,bmo_1885490,core,graphics,--,dev_0052,dev_0005,3,0.3333333333333333,False,True,True,True,wrong_assignee,dev_0005|dev_0060|dev_0052|dev_0027|dev_0038|dev_0009|dev_0043|dev_0037|dev_0055|dev_0019,Add a capability to disable RemoteTexture recycling
current_assignee_triager,bmo_1885491,core,graphics: canvaswebgl,P1,dev_0027,dev_0027,1,1.0,True,True,True,True,correct,dev_0027|dev_0060|dev_0019|dev_0054|dev_0011|dev_0038|dev_0048|dev_0007|dev_0055|dev_0006,Ship webgl.drawingBufferColorSpace
current_assignee_triager,bmo_1885500,core,graphics: webgpu,--,dev_0052,dev_0018,2,0.5,False,True,True,True,wrong_assignee,dev_0018|dev_0052|dev_0038|dev_0009|dev_0027|dev_0060|dev_0019|dev_0054|dev_0011|dev_0048,"[WebGPU] with sw-wr and dx12-no-readback, webgpu demo  will crash the whole browser"
current_assignee_triager,bmo_1885502,core,dom: core & html,P4,dev_0060,dev_0060,1,1.0,True,True,True,True,correct,dev_0060|dev_0017|dev_0022|dev_0019|dev_0050|dev_0054|dev_0035|dev_0007|dev_0006|dev_0058,[wpt-sync] Sync PR 45119 - Avoid firing blur & focusout events when removing a node
current_assignee_triager,bmo_1885505,firefox,pdf viewer,P1,dev_0011,dev_0011,1,1.0,True,True,True,True,correct,dev_0011|dev_0060|dev_0019|dev_0054|dev_0038|dev_0048|dev_0007|dev_0055|dev_0006|dev_0022,Screen readers will not read highlighted text inside a PDF
current_assignee_triager,bmo_1885507,core,css parsing and computation,P4,dev_0060,dev_0060,1,1.0,True,True,True,True,correct,dev_0060|dev_0019|dev_0016|dev_0007|dev_0043|dev_0022|dev_0018|dev_0021|dev_0013|dev_0026,[wpt-sync] Sync PR 45120 - [css-position-anchor] anchor-default -> position-anchor
current_assignee_triager,bmo_1885521,core,widget: gtk,--,dev_0019,dev_0055,2,0.5,False,True,True,True,wrong_assignee,dev_0055|dev_0019|dev_0013|dev_0060|dev_0054|dev_0011|dev_0038|dev_0048|dev_0007|dev_0006,"Use GetWidgetScreen in Element.screen, so as to make it work on Wayland."
current_assignee_triager,bmo_1885526,core,css parsing and computation,P4,dev_0060,dev_0060,1,1.0,True,True,True,True,correct,dev_0060|dev_0019|dev_0016|dev_0007|dev_0043|dev_0022|dev_0018|dev_0021|dev_0013|dev_0026,[wpt-sync] Sync PR 45122 - View-transitions should only be allowed when page is visible
current_assignee_triager,bmo_1885529,core,networking: dns,P2,dev_0059,dev_0059,1,1.0,True,True,True,True,correct,dev_0059|dev_0060|dev_0019|dev_0054|dev_0011|dev_0038|dev_0048|dev_0007|dev_0055|dev_0006,Investigate increase in DNS queueing time with native HTTPS records
current_assignee_triager,bmo_1885545,core,css parsing and computation,P4,dev_0060,dev_0060,1,1.0,True,True,True,True,correct,dev_0060|dev_0019|dev_0016|dev_0007|dev_0043|dev_0022|dev_0018|dev_0021|dev_0013|dev_0026,[wpt-sync] Sync PR 45125 - Fix separator handling for legacy syntax colors
current_assignee_triager,bmo_1885546,core,graphics: canvas2d,P4,dev_0060,dev_0060,1,1.0,True,True,True,True,correct,dev_0060|dev_0038|dev_0005|dev_0026|dev_0058|dev_0052|dev_0019|dev_0054|dev_0011|dev_0048,[wpt-sync] Sync PR 45126 - CanvasGradient addColorStop supports color-mix
current_assignee_triager,bmo_1885548,core,css parsing and computation,P4,dev_0060,dev_0060,1,1.0,True,True,True,True,correct,dev_0060|dev_0019|dev_0016|dev_0007|dev_0043|dev_0022|dev_0018|dev_0021|dev_0013|dev_0026,[wpt-sync] Sync PR 45127 - Simplify control flow in parts of ColorFunctionParser
current_assignee_triager,bmo_1885549,core,dom: core & html,P4,dev_0060,dev_0060,1,1.0,True,True,True,True,correct,dev_0060|dev_0019|dev_0022|dev_0050|dev_0054|dev_0035|dev_0007|dev_0006|dev_0058|dev_0040,"[wpt-sync] Sync PR 45124 - Revert ""[PEPC] Add restrictions to word-spacing for PEPC"""
current_assignee_triager,bmo_1885558,core,dom: animation,P4,dev_0060,dev_0060,1,1.0,True,True,True,True,correct,dev_0060|dev_0019|dev_0022|dev_0037|dev_0054|dev_0011|dev_0038|dev_0048|dev_0007|dev_0055,[wpt-sync] Sync PR 45129 - Port flaky animations/reponsive tests to WPT
current_assignee_triager,bmo_1885598,core,dom: navigation,--,dev_0057,dev_0019,,0.0,False,False,False,False,long_tail_assignee,dev_0019|dev_0046|dev_0022|dev_0058|dev_0060|dev_0054|dev_0011|dev_0038|dev_0048|dev_0007,Improve and Clean up some privileged-mozilla-content-process code
current_assignee_triager,bmo_1885600,core,dom: core & html,P4,dev_0060,dev_0060,1,1.0,True,True,True,True,correct,dev_0060|dev_0019|dev_0022|dev_0050|dev_0054|dev_0035|dev_0007|dev_0006|dev_0058|dev_0040,[wpt-sync] Sync PR 45133 - Attempt to de-flake sandbox top navigation WPTs.
current_assignee_triager,bmo_1885601,core,css transitions and animations,P4,dev_0060,dev_0060,1,1.0,True,True,True,True,correct,dev_0060|dev_0019|dev_0054|dev_0011|dev_0038|dev_0048|dev_0007|dev_0055|dev_0006|dev_0022,[wpt-sync] Sync PR 45134 - Port flaky animations/stability tests to WPT
